"D:/CG/UE/VFX01/Slime/Slime.uproject" 1
"../../../Engine/Plugins/AudioGameplayVolume/AudioGameplayVolume.uplugin" 2
"../../../Engine/Plugins/AudioInsights/AudioInsights.uplugin" 3
"../../../Engine/Plugins/AudioGameplay/AudioGameplay.uplugin" 4
"../../../Engine/Plugins/ChaosCloth/ChaosCloth.uplugin" 5
"../../../Engine/Plugins/ChaosClothAsset/ChaosClothAsset.uplugin" 6
"../../../Engine/Plugins/BlueprintFileUtils/BlueprintFileUtils.uplugin" 7
"../../../Engine/Plugins/ChaosInsights/ChaosInsights.uplugin" 8
"../../../Engine/Plugins/ChaosVD/ChaosVD.uplugin" 9
"../../../Engine/Plugins/Bridge/Bridge.uplugin" 10
"../../../Engine/Plugins/CmdLinkServer/CmdLinkServer.uplugin" 11
"../../../Engine/Plugins/DiscoveryBeaconReceiver/DiscoveryBeaconReceiver.uplugin" 12
"../../../Engine/Plugins/Chooser/Chooser.uplugin" 13
"../../../Engine/Plugins/ChaosClothAssetEditor/ChaosClothAssetEditor.uplugin" 14
"../../../Engine/Plugins/JsonBlueprintUtilities/JsonBlueprintUtilities.uplugin" 15
"../../../Engine/Plugins/MemoryUsageQueries/MemoryUsageQueries.uplugin" 16
"../../../Engine/Plugins/FastBuildController/FastBuildController.uplugin" 17
"../../../Engine/Plugins/MassInsights/MassInsights.uplugin" 18
"../../../Engine/Plugins/IoStoreInsights/IoStoreInsights.uplugin" 19
"../../../Engine/Plugins/Fab/Fab.uplugin" 20
"../../../Engine/Plugins/MeshPainting/MeshPainting.uplugin" 21
"../../../Engine/Plugins/PCG/PCG.uplugin" 22
"../../../Engine/Plugins/LightWeightInstancesEditor/LightWeightInstancesEditor.uplugin" 23
"../../../Engine/Plugins/Mutable/Mutable.uplugin" 24
"../../../Engine/Plugins/ScriptPlugin/ScriptPlugin.uplugin" 25
"../../../Engine/Plugins/EnhancedInput/EnhancedInput.uplugin" 26
"../../../Engine/Plugins/TextureGraph/TextureGraph.uplugin" 27
"../../../Engine/Plugins/TraceUtilities/TraceUtilities.uplugin" 28
"../../../Engine/Plugins/UbaController/UbaController.uplugin" 29
"../../../Engine/Plugins/RenderGraphInsights/RenderGraphInsights.uplugin" 30
"../../../Engine/Plugins/WorldMetrics/WorldMetrics.uplugin" 31
"../../../Engine/Plugins/Compositing/OpenColorIO/OpenColorIO.uplugin" 32
"../../../Engine/Plugins/XGEController/XGEController.uplugin" 33
"../../../Engine/Plugins/Compositing/Composure/Composure.uplugin" 34
"../../../Engine/Plugins/Compositing/OpenCVLensDistortion/OpenCVLensDistortion.uplugin" 35
"../../../Engine/Plugins/Editor/AssetManagerEditor/AssetManagerEditor.uplugin" 36
"../../../Engine/Plugins/Editor/AssetReferenceRestrictions/AssetReferenceRestrictions.uplugin" 37
"../../../Engine/Plugins/Editor/ChangelistReview/ChangelistReview.uplugin" 38
"../../../Engine/Plugins/Compositing/LensDistortion/LensDistortion.uplugin" 39
"../../../Engine/Plugins/Editor/AssetRegistryExport/AssetRegistryExport.uplugin" 40
"../../../Engine/Plugins/Editor/BlueprintHeaderView/BlueprintHeaderView.uplugin" 41
"../../../Engine/Plugins/Editor/AssetSearch/AssetSearch.uplugin" 42
"../../../Engine/Plugins/Editor/BlueprintMaterialTextureNodes/BlueprintMaterialTextureNodes.uplugin" 43
"../../../Engine/Plugins/Editor/ConsoleVariablesEditor/ConsoleVariables.uplugin" 44
"../../../Engine/Plugins/Editor/ColorGrading/ColorGrading.uplugin" 45
"../../../Engine/Plugins/Editor/EditorDebugTools/EditorDebugTools.uplugin" 46
"../../../Engine/Plugins/Editor/DataValidation/DataValidation.uplugin" 47
"../../../Engine/Plugins/Editor/CryptoKeys/CryptoKeys.uplugin" 48
"../../../Engine/Plugins/Editor/DisplayClusterLaunch/DisplayClusterLaunch.uplugin" 49
"../../../Engine/Plugins/Editor/CurveEditorTools/CurveEditorTools.uplugin" 50
"../../../Engine/Plugins/Editor/GameplayTagsEditor/GameplayTagsEditor.uplugin" 51
"../../../Engine/Plugins/Editor/EditorSysConfigAssistant/EditorSysConfigAssistant.uplugin" 52
"../../../Engine/Plugins/Editor/FacialAnimation/FacialAnimation.uplugin" 53
"../../../Engine/Plugins/Editor/EngineAssetDefinitions/EngineAssetDefinitions.uplugin" 54
"../../../Engine/Plugins/Editor/MeshLODToolset/MeshLODToolset.uplugin" 55
"../../../Engine/Plugins/Editor/MacGraphicsSwitching/MacGraphicsSwitching.uplugin" 56
"../../../Engine/Plugins/Editor/GeometryMode/GeometryMode.uplugin" 57
"../../../Engine/Plugins/Editor/PluginBrowser/PluginBrowser.uplugin" 58
"../../../Engine/Plugins/Editor/ProxyLODPlugin/ProxyLODPlugin.uplugin" 59
"../../../Engine/Plugins/Editor/MaterialAnalyzer/MaterialAnalyzer.uplugin" 60
"../../../Engine/Plugins/Editor/ScriptableToolsEditorMode/ScriptableToolsEditorMode.uplugin" 61
"../../../Engine/Plugins/Editor/LiveUpdateForSlate/LiveUpdateForSlate.uplugin" 62
"../../../Engine/Plugins/Editor/ModelViewViewModelPreview/ModelViewViewModelPreview.uplugin" 63
"../../../Engine/Plugins/Editor/SequencerAnimTools/SequencerAnimTools.uplugin" 64
"../../../Engine/Plugins/Editor/MobileLauncherProfileWizard/MobileLauncherProfileWizard.uplugin" 65
"../../../Engine/Plugins/Editor/SampleToolsEditorMode/SampleToolsEditorMode.uplugin" 66
"../../../Engine/Plugins/Editor/UMGWidgetPreview/UMGWidgetPreview.uplugin" 67
"../../../Engine/Plugins/Editor/EditorScriptingUtilities/EditorScriptingUtilities.uplugin" 68
"../../../Engine/Plugins/Editor/StylusInput/StylusInput.uplugin" 69
"../../../Engine/Plugins/Editor/UVEditor/UVEditor.uplugin" 70
"../../../Engine/Plugins/Editor/StaticMeshEditorModeling/StaticMeshEditorModeling.uplugin" 71
"../../../Engine/Plugins/Editor/ModelingToolsEditorMode/ModelingToolsEditorMode.uplugin" 72
"../../../Engine/Plugins/Editor/WaveformEditor/WaveformEditor.uplugin" 73
"../../../Engine/Plugins/Experimental/AbilitySystemGameFeatureActions/AbilitySystemGameFeatureActions.uplugin" 74
"../../../Engine/Plugins/Editor/MakeCookedEditorAsDLC/MakeCookedEditorAsDLC.uplugin" 75
"../../../Engine/Plugins/Experimental/AdvancedRenamer/AdvancedRenamer.uplugin" 76
"../../../Engine/Plugins/Editor/WorldPartitionHLODUtilities/WorldPartitionHLODUtilities.uplugin" 77
"../../../Engine/Plugins/Experimental/AnimNextChooser/AnimNextChooser.uplugin" 78
"../../../Engine/Plugins/Experimental/AnimNext/AnimNext.uplugin" 79
"../../../Engine/Plugins/Experimental/AnimNextControlRig/AnimNextControlRig.uplugin" 80
"../../../Engine/Plugins/Experimental/ActorPalette/ActorPalette.uplugin" 81
"../../../Engine/Plugins/Editor/SpeedTreeImporter/SpeedTreeImporter.uplugin" 82
"../../../Engine/Plugins/Experimental/AsyncMessageSystemTests/AsyncMessageSystemTests.uplugin" 83
"../../../Engine/Plugins/Experimental/AnimNextAnimGraph/AnimNextAnimGraph.uplugin" 84
"../../../Engine/Plugins/Editor/GuidedTutorials/GuidedTutorials.uplugin" 85
"../../../Engine/Plugins/Experimental/AnimToTexture/AnimToTexture.uplugin" 86
"../../../Engine/Plugins/Experimental/AnimNextStateTree/AnimNextStateTree.uplugin" 87
"../../../Engine/Plugins/Experimental/AutomationUtils/AutomationUtils.uplugin" 88
"../../../Engine/Plugins/Experimental/AvalancheSceneState/AvalancheSceneState.uplugin" 89
"../../../Engine/Plugins/Experimental/AnimNextWarping/AnimNextWarping.uplugin" 90
"../../../Engine/Plugins/Experimental/AvalancheDataLink/AvalancheDataLink.uplugin" 91
"../../../Engine/Plugins/Experimental/AvalancheDisplayCluster/AvalancheDisplayCluster.uplugin" 92
"../../../Engine/Plugins/Experimental/AvalancheSequenceNavigator/AvalancheSequenceNavigator.uplugin" 93
"../../../Engine/Plugins/Experimental/AsyncMessageSystem/AsyncMessageSystem.uplugin" 94
"../../../Engine/Plugins/Experimental/AnimNextPoseSearch/AnimNextPoseSearch.uplugin" 95
"../../../Engine/Plugins/Experimental/BlueprintSnapNodes/BlueprintSnapNodes.uplugin" 96
"../../../Engine/Plugins/Experimental/BackChannel/BackChannel.uplugin" 97
"../../../Engine/Plugins/Experimental/BlueprintStats/BlueprintStats.uplugin" 98
"../../../Engine/Plugins/Experimental/ChaosModularVehicle/ChaosModularVehicle.uplugin" 99
"../../../Engine/Plugins/Experimental/ChaosCaching/ChaosCaching.uplugin" 100
"../../../Engine/Plugins/Experimental/ChaosCachingUSD/ChaosCachingUSD.uplugin" 101
"../../../Engine/Plugins/Experimental/CelestialVault/CelestialVault.uplugin" 102
"../../../Engine/Plugins/Experimental/Buoyancy/Buoyancy.uplugin" 103
"../../../Engine/Plugins/Experimental/ChaosModularVehicleExamples/ChaosModularVehicleExamples.uplugin" 104
"../../../Engine/Plugins/Experimental/ChaosFlesh/ChaosFlesh.uplugin" 105
"../../../Engine/Plugins/Experimental/ChaosClothEditor/ChaosClothEditor.uplugin" 106
"../../../Engine/Plugins/Experimental/ChaosMover/ChaosMover.uplugin" 107
"../../../Engine/Plugins/Experimental/ChaosVehiclesPlugin/ChaosVehiclesPlugin.uplugin" 108
"../../../Engine/Plugins/Experimental/ChaosSolverPlugin/ChaosSolverPlugin.uplugin" 109
"../../../Engine/Plugins/Experimental/CineCameraRigs/CineCameraRigs.uplugin" 110
"../../../Engine/Plugins/Experimental/CommonConversation/CommonConversation.uplugin" 111
"../../../Engine/Plugins/Experimental/ChaosNiagara/ChaosNiagara.uplugin" 112
"../../../Engine/Plugins/Experimental/ColorCorrectRegions/ColorCorrectRegions.uplugin" 113
"../../../Engine/Plugins/Experimental/CodeEditor/CodeEditor.uplugin" 114
"../../../Engine/Plugins/Experimental/CodeView/CodeView.uplugin" 115
"../../../Engine/Plugins/Experimental/CineCameraSceneCapture/CineCameraSceneCapture.uplugin" 116
"../../../Engine/Plugins/Experimental/CinematicPrestreaming/CinematicPrestreaming.uplugin" 117
"../../../Engine/Plugins/Experimental/ChaosOutfitAsset/ChaosOutfitAsset.uplugin" 118
"../../../Engine/Plugins/Experimental/DaySequence/DaySequence.uplugin" 119
"../../../Engine/Plugins/Experimental/CharacterAI/CharacterAI.uplugin" 120
"../../../Engine/Plugins/Experimental/DefaultInstallBundleManager/DefaultInstallBundleManager.uplugin" 121
"../../../Engine/Plugins/Experimental/Dataflow/Dataflow.uplugin" 122
"../../../Engine/Plugins/Experimental/EditorDataStorage/EditorDataStorage.uplugin" 123
"../../../Engine/Plugins/Experimental/DynamicMaterialMediaStreamBridge/DynamicMaterialMediaStreamBridge.uplugin" 124
"../../../Engine/Plugins/Experimental/ControlFlows/ControlFlows.uplugin" 125
"../../../Engine/Plugins/Experimental/DataLinkOAuth/DataLinkOAuth.uplugin" 126
"../../../Engine/Plugins/Experimental/EditorDataStorageFeatures/EditorDataStorageFeatures.uplugin" 127
"../../../Engine/Plugins/Experimental/ChaosUserDataPT/ChaosUserDataPT.uplugin" 128
"../../../Engine/Plugins/Experimental/FastGeoStreaming/FastGeoStreaming.uplugin" 129
"../../../Engine/Plugins/Experimental/Fracture/Fracture.uplugin" 130
"../../../Engine/Plugins/Experimental/FloatingProperties/FloatingProperties.uplugin" 131
"../../../Engine/Plugins/Experimental/EvaluationNotifies/EvaluationNotifies.uplugin" 132
"../../../Engine/Plugins/Experimental/FullBodyIK/FullBodyIK.uplugin" 133
"../../../Engine/Plugins/Experimental/DataLink/DataLink.uplugin" 134
"../../../Engine/Plugins/Experimental/GameInputWindows/GameInputWindows.uplugin" 135
"../../../Engine/Plugins/Experimental/ChaosEditor/ChaosEditor.uplugin" 136
"../../../Engine/Plugins/Experimental/EditorPerformance/EditorPerformance.uplugin" 137
"../../../Engine/Plugins/Experimental/GameplayTargetingSystem/TargetingSystem.uplugin" 138
"../../../Engine/Plugins/Experimental/GameplayBehaviors/GameplayBehaviors.uplugin" 139
"../../../Engine/Plugins/Experimental/EditorTelemetry/EditorTelemetry.uplugin" 140
"../../../Engine/Plugins/Experimental/Gauntlet/Gauntlet.uplugin" 141
"../../../Engine/Plugins/Experimental/GeometryCacheAbcFile/GeometryCacheAbcFile.uplugin" 142
"../../../Engine/Plugins/Experimental/FieldSystemPlugin/FieldSystemPlugin.uplugin" 143
"../../../Engine/Plugins/Experimental/GeometryCacheLevelSequenceBaker/GeometryCacheLevelSequenceBaker.uplugin" 144
"../../../Engine/Plugins/Experimental/GameplayGraph/GameplayGraph.uplugin" 145
"../../../Engine/Plugins/Experimental/GeometryFlow/GeometryFlow.uplugin" 146
"../../../Engine/Plugins/Experimental/GizmoFramework/GizmoFramework.uplugin" 147
"../../../Engine/Plugins/Experimental/HairCardGenerator/HairCardGenerator.uplugin" 148
"../../../Engine/Plugins/Experimental/GeometryDataflow/GeometryDataflow.uplugin" 149
"../../../Engine/Plugins/Experimental/GizmoEdMode/GizmoEdMode.uplugin" 150
"../../../Engine/Plugins/Experimental/GPULightmass/GPULightmass.uplugin" 151
"../../../Engine/Plugins/Experimental/HairStrandsMutable/HairStrandsMutable.uplugin" 152
"../../../Engine/Plugins/Experimental/GeometryCollectionPlugin/GeometryCollectionPlugin.uplugin" 153
"../../../Engine/Plugins/Experimental/InstanceDataObjectFixupTool/InstanceDataObjectFixupTool.uplugin" 154
"../../../Engine/Plugins/Experimental/ImagePlate/ImagePlate.uplugin" 155
"../../../Engine/Plugins/Experimental/ImageWidgets/ImageWidgets.uplugin" 156
"../../../Engine/Plugins/Experimental/Iris/Iris.uplugin" 157
"../../../Engine/Plugins/Experimental/LandscapePatch/LandscapePatch.uplugin" 158
"../../../Engine/Plugins/Experimental/HairModelingToolset/HairModelingToolset.uplugin" 159
"../../../Engine/Plugins/Experimental/InlineMaterialInstance/InlineMaterialInstance.uplugin" 160
"../../../Engine/Plugins/Experimental/Landmass/Landmass.uplugin" 161
"../../../Engine/Plugins/Experimental/LiveLinkFaceImporter/LiveLinkFaceImporter.uplugin" 162
"../../../Engine/Plugins/Experimental/LearningAgents/LearningAgents.uplugin" 163
"../../../Engine/Plugins/Experimental/LiveLinkOpenVR/LiveLinkOpenVR.uplugin" 164
"../../../Engine/Plugins/Experimental/InteractionInterface/InteractionInterface.uplugin" 165
"../../../Engine/Plugins/Experimental/LocalizableMessage/LocalizableMessage.uplugin" 166
"../../../Engine/Plugins/Experimental/JWT/JWT.uplugin" 167
"../../../Engine/Plugins/Experimental/ImpostorBaker/ImpostorBaker.uplugin" 168
"../../../Engine/Plugins/Experimental/MeshResizing/MeshResizing.uplugin" 169
"../../../Engine/Plugins/Experimental/MotorSimOutputMotoSynth/MotorSimOutputMotoSynth.uplugin" 170
"../../../Engine/Plugins/Experimental/LiveLinkControlRig/LiveLinkControlRig.uplugin" 171
"../../../Engine/Plugins/Experimental/LevelSequenceNavigatorBridge/LevelSequenceNavigatorBridge.uplugin" 172
"../../../Engine/Plugins/Experimental/MoverExamples/MoverExamples.uplugin" 173
"../../../Engine/Plugins/Experimental/MediaViewer/MediaViewer.uplugin" 174
"../../../Engine/Plugins/Experimental/MLflow/MLflow.uplugin" 175
"../../../Engine/Plugins/Experimental/Mover/Mover.uplugin" 176
"../../../Engine/Plugins/Experimental/MeshModelingToolsetExp/MeshModelingToolsetExp.uplugin" 177
"../../../Engine/Plugins/Experimental/MovieSceneAnimMixer/MovieSceneAnimMixer.uplugin" 178
"../../../Engine/Plugins/Experimental/MetasoundExperimental/MetasoundExperimental.uplugin" 179
"../../../Engine/Plugins/Experimental/MutablePopulation/MutablePopulation.uplugin" 180
"../../../Engine/Plugins/Experimental/MutableClothing/MutableClothing.uplugin" 181
"../../../Engine/Plugins/Experimental/LowLevelNetTrace/LowLevelNetTrace.uplugin" 182
"../../../Engine/Plugins/Experimental/MediaStream/MediaStream.uplugin" 183
"../../../Engine/Plugins/Experimental/NNERuntimeBasicCpu/NNERuntimeBasicCpu.uplugin" 184
"../../../Engine/Plugins/Experimental/MovieScenePoseSearchTracks/MovieScenePoseSearchTracks.uplugin" 185
"../../../Engine/Plugins/Experimental/MotoSynth/MotoSynth.uplugin" 186
"../../../Engine/Plugins/Experimental/MoverAnimNext/MoverAnimNext.uplugin" 187
"../../../Engine/Plugins/Experimental/NNERuntimeIREE/NNERuntimeIREE.uplugin" 188
"../../../Engine/Plugins/Experimental/NNERuntimeRDG/NNERuntimeRDG.uplugin" 189
"../../../Engine/Plugins/Experimental/NeuralRendering/NeuralRendering.uplugin" 190
"../../../Engine/Plugins/Experimental/NFORDenoise/NFORDenoise.uplugin" 191
"../../../Engine/Plugins/Experimental/PCGBiomeCore/PCGBiomeCore.uplugin" 192
"../../../Engine/Plugins/Experimental/NaniteDisplacedMesh/NaniteDisplacedMesh.uplugin" 193
"../../../Engine/Plugins/Experimental/PanoramicCapture/PanoramicCapture.uplugin" 194
"../../../Engine/Plugins/Experimental/OptiXDenoise/OptiXDenoise.uplugin" 195
"../../../Engine/Plugins/Experimental/MoverIntegrations/MoverIntegrations.uplugin" 196
"../../../Engine/Plugins/Experimental/PCGBiomeSample/PCGBiomeSample.uplugin" 197
"../../../Engine/Plugins/Experimental/PhysicsControl/PhysicsControl.uplugin" 198
"../../../Engine/Plugins/Experimental/OpenImageDenoise/OpenImageDenoise.uplugin" 199
"../../../Engine/Plugins/Experimental/PlainPropsUObject/PlainPropsUObject.uplugin" 200
"../../../Engine/Plugins/Experimental/PlainProps/PlainProps.uplugin" 201
"../../../Engine/Plugins/Experimental/PlanarCutPlugin/PlanarCut.uplugin" 202
"../../../Engine/Plugins/Experimental/PluginAudit/PluginAudit.uplugin" 203
"../../../Engine/Plugins/Experimental/PostProcessMaterialChainGraph/PostProcessMaterialChainGraph.uplugin" 204
"../../../Engine/Plugins/Experimental/QuicMessaging/QuicMessaging.uplugin" 205
"../../../Engine/Plugins/Experimental/RawInput/RawInput.uplugin" 206
"../../../Engine/Plugins/Experimental/PixelStreamingPlayer/PixelStreamingPlayer.uplugin" 207
"../../../Engine/Plugins/Experimental/PythonScriptPlugin/PythonScriptPlugin.uplugin" 208
"../../../Engine/Plugins/Experimental/PythonFoundationPackages/PythonFoundationPackages.uplugin" 209
"../../../Engine/Plugins/Experimental/RemoteControlComponents/RemoteControlComponents.uplugin" 210
"../../../Engine/Plugins/Experimental/SceneState/SceneState.uplugin" 211
"../../../Engine/Plugins/Experimental/RazerChromaDevices/RazerChromaDevices.uplugin" 212
"../../../Engine/Plugins/Experimental/RigLogicAnimNext/RigLogicAnimNext.uplugin" 213
"../../../Engine/Plugins/Experimental/PSDImporter/PSDImporter.uplugin" 214
"../../../Engine/Plugins/Experimental/PluginReferenceViewer/PluginReferenceViewer.uplugin" 215
"../../../Engine/Plugins/Experimental/PluginTemplateTool/PluginTemplateTool.uplugin" 216
"../../../Engine/Plugins/Experimental/RemoteSession/RemoteSession.uplugin" 217
"../../../Engine/Plugins/Experimental/SequenceNavigator/SequenceNavigator.uplugin" 218
"../../../Engine/Plugins/Experimental/MoverTests/MoverTests.uplugin" 219
"../../../Engine/Plugins/Experimental/ScreenReader/ScreenReader.uplugin" 220
"../../../Engine/Plugins/Experimental/SerializationUtils/SerializationUtils.uplugin" 221
"../../../Engine/Plugins/Experimental/SecuritySandbox/SecuritySandbox.uplugin" 222
"../../../Engine/Plugins/Experimental/NNERuntimeCoreML/NNERuntimeCoreML.uplugin" 223
"../../../Engine/Plugins/Experimental/SkeletalReduction/SkeletalReduction.uplugin" 224
"../../../Engine/Plugins/Experimental/SlateScreenReader/SlateScreenReader.uplugin" 225
"../../../Engine/Plugins/Experimental/RenderGrid/RenderGrid.uplugin" 226
"../../../Engine/Plugins/Experimental/SpatialReadiness/SpatialReadiness.uplugin" 227
"../../../Engine/Plugins/Experimental/SlateIM/SlateIM.uplugin" 228
"../../../Engine/Plugins/Experimental/PlatformCrypto/PlatformCrypto.uplugin" 229
"../../../Engine/Plugins/Experimental/PSDImporterMaterialDesignerBridge/PSDImporterMaterialDesignerBridge.uplugin" 230
"../../../Engine/Plugins/Experimental/StructUtils/StructUtils.uplugin" 231
"../../../Engine/Plugins/Experimental/RuntimeTelemetry/RuntimeTelemetry.uplugin" 232
"../../../Engine/Plugins/Experimental/SlateModelViewViewModel/SlateModelViewViewModel.uplugin" 233
"../../../Engine/Plugins/Experimental/SubtitlesAndClosedCaptions/SubtitlesAndClosedCaptions.uplugin" 234
"../../../Engine/Plugins/Experimental/StateGraph/StateGraph.uplugin" 235
"../../../Engine/Plugins/Experimental/RigLogicMutable/RigLogicMutable.uplugin" 236
"../../../Engine/Plugins/Experimental/TechAudioTools/TechAudioTools.uplugin" 237
"../../../Engine/Plugins/Experimental/SimpleHMD/SimpleHMD.uplugin" 238
"../../../Engine/Plugins/Experimental/TargetDeviceServicesScripting/TargetDeviceServicesScripting.uplugin" 239
"../../../Engine/Plugins/Experimental/SubmitToolEditor/SubmitToolEditor.uplugin" 240
"../../../Engine/Plugins/Experimental/TetMeshing/TetMeshing.uplugin" 241
"../../../Engine/Plugins/Experimental/Shotgrid/Shotgrid.uplugin" 242
"../../../Engine/Plugins/Experimental/VirtualHeightfieldMesh/VirtualHeightfieldMesh.uplugin" 243
"../../../Engine/Plugins/Experimental/WaveFunctionCollapse/WaveFunctionCollapse.uplugin" 244
"../../../Engine/Plugins/Experimental/WaterExtras/WaterExtras.uplugin" 245
"../../../Engine/Plugins/Experimental/Text3D/Text3D.uplugin" 246
"../../../Engine/Plugins/Experimental/SurfaceEffects/SurfaceEffects.uplugin" 247
"../../../Engine/Plugins/Experimental/SVGImporter/SVGImporter.uplugin" 248
"../../../Engine/Plugins/Experimental/ToolPresets/ToolPresets.uplugin" 249
"../../../Engine/Plugins/Experimental/Workspace/Workspace.uplugin" 250
"../../../Engine/Plugins/Experimental/UIFramework/UIFramework.uplugin" 251
"../../../Engine/Plugins/Experimental/WebSocketNetworking/WebSocketNetworking.uplugin" 252
"../../../Engine/Plugins/Experimental/WidgetEditorToolPalette/WidgetEditorToolPalette.uplugin" 253
"../../../Engine/Plugins/Experimental/TextureMediaPlayer/TextureMediaPlayer.uplugin" 254
"../../../Engine/Plugins/Interchange/Runtime/Interchange.uplugin" 255
"../../../Engine/Plugins/Interchange/Editor/InterchangeEditor.uplugin" 256
"../../../Engine/Plugins/MetaHuman/MetaHumanCalibrationProcessing/MetaHumanCalibrationProcessing.uplugin" 257
"../../../Engine/Plugins/MetaHuman/MetaHumanCoreTechLib/MetaHumanCoreTech.uplugin" 258
"../../../Engine/Plugins/MetaHuman/MetaHumanLiveLink/MetaHumanLiveLink.uplugin" 259
"../../../Engine/Plugins/MetaHuman/MetaHumanAnimator/MetaHuman.uplugin" 260
"../../../Engine/Plugins/Experimental/TextToSpeech/TextToSpeech.uplugin" 261
"../../../Engine/Plugins/MetaHuman/MetaHumanSDK/MetaHumanSDK.uplugin" 262
"../../../Engine/Plugins/Experimental/UserToolBoxCore/UserToolBoxCore.uplugin" 263
"../../../Engine/Plugins/MetaHuman/MetaHumanCharacter/MetaHumanCharacter.uplugin" 264
"../../../Engine/Plugins/NetcodeUnitTest/NUTUnrealEngine/NUTUnrealEngine.uplugin" 265
"../../../Engine/Plugins/Experimental/Volumetrics/Volumetrics.uplugin" 266
"../../../Engine/Plugins/Experimental/UserToolBoxBasicCommand/UserToolBoxBasicCommand.uplugin" 267
"../../../Engine/Plugins/Experimental/XRCreativeFramework/XRCreativeFramework.uplugin" 268
"../../../Engine/Plugins/Experimental/WaterAdvanced/WaterAdvanced.uplugin" 269
"../../../Engine/Plugins/Online/EOSOverlayInputProvider/EOSOverlayInputProvider.uplugin" 270
"../../../Engine/Plugins/Experimental/Water/Water.uplugin" 271
"../../../Engine/Plugins/NetcodeUnitTest/NetcodeUnitTest/NetcodeUnitTest.uplugin" 272
"../../../Engine/Plugins/Experimental/VirtualProductionUtilities/VirtualProductionUtilities.uplugin" 273
"../../../Engine/Plugins/Online/OnlineBase/OnlineBase.uplugin" 274
"../../../Engine/Plugins/Online/EOSShared/EOSShared.uplugin" 275
"../../../Engine/Plugins/Experimental/Tensorboard/Tensorboard.uplugin" 276
"../../../Engine/Plugins/Online/OnlineServicesEOS/OnlineServicesEOS.uplugin" 277
"../../../Engine/Plugins/Interchange/Assets/InterchangeAssets.uplugin" 278
"../../../Engine/Plugins/Online/OnlineServicesNull/OnlineServicesNull.uplugin" 279
"../../../Engine/Plugins/Experimental/WebSocketMessaging/WebSocketMessaging.uplugin" 280
"../../../Engine/Plugins/Online/OnlineServicesEpicCommon/OnlineServicesEpicCommon.uplugin" 281
"../../../Engine/Plugins/Online/OnlineSubsystemEOS/OnlineSubsystemEOS.uplugin" 282
"../../../Engine/Plugins/Online/OnlineSubsystem/OnlineSubsystem.uplugin" 283
"../../../Engine/Plugins/Online/OnlineServicesOSSAdapter/OnlineServicesOSSAdapter.uplugin" 284
"../../../Engine/Plugins/Online/OnlineSubsystemAmazon/OnlineSubsystemAmazon.uplugin" 285
"../../../Engine/Plugins/Online/OnlineSubsystemApple/OnlineSubsystemApple.uplugin" 286
"../../../Engine/Plugins/Online/OnlineServicesEOSGS/OnlineServicesEOSGS.uplugin" 287
"../../../Engine/Plugins/Online/OnlineSubsystemGoogle/OnlineSubsystemGoogle.uplugin" 288
"../../../Engine/Plugins/Online/OnlineSubsystemSteam/OnlineSubsystemSteam.uplugin" 289
"../../../Engine/Plugins/Online/OnlineServices/OnlineServices.uplugin" 290
"../../../Engine/Plugins/Online/OnlineFramework/OnlineFramework.uplugin" 291
"../../../Engine/Plugins/Online/OnlineSubsystemFacebook/OnlineSubsystemFacebook.uplugin" 292
"../../../Engine/Plugins/Online/OnlineSubsystemTencent/OnlineSubsystemTencent.uplugin" 293
"../../../Engine/Plugins/Online/SocketSubsystemEOS/SocketSubsystemEOS.uplugin" 294
"../../../Engine/Plugins/Protocols/MQTT/MQTT.uplugin" 295
"../../../Engine/Plugins/Tests/EditorTests/EditorTests.uplugin" 296
"../../../Engine/Plugins/Online/OnlineSubsystemUtils/OnlineSubsystemUtils.uplugin" 297
"../../../Engine/Plugins/Tests/CQTest/CQTest.uplugin" 298
"../../../Engine/Plugins/Tests/FunctionalTestingEditor/FunctionalTestingEditor.uplugin" 299
"../../../Engine/Plugins/Tests/RHITests/RHITests.uplugin" 300
"../../../Engine/Plugins/Online/WebAuth/WebAuth.uplugin" 301
"../../../Engine/Plugins/Tests/AutomationDriverTests/AutomationDriverTests.uplugin" 302
"../../../Engine/Plugins/Tests/TestFramework/TestFramework.uplugin" 303
"../../../Engine/Plugins/Online/OnlineSubsystemNull/OnlineSubsystemNull.uplugin" 304
"../../../Engine/Plugins/Tests/TestSamples/TestSamples.uplugin" 305
"../../../Engine/Plugins/Tests/PythonAutomationTest/PythonAutomationTest.uplugin" 306
"../../../Engine/Plugins/Online/SocketSubsystemSteamIP/SocketSubsystemSteamIP.uplugin" 307
"../../../Engine/Plugins/Tests/WidgetAutomationTests/WidgetAutomationTests.uplugin" 308
"../../../Engine/Plugins/VirtualProduction/CameraCalibration/CameraCalibration.uplugin" 309
"../../../Engine/Plugins/VirtualProduction/CameraCalibrationML/CameraCalibrationML.uplugin" 310
"../../../Engine/Plugins/VirtualProduction/Avalanche/Avalanche.uplugin" 311
"../../../Engine/Plugins/VirtualProduction/ActorModifier/ActorModifier.uplugin" 312
"../../../Engine/Plugins/Tests/CQTestEnhancedInput/CQTestEnhancedInput.uplugin" 313
"../../../Engine/Plugins/Tests/InterchangeTests/InterchangeTests.uplugin" 314
"../../../Engine/Plugins/VirtualProduction/CameraCalibrationCore/CameraCalibrationCore.uplugin" 315
"../../../Engine/Plugins/Tests/FbxAutomationTestBuilder/FbxAutomationTestBuilder.uplugin" 316
"../../../Engine/Plugins/VirtualProduction/ClonerEffector/ClonerEffector.uplugin" 317
"../../../Engine/Plugins/VirtualProduction/ActorModifierCore/ActorModifierCore.uplugin" 318
"../../../Engine/Plugins/VirtualProduction/CompositePlane/CompositePlane.uplugin" 319
"../../../Engine/Plugins/Tests/RuntimeTests/RuntimeTests.uplugin" 320
"../../../Engine/Plugins/VirtualProduction/DataCharts/DataCharts.uplugin" 321
"../../../Engine/Plugins/VirtualProduction/DynamicMaterial/DynamicMaterial.uplugin" 322
"../../../Engine/Plugins/VirtualProduction/ICVFXTesting/ICVFXTesting.uplugin" 323
"../../../Engine/Plugins/VirtualProduction/LiveLinkCamera/LiveLinkCamera.uplugin" 324
"../../../Engine/Plugins/VirtualProduction/EpicStageApp/EpicStageApp.uplugin" 325
"../../../Engine/Plugins/VirtualProduction/LensComponent/LensComponent.uplugin" 326
"../../../Engine/Plugins/VirtualProduction/CinematicAssemblyTools/CinematicAssemblyTools.uplugin" 327
"../../../Engine/Plugins/VirtualProduction/LiveLinkMasterLockit/LiveLinkMasterLockit.uplugin" 328
"../../../Engine/Plugins/VirtualProduction/ICVFX/ICVFX.uplugin" 329
"../../../Engine/Plugins/VirtualProduction/LiveLinkLens/LiveLinkLens.uplugin" 330
"../../../Engine/Plugins/VirtualProduction/GeometryMask/GeometryMask.uplugin" 331
"../../../Engine/Plugins/VirtualProduction/CustomDetailsView/CustomDetailsView.uplugin" 332
"../../../Engine/Plugins/VirtualProduction/MultiUserTakes/MultiUserTakes.uplugin" 333
"../../../Engine/Plugins/VirtualProduction/LiveLinkInputDevice/LiveLinkInputDevice.uplugin" 334
"../../../Engine/Plugins/VirtualProduction/LiveLinkXR/LiveLinkXR.uplugin" 335
"../../../Engine/Plugins/VirtualProduction/CaptureData/CaptureData.uplugin" 336
"../../../Engine/Plugins/VirtualProduction/LevelSnapshots/LevelSnapshots.uplugin" 337
"../../../Engine/Plugins/VirtualProduction/LiveLinkVRPN/LiveLinkVRPN.uplugin" 338
"../../../Engine/Plugins/VirtualProduction/LiveLinkPrestonMDR/LiveLinkPrestonMDR.uplugin" 339
"../../../Engine/Plugins/VirtualProduction/PerformanceCaptureWorkflow/PerformanceCaptureWorkflow.uplugin" 340
"../../../Engine/Plugins/VirtualProduction/LiveLinkOpenTrackIO/LiveLinkOpenTrackIO.uplugin" 341
"../../../Engine/Plugins/VirtualProduction/RemoteControl/RemoteControl.uplugin" 342
"../../../Engine/Plugins/VirtualProduction/LiveLinkFreeD/LiveLinkFreeD.uplugin" 343
"../../../Engine/Plugins/VirtualProduction/PropertyAnimator/PropertyAnimator.uplugin" 344
"../../../Engine/Plugins/VirtualProduction/OperatorStack/OperatorStack.uplugin" 345
"../../../Engine/Plugins/VirtualProduction/PropertyAnimatorCore/PropertyAnimatorCore.uplugin" 346
"../../../Engine/Plugins/VirtualProduction/RemoteControlProtocolMIDI/RemoteControlProtocolMIDI.uplugin" 347
"../../../Engine/Plugins/VirtualProduction/RemoteControlProtocolOSC/RemoteControlProtocolOSC.uplugin" 348
"../../../Engine/Plugins/VirtualProduction/RemoteControlInterception/RemoteControlInterception.uplugin" 349
"../../../Engine/Plugins/VirtualProduction/SequencerPlaylists/SequencerPlaylists.uplugin" 350
"../../../Engine/Plugins/VirtualProduction/RemoteControlWebInterface/RemoteControlWebInterface.uplugin" 351
"../../../Engine/Plugins/VirtualProduction/RemoteControlProtocolDMX/RemoteControlProtocolDMX.uplugin" 352
"../../../Engine/Plugins/VirtualProduction/StormSyncAvalancheBridge/StormSyncAvalancheBridge.uplugin" 353
"../../../Engine/Plugins/VirtualProduction/StageMonitoring/StageMonitoring.uplugin" 354
"../../../Engine/Plugins/Media/AjaMedia/AjaMedia.uplugin" 355
"../../../Engine/Plugins/VirtualProduction/VirtualCamera/VirtualCamera.uplugin" 356
"../../../Engine/Plugins/VirtualProduction/StormSync/StormSync.uplugin" 357
"../../../Engine/Plugins/Media/AndroidCamera/AndroidCamera.uplugin" 358
"../../../Engine/Plugins/Media/AppleProResDecoderElectra/AppleProResDecoderElectra.uplugin" 359
"../../../Engine/Plugins/VirtualProduction/Switchboard/Switchboard.uplugin" 360
"../../../Engine/Plugins/Media/AndroidMedia/AndroidMedia.uplugin" 361
"../../../Engine/Plugins/VirtualProduction/TimedDataMonitor/TimedDataMonitor.uplugin" 362
"../../../Engine/Plugins/VirtualProduction/TextureShare/TextureShare.uplugin" 363
"../../../Engine/Plugins/Media/AvfMedia/AvfMedia.uplugin" 364
"../../../Engine/Plugins/Media/AvidDNxHDDecoderElectra/AvidDNxHDDecoderElectra.uplugin" 365
"../../../Engine/Plugins/Media/AvidDNxMedia/AvidDNxMedia.uplugin" 366
"../../../Engine/Plugins/VirtualProduction/Takes/Takes.uplugin" 367
"../../../Engine/Plugins/Media/BinkMedia/BinkMedia.uplugin" 368
"../../../Engine/Plugins/Media/AppleProResMedia/AppleProResMedia.uplugin" 369
"../../../Engine/Plugins/Media/D3D12VideoDecodersElectra/D3D12VideoDecodersElectra.uplugin" 370
"../../../Engine/Plugins/Media/AudioCaptureTimecodeProvider/AudioCaptureTimecodeProvider.uplugin" 371
"../../../Engine/Plugins/Media/ElectraCDM/ElectraCDM.uplugin" 372
"../../../Engine/Plugins/Media/ElectraCodecs/ElectraCodecs.uplugin" 373
"../../../Engine/Plugins/VirtualProduction/VirtualScouting/VirtualScouting.uplugin" 374
"../../../Engine/Plugins/Media/BlackmagicMedia/BlackmagicMedia.uplugin" 375
"../../../Engine/Plugins/Media/ElectraSubtitles/ElectraSubtitles.uplugin" 376
"../../../Engine/Plugins/Media/HAPDecoderElectra/HAPDecoderElectra.uplugin" 377
"../../../Engine/Plugins/VirtualProduction/VirtualCameraCore/VirtualCameraCore.uplugin" 378
"../../../Engine/Plugins/Media/MediaFrameworkUtilities/MediaFrameworkUtilities.uplugin" 379
"../../../Engine/Plugins/Media/ImgMedia/ImgMedia.uplugin" 380
"../../../Engine/Plugins/Media/MediaCompositing/MediaCompositing.uplugin" 381
"../../../Engine/Plugins/Media/HardwareEncoders/HardwareEncoders.uplugin" 382
"../../../Engine/Plugins/Media/MediaPlate/MediaPlate.uplugin" 383
"../../../Engine/Plugins/Media/ElectraPlayer/ElectraPlayer.uplugin" 384
"../../../Engine/Plugins/Media/MfMedia/MfMedia.uplugin" 385
"../../../Engine/Plugins/Media/MediaMovieStreamer/MediaMovieStreamer.uplugin" 386
"../../../Engine/Plugins/Media/PixelCapture/PixelCapture.uplugin" 387
"../../../Engine/Plugins/Media/ElectraUtil/ElectraUtil.uplugin" 388
"../../../Engine/Plugins/Media/HAPMedia/HAPMedia.uplugin" 389
"../../../Engine/Plugins/Media/MediaIOFramework/MediaIOFramework.uplugin" 390
"../../../Engine/Plugins/Media/OpusDecoderElectra/OpusDecoderElectra.uplugin" 391
"../../../Engine/Plugins/Media/NDIMedia/NDIMedia.uplugin" 392
"../../../Engine/Plugins/Media/MediaPlayerEditor/MediaPlayerEditor.uplugin" 393
"../../../Engine/Plugins/Media/PixelStreaming2/PixelStreaming2.uplugin" 394
"../../../Engine/Plugins/Media/FlacDecoderElectra/FlacDecoderElectra.uplugin" 395
"../../../Engine/Plugins/Media/VPxDecoderElectra/VPxDecoderElectra.uplugin" 396
"../../../Engine/Plugins/Media/TimecodeSynchronizer/TimecodeSynchronizer.uplugin" 397
"../../../Engine/Plugins/Media/PixelStreaming/PixelStreaming.uplugin" 398
"../../../Engine/Plugins/MovieScene/CustomizableSequencerTracks/CustomizableSequencerTracks.uplugin" 399
"../../../Engine/Plugins/Media/WmfMedia/WmfMedia.uplugin" 400
"../../../Engine/Plugins/MovieScene/MovieSceneTextTrack/MovieSceneTextTrack.uplugin" 401
"../../../Engine/Plugins/Media/WebMMedia/WebMMedia.uplugin" 402
"../../../Engine/Plugins/MovieScene/ReplayTracks/ReplayTracks.uplugin" 403
"../../../Engine/Plugins/MovieScene/SequencerScripting/SequencerScripting.uplugin" 404
"../../../Engine/Plugins/Slate/SlateScripting/SlateScripting.uplugin" 405
"../../../Engine/Plugins/MovieScene/LevelSequenceEditor/LevelSequenceEditor.uplugin" 406
"../../../Engine/Plugins/Slate/SlateInsights/SlateInsights.uplugin" 407
"../../../Engine/Plugins/MovieScene/ActorSequence/ActorSequence.uplugin" 408
"../../../Engine/Plugins/Performance/AutomatedPerfTesting/AutomatedPerfTesting.uplugin" 409
"../../../Engine/Plugins/MovieScene/TemplateSequence/TemplateSequence.uplugin" 410
"../../../Engine/Plugins/Media/LinearTimecode/LinearTimecode.uplugin" 411
"../../../Engine/Plugins/2D/Paper2D/Paper2D.uplugin" 412
"../../../Engine/Plugins/AI/HTNPlanner/HTNPlanner.uplugin" 413
"../../../Engine/Plugins/Performance/PerformanceMonitor/PerformanceMonitor.uplugin" 414
"../../../Engine/Plugins/MovieScene/MovieRenderPipeline/MovieRenderPipeline.uplugin" 415
"../../../Engine/Plugins/AI/MassAI/MassAI.uplugin" 416
"../../../Engine/Plugins/AI/MLAdapter/MLAdapter.uplugin" 417
"../../../Engine/Plugins/MovieScene/MoviePipelineMaskRenderPass/MoviePipelineMaskRenderPass.uplugin" 418
"../../../Engine/Plugins/Animation/AnimationWarping/AnimationWarping.uplugin" 419
"../../../Engine/Plugins/Animation/BlendStack/BlendStack.uplugin" 420
"../../../Engine/Plugins/AI/EnvironmentQueryEditor/EnvironmentQueryEditor.uplugin" 421
"../../../Engine/Plugins/Animation/BlendSpaceMotionAnalysis/BlendSpaceMotionAnalysis.uplugin" 422
"../../../Engine/Plugins/AI/AISupport/AISupport.uplugin" 423
"../../../Engine/Plugins/Animation/ControlRigSpline/ControlRigSpline.uplugin" 424
"../../../Engine/Plugins/Animation/ControlRigModules/ControlRigModules.uplugin" 425
"../../../Engine/Plugins/Animation/AnimationModifierLibrary/AnimationModifierLibrary.uplugin" 426
"../../../Engine/Plugins/Animation/ControlRig/ControlRig.uplugin" 427
"../../../Engine/Plugins/Animation/AnimatorKit/AnimatorKit.uplugin" 428
"../../../Engine/Plugins/AI/MassCrowd/MassCrowd.uplugin" 429
"../../../Engine/Plugins/Animation/GeneSplicer/GeneSplicer.uplugin" 430
"../../../Engine/Plugins/Animation/DeformerGraph/DeformerGraph.uplugin" 431
"../../../Engine/Plugins/Animation/AnimationData/AnimationData.uplugin" 432
"../../../Engine/Plugins/Animation/DNACalib/DNACalib.uplugin" 433
"../../../Engine/Plugins/Animation/GameplayInsights/GameplayInsights.uplugin" 434
"../../../Engine/Plugins/Animation/AnimationLocomotionLibrary/AnimationLocomotionLibrary.uplugin" 435
"../../../Engine/Plugins/Animation/LiveLinkCurveDebugUI/LiveLinkCurveDebugUI.uplugin" 436
"../../../Engine/Plugins/Animation/LiveLinkExampleDevice/LiveLinkExampleDevice.uplugin" 437
"../../../Engine/Plugins/Animation/LiveLink/LiveLink.uplugin" 438
"../../../Engine/Plugins/Animation/IKRig/IKRig.uplugin" 439
"../../../Engine/Plugins/Animation/LiveLinkHub/LiveLinkHub.uplugin" 440
"../../../Engine/Plugins/Animation/LiveLinkDevice/LiveLinkDevice.uplugin" 441
"../../../Engine/Plugins/Animation/RigLogic/RigLogic.uplugin" 442
"../../../Engine/Plugins/Web/HttpBlueprint/HttpBlueprint.uplugin" 443
"../../../Engine/Plugins/Animation/PerformanceCaptureCore/PerformanceCaptureCore.uplugin" 444
"../../../Engine/Plugins/Animation/PoseSearch/PoseSearch.uplugin" 445
"../../../Engine/Plugins/Animation/SkeletalMeshModelingTools/SkeletalMeshModelingTools.uplugin" 446
"../../../Engine/Plugins/Cameras/CameraShakePreviewer/CameraShakePreviewer.uplugin" 447
"../../../Engine/Plugins/Cameras/EngineCameras/EngineCameras.uplugin" 448
"../../../Engine/Plugins/Animation/MotionWarping/MotionWarping.uplugin" 449
"../../../Engine/Plugins/Animation/TweeningUtils/TweeningUtils.uplugin" 450
"../../../Engine/Plugins/Developer/AnimationSharing/AnimationSharing.uplugin" 451
"../../../Engine/Plugins/Developer/BlankPlugin/BlankPlugin.uplugin" 452
"../../../Engine/Plugins/Animation/ACLPlugin/ACLPlugin.uplugin" 453
"../../../Engine/Plugins/Developer/CodeLiteSourceCodeAccess/CodeLiteSourceCodeAccess.uplugin" 454
"../../../Engine/Plugins/Developer/GitSourceControl/GitSourceControl.uplugin" 455
"../../../Engine/Plugins/Developer/FieldNotificationTrace/FieldNotificationTrace.uplugin" 456
"../../../Engine/Plugins/Developer/KDevelopSourceCodeAccess/KDevelopSourceCodeAccess.uplugin" 457
"../../../Engine/Plugins/Compression/OodleNetwork/OodleNetwork.uplugin" 458
"../../../Engine/Plugins/Developer/CLionSourceCodeAccess/CLionSourceCodeAccess.uplugin" 459
"../../../Engine/Plugins/Developer/DumpGPUServices/DumpGPUServices.uplugin" 460
"../../../Engine/Plugins/Developer/NullSourceCodeAccess/NullSourceCodeAccess.uplugin" 461
"../../../Engine/Plugins/Developer/N10XSourceCodeAccess/N10XSourceCodeAccess.uplugin" 462
"../../../Engine/Plugins/Developer/NamingTokens/NamingTokens.uplugin" 463
"../../../Engine/Plugins/Developer/OneSkyLocalizationService/OneSkyLocalizationService.uplugin" 464
"../../../Engine/Plugins/Cameras/GameplayCameras/GameplayCameras.uplugin" 465
"../../../Engine/Plugins/Developer/PluginUtils/PluginUtils.uplugin" 466
"../../../Engine/Plugins/Developer/PlasticSourceControl/PlasticSourceControl.uplugin" 467
"../../../Engine/Plugins/Developer/ProjectLauncher/ProjectLauncher.uplugin" 468
"../../../Engine/Plugins/Developer/PropertyAccessNode/PropertyAccessNode.uplugin" 469
"../../../Engine/Plugins/Developer/PixWinPlugin/PixWinPlugin.uplugin" 470
"../../../Engine/Plugins/Developer/SubversionSourceControl/SubversionSourceControl.uplugin" 471
"../../../Engine/Plugins/Developer/VisualStudioSourceCodeAccess/VisualStudioSourceCodeAccess.uplugin" 472
"../../../Engine/Plugins/Developer/TraceDataFiltering/TraceDataFilters.uplugin" 473
"../../../Engine/Plugins/Developer/VisualStudioCodeSourceCodeAccess/VisualStudioCodeSourceCodeAccess.uplugin" 474
"../../../Engine/Plugins/Enterprise/DataprepEditor/DataprepEditor.uplugin" 475
"../../../Engine/Plugins/Developer/DirectoryPlaceholder/DirectoryPlaceholder.uplugin" 476
"../../../Engine/Plugins/Developer/XcodeGPUDebuggerPlugin/XcodeGPUDebuggerPlugin.uplugin" 477
"../../../Engine/Plugins/Developer/TraceSourceFiltering/TraceSourceFilters.uplugin" 478
"../../../Engine/Plugins/Developer/PerforceSourceControl/PerforceSourceControl.uplugin" 479
"../../../Engine/Plugins/Enterprise/AxFImporter/AxFImporter.uplugin" 480
"../../../Engine/Plugins/Enterprise/DatasmithC4DImporter/DatasmithC4DImporter.uplugin" 481
"../../../Engine/Plugins/Developer/XCodeSourceCodeAccess/XCodeSourceCodeAccess.uplugin" 482
"../../../Engine/Plugins/Developer/RiderSourceCodeAccess/RiderSourceCodeAccess.uplugin" 483
"../../../Engine/Plugins/Developer/TextureFormatOodle/TextureFormatOodle.uplugin" 484
"../../../Engine/Plugins/Developer/RenderDocPlugin/RenderDocPlugin.uplugin" 485
"../../../Engine/Plugins/Enterprise/DatasmithContent/DatasmithContent.uplugin" 486
"../../../Engine/Plugins/Enterprise/VariantManager/VariantManager.uplugin" 487
"../../../Engine/Plugins/Developer/UObjectPlugin/UObjectPlugin.uplugin" 488
"../../../Engine/Plugins/FX/CascadeToNiagaraConverter/CascadeToNiagaraConverter.uplugin" 489
"../../../Engine/Plugins/Enterprise/MDLImporter/MDLImporter.uplugin" 490
"../../../Engine/Plugins/FX/Niagara/Niagara.uplugin" 491
"../../../Engine/Plugins/Enterprise/DatasmithCADImporter/DatasmithCADImporter.uplugin" 492
"../../../Engine/Plugins/Enterprise/DatasmithImporter/DatasmithImporter.uplugin" 493
"../../../Engine/Plugins/FX/Cascade/Cascade.uplugin" 494
"../../../Engine/Plugins/Enterprise/DatasmithFBXImporter/DatasmithFBXImporter.uplugin" 495
"../../../Engine/Plugins/Importers/AlembicImporter/AlembicImporter.uplugin" 496
"../../../Engine/Plugins/FX/NiagaraSimCaching/NiagaraSimCaching.uplugin" 497
"../../../Engine/Plugins/Importers/USDImporter/USDImporter.uplugin" 498
"../../../Engine/Plugins/Runtime/AndroidDeviceProfileSelector/AndroidDeviceProfileSelector.uplugin" 499
"../../../Engine/Plugins/Enterprise/GLTFExporter/GLTFExporter.uplugin" 500
"../../../Engine/Plugins/Runtime/ADM/ADM.uplugin" 501
"../../../Engine/Plugins/FX/NiagaraFluids/NiagaraFluids.uplugin" 502
"../../../Engine/Plugins/Importers/AlembicHairImporter/AlembicHairImporter.uplugin" 503
"../../../Engine/Plugins/Runtime/AndroidMoviePlayer/AndroidMoviePlayer.uplugin" 504
"../../../Engine/Plugins/Enterprise/VariantManagerContent/VariantManagerContent.uplugin" 505
"../../../Engine/Plugins/Runtime/AndroidFileServer/AndroidFileServer.uplugin" 506
"../../../Engine/Plugins/Importers/USDImporterMDL/USDImporterMDL.uplugin" 507
"../../../Engine/Plugins/Runtime/AndroidBackgroundService/AndroidBackgroundService.uplugin" 508
"../../../Engine/Plugins/PCGInterops/PCGGeometryScriptInterop/PCGGeometryScriptInterop.uplugin" 509
"../../../Engine/Plugins/Enterprise/LidarPointCloud/LidarPointCloud.uplugin" 510
"../../../Engine/Plugins/FX/ExampleCustomDataInterface/ExampleCustomDataInterface.uplugin" 511
"../../../Engine/Plugins/Portal/LauncherChunkInstaller/LauncherChunkInstaller.uplugin" 512
"../../../Engine/Plugins/Runtime/AndroidPermission/AndroidPermission.uplugin" 513
"../../../Engine/Plugins/Messaging/MessagingDebugger/MessagingDebugger.uplugin" 514
"../../../Engine/Plugins/Runtime/AppleImageUtils/AppleImageUtils.uplugin" 515
"../../../Engine/Plugins/Messaging/UdpMessaging/UdpMessaging.uplugin" 516
"../../../Engine/Plugins/Runtime/ApexDestruction/ApexDestruction.uplugin" 517
"../../../Engine/Plugins/Runtime/AppleMoviePlayer/AppleMoviePlayer.uplugin" 518
"../../../Engine/Plugins/NNE/NNERuntimeORT/NNERuntimeORT.uplugin" 519
"../../../Engine/Plugins/Runtime/ArchVisCharacter/ArchVisCharacter.uplugin" 520
"../../../Engine/Plugins/Messaging/TcpMessaging/TcpMessaging.uplugin" 521
"../../../Engine/Plugins/Runtime/AudioModulation/AudioModulation.uplugin" 522
"../../../Engine/Plugins/Runtime/AnimationBudgetAllocator/AnimationBudgetAllocator.uplugin" 523
"../../../Engine/Plugins/Runtime/AudioWidgets/AudioWidgets.uplugin" 524
"../../../Engine/Plugins/Runtime/AudioSynesthesia/AudioSynesthesia.uplugin" 525
"../../../Engine/Plugins/NNE/NNEDenoiser/NNEDenoiser.uplugin" 526
"../../../Engine/Plugins/Runtime/ChunkDownloader/ChunkDownloader.uplugin" 527
"../../../Engine/Plugins/Runtime/AssetTags/AssetTags.uplugin" 528
"../../../Engine/Plugins/Runtime/AudioCapture/AudioCapture.uplugin" 529
"../../../Engine/Plugins/Runtime/Firebase/Firebase.uplugin" 530
"../../../Engine/Plugins/Runtime/DataRegistry/DataRegistry.uplugin" 531
"../../../Engine/Plugins/Runtime/CustomMeshComponent/CustomMeshComponent.uplugin" 532
"../../../Engine/Plugins/Runtime/CommonUI/CommonUI.uplugin" 533
"../../../Engine/Plugins/Runtime/GameplayAbilities/GameplayAbilities.uplugin" 534
"../../../Engine/Plugins/Runtime/ExampleDeviceProfileSelector/ExampleDeviceProfileSelector.uplugin" 535
"../../../Engine/Plugins/Runtime/GameInput/GameInput.uplugin" 536
"../../../Engine/Plugins/Runtime/ComputeFramework/ComputeFramework.uplugin" 537
"../../../Engine/Plugins/Runtime/GameplayBehaviorSmartObjects/GameplayBehaviorSmartObjects.uplugin" 538
"../../../Engine/Plugins/Runtime/GeometryCache/GeometryCache.uplugin" 539
"../../../Engine/Plugins/Runtime/GoogleCloudMessaging/GoogleCloudMessaging.uplugin" 540
"../../../Engine/Plugins/Runtime/GeoReferencing/GeoReferencing.uplugin" 541
"../../../Engine/Plugins/Runtime/Harmonix/Harmonix.uplugin" 542
"../../../Engine/Plugins/Runtime/HPMotionController/HPMotionController.uplugin" 543
"../../../Engine/Plugins/Runtime/GameplayInteractions/GameplayInteractions.uplugin" 544
"../../../Engine/Plugins/Runtime/GeometryScripting/GeometryScripting.uplugin" 545
"../../../Engine/Plugins/PCGInterops/PCGExternalDataInterop/PCGExternalDataInterop.uplugin" 546
"../../../Engine/Plugins/Runtime/GooglePAD/GooglePAD.uplugin" 547
"../../../Engine/Plugins/Runtime/GeometryProcessing/GeometryProcessing.uplugin" 548
"../../../Engine/Plugins/Runtime/InputDebugging/InputDebugging.uplugin" 549
"../../../Engine/Plugins/Runtime/HTTPChunkInstaller/HTTPChunkInstaller.uplugin" 550
"../../../Engine/Plugins/Runtime/IOSReplayKit/IOSReplayKit.uplugin" 551
"../../../Engine/Plugins/Runtime/ActorLayerUtilities/ActorLayerUtilities.uplugin" 552
"../../../Engine/Plugins/Runtime/GameplayStateTree/GameplayStateTree.uplugin" 553
"../../../Engine/Plugins/Runtime/LevelStreamingPersistence/LevelStreamingPersistence.uplugin" 554
"../../../Engine/Plugins/Runtime/IOSDeviceProfileSelector/IOSDeviceProfileSelector.uplugin" 555
"../../../Engine/Plugins/Runtime/HairStrands/HairStrands.uplugin" 556
"../../../Engine/Plugins/Runtime/CableComponent/CableComponent.uplugin" 557
"../../../Engine/Plugins/Runtime/MassEntity/MassEntity.uplugin" 558
"../../../Engine/Plugins/Runtime/InstancedActors/InstancedActors.uplugin" 559
"../../../Engine/Plugins/Runtime/LocationServicesBPLibrary/LocationServicesBPLibrary.uplugin" 560
"../../../Engine/Plugins/Runtime/GameFeatures/GameFeatures.uplugin" 561
"../../../Engine/Plugins/Runtime/MicrosoftSpatialAudio/MicroSoftSpatialSound.uplugin" 562
"../../../Engine/Plugins/Runtime/LinuxDeviceProfileSelector/LinuxDeviceProfileSelector.uplugin" 563
"../../../Engine/Plugins/Runtime/AudioMotorSim/AudioMotorSim.uplugin" 564
"../../../Engine/Plugins/Runtime/LocationServicesAndroidImpl/LocationServicesAndroidImpl.uplugin" 565
"../../../Engine/Plugins/Runtime/MIDIDevice/MIDIDevice.uplugin" 566
"../../../Engine/Plugins/Importers/USDMultiUser/USDMultiUser.uplugin" 567
"../../../Engine/Plugins/Runtime/MobilePatchingUtils/MobilePatchingUtils.uplugin" 568
"../../../Engine/Plugins/Runtime/MeshModelingToolset/MeshModelingToolset.uplugin" 569
"../../../Engine/Plugins/Runtime/Metasound/Metasound.uplugin" 570
"../../../Engine/Plugins/Runtime/MultiServerReplication/MultiServerReplication.uplugin" 571
"../../../Engine/Plugins/Runtime/LiveLinkOvernDisplay/LiveLinkOverNDisplay.uplugin" 572
"../../../Engine/Plugins/Runtime/NavCorridor/NavCorridor.uplugin" 573
"../../../Engine/Plugins/Runtime/MobileFSR/MobileFSR.uplugin" 574
"../../../Engine/Plugins/Runtime/MusicEnvironment/MusicEnvironment.uplugin" 575
"../../../Engine/Plugins/Runtime/ModularGameplay/ModularGameplay.uplugin" 576
"../../../Engine/Plugins/Runtime/MixedRealityCaptureFramework/MixedRealityCaptureFramework.uplugin" 577
"../../../Engine/Plugins/Runtime/NetworkPredictionExtras/NetworkPredictionExtras.uplugin" 578
"../../../Engine/Plugins/Runtime/MsQuic/MsQuic.uplugin" 579
"../../../Engine/Plugins/Runtime/OpenCV/OpenCV.uplugin" 580
"../../../Engine/Plugins/Runtime/nDisplay/nDisplay.uplugin" 581
"../../../Engine/Plugins/Runtime/ModelViewViewModel/ModelViewViewModel.uplugin" 582
"../../../Engine/Plugins/Runtime/OpenXR/OpenXR.uplugin" 583
"../../../Engine/Plugins/Runtime/MassGameplay/MassGameplay.uplugin" 584
"../../../Engine/Plugins/Runtime/NetworkPredictionInsights/NetworkPredictionInsights.uplugin" 585
"../../../Engine/Plugins/Runtime/OptionalMobileFeaturesBPLibrary/OptionalMobileFeaturesBPLibrary.uplugin" 586
"../../../Engine/Plugins/FX/NiagaraMRQ/NiagaraMRQ.uplugin" 587
"../../../Engine/Plugins/Runtime/OpenXRViveTracker/OpenXRViveTracker.uplugin" 588
"../../../Engine/Plugins/Runtime/PropertyBindingUtils/PropertyBindingUtils.uplugin" 589
"../../../Engine/Plugins/Runtime/PropertyAccess/PropertyAccessEditor.uplugin" 590
"../../../Engine/Plugins/Runtime/OpenXREyeTracker/OpenXREyeTracker.uplugin" 591
"../../../Engine/Plugins/Runtime/PreLoadScreenMoviePlayer/PreLoadScreenMoviePlayer.uplugin" 592
"../../../Engine/Plugins/Runtime/HDRIBackdrop/HDRIBackdrop.uplugin" 593
"../../../Engine/Plugins/Runtime/RenderTrace/RenderTrace.uplugin" 594
"../../../Engine/Plugins/Runtime/OpenXRMsftHandInteraction/OpenXRMsftHandInteraction.uplugin" 595
"../../../Engine/Plugins/Runtime/ScriptableToolsFramework/ScriptableToolsFramework.uplugin" 596
"../../../Engine/Plugins/Runtime/SkeletalMerging/SkeletalMerging.uplugin" 597
"../../../Engine/Plugins/Runtime/SmartObjects/SmartObjects.uplugin" 598
"../../../Engine/Plugins/Runtime/nDisplayModularFeatures/nDisplayModularFeatures.uplugin" 599
"../../../Engine/Plugins/Runtime/ReplicationGraph/ReplicationGraph.uplugin" 600
"../../../Engine/Plugins/Runtime/OSC/OSC.uplugin" 601
"../../../Engine/Plugins/Runtime/ProceduralMeshComponent/ProceduralMeshComponent.uplugin" 602
"../../../Engine/Plugins/Runtime/ReplicationSystemTestPlugin/ReplicationSystemTestPlugin.uplugin" 603
"../../../Engine/Plugins/Runtime/SoundFields/SoundFields.uplugin" 604
"../../../Engine/Plugins/Runtime/RigVM/RigVM.uplugin" 605
"../../../Engine/Plugins/Runtime/SoundUtilities/SoundUtilities.uplugin" 606
"../../../Engine/Plugins/Runtime/Spatialization/Spatialization.uplugin" 607
"../../../Engine/Plugins/Runtime/NetworkPrediction/NetworkPrediction.uplugin" 608
"../../../Engine/Plugins/Runtime/WaveTable/WaveTable.uplugin" 609
"../../../Engine/Plugins/Runtime/ResonanceAudio/ResonanceAudio.uplugin" 610
"../../../Engine/Plugins/Runtime/WebBrowserWidget/WebBrowserWidget.uplugin" 611
"../../../Engine/Plugins/Runtime/SunPosition/SunPosition.uplugin" 612
"../../../Engine/Plugins/Runtime/Soundscape/Soundscape.uplugin" 613
"../../../Engine/Plugins/Runtime/XRBase/XRBase.uplugin" 614
"../../../Engine/Plugins/Runtime/SignificanceManager/SignificanceManager.uplugin" 615
"../../../Engine/Plugins/Runtime/SoundMod/SoundMod.uplugin" 616
"../../../Engine/Plugins/Runtime/SoundCueTemplates/SoundCueTemplates.uplugin" 617
"../../../Engine/Plugins/Runtime/StateTree/StateTree.uplugin" 618
"../../../Engine/Plugins/Runtime/WebBrowserNativeProxy/WebBrowserNativeProxy.uplugin" 619
"../../../Engine/Plugins/Experimental/MetaHuman/MetaHumanRuntime/MetaHumanRuntime.uplugin" 620
"../../../Engine/Plugins/Runtime/OpenXRHandTracking/OpenXRHandTracking.uplugin" 621
"../../../Engine/Plugins/Runtime/WarpUtils/WarpUtils.uplugin" 622
"../../../Engine/Plugins/Online/VoiceChat/VoiceChat/VoiceChat.uplugin" 623
"../../../Engine/Plugins/Online/VoiceChat/EOSVoiceChat/EOSVoiceChat.uplugin" 624
"../../../Engine/Plugins/Runtime/Synthesis/Synthesis.uplugin" 625
"../../../Engine/Plugins/VirtualProduction/CaptureManager/CaptureManagerCore/CaptureManagerCore.uplugin" 626
"../../../Engine/Plugins/Online/Android/AndroidFetchBackgroundDownload/AndroidFetchBackgroundDownload.uplugin" 627
"../../../Engine/Plugins/Runtime/WebMMoviePlayer/WebMMoviePlayer.uplugin" 628
"../../../Engine/Plugins/Experimental/Animation/HierarchyTable/HierarchyTable.uplugin" 629
"../../../Engine/Plugins/Online/Android/OnlineSubsystemGooglePlay/OnlineSubsystemGooglePlay.uplugin" 630
"../../../Engine/Plugins/Runtime/WorldConditions/WorldConditions.uplugin" 631
"../../../Engine/Plugins/Experimental/Animation/ContextualAnimation/ContextualAnimation.uplugin" 632
"../../../Engine/Plugins/Experimental/Animation/CurveExpression/CurveExpression.uplugin" 633
"../../../Engine/Plugins/Runtime/WindowsMoviePlayer/WindowsMoviePlayer.uplugin" 634
"../../../Engine/Plugins/Experimental/Animation/Optimus/Optimus.uplugin" 635
"../../../Engine/Plugins/Runtime/WindowsDeviceProfileSelector/WindowsDeviceProfileSelector.uplugin" 636
"../../../Engine/Plugins/VirtualProduction/CaptureManager/CaptureManagerDevices/CaptureManagerDevices.uplugin" 637
"../../../Engine/Plugins/Experimental/Animation/RigMapper/RigMapper.uplugin" 638
"../../../Engine/Plugins/Experimental/Animation/PackedAttributes/PackedAttributes.uplugin" 639
"../../../Engine/Plugins/Experimental/Animation/Locomotor/Locomotor.uplugin" 640
"../../../Engine/Plugins/Experimental/Enterprise/DatasmithInterchange/DatasmithInterchange.uplugin" 641
"../../../Engine/Plugins/Experimental/Animation/TrajectoryTools/TrajectoryTools.uplugin" 642
"../../../Engine/Plugins/VirtualProduction/CaptureManager/CaptureManagerEditor/CaptureManagerEditor.uplugin" 643
"../../../Engine/Plugins/Experimental/Enterprise/DataprepGeometryOperations/DataprepGeometryOperations.uplugin" 644
"../../../Engine/Plugins/Experimental/Animation/MotionTrajectory/MotionTrajectory.uplugin" 645
"../../../Engine/Plugins/VirtualProduction/CaptureManager/CaptureManagerApp/CaptureManagerApp.uplugin" 646
"../../../Engine/Plugins/Experimental/Animation/SkeletonTemplateFramework/SkeletonTemplateFramework.uplugin" 647
"../../../Engine/Plugins/Experimental/AVCodecs/NVCodecs/NVCodecs.uplugin" 648
"../../../Engine/Plugins/Experimental/AVCodecs/AVCodecsCore/AVCodecsCore.uplugin" 649
"../../../Engine/Plugins/Experimental/Animation/SkeletalMeshMorphTargetEditingTools/SkeletalMeshMorphTargetEditingTools.uplugin" 650
"../../../Engine/Plugins/Experimental/AVCodecs/LibVpxCodecs/LibVpxCodecs.uplugin" 651
"../../../Engine/Plugins/Experimental/Enterprise/DatasmithRuntime/DatasmithRuntime.uplugin" 652
"../../../Engine/Plugins/Experimental/AVCodecs/WMFCodecs/WMFCodecs.uplugin" 653
"../../../Engine/Plugins/Runtime/ZoneGraph/ZoneGraph.uplugin" 654
"../../../Engine/Plugins/Experimental/AVCodecs/VTCodecs/VTCodecs.uplugin" 655
"../../../Engine/Plugins/Experimental/AVCodecs/AMFCodecs/AMFCodecs.uplugin" 656
"../../../Engine/Plugins/Animation/MLDeformer/ChaosClothGenerator/ChaosClothGenerator.uplugin" 657
"../../../Engine/Plugins/Animation/MLDeformer/MLDeformerFramework/MLDeformerFramework.uplugin" 658
"../../../Engine/Plugins/Animation/MLDeformer/NearestNeighborModel/NearestNeighborModel.uplugin" 659
"../../../Engine/Plugins/Animation/MLDeformer/ChaosFleshGenerator/ChaosFleshGenerator.uplugin" 660
"../../../Engine/Plugins/Animation/MLDeformer/NeuralMorphModel/NeuralMorphModel.uplugin" 661
"../../../Engine/Plugins/Editor/Localization/PortableObjectFileDataSource/PortableObjectFileDataSource.uplugin" 662
"../../../Engine/Plugins/Animation/MLDeformer/VertexDeltaModel/VertexDeltaModel.uplugin" 663
"../../../Engine/Plugins/Runtime/AR/ARUtilities/ARUtilities.uplugin" 664
"../../../Engine/Plugins/Experimental/CharacterFXEditor/ExampleCharacterFXEditor/ExampleCharacterFXEditor.uplugin" 665
"../../../Engine/Plugins/Developer/Concert/ConcertMain/ConcertMain.uplugin" 666
"../../../Engine/Plugins/Runtime/USDCore/USDCore.uplugin" 667
"../../../Engine/Plugins/Experimental/Web/WebAPI/WebAPI.uplugin" 668
"../../../Engine/Plugins/Runtime/MeshReconstruction/DummyMeshReconstructor/DummyMeshReconstructor.uplugin" 669
"../../../Engine/Plugins/Runtime/LocationServicesIOSImpl/LocationServicesIOSImpl.uplugin" 670
"../../../Engine/Plugins/Experimental/Compositing/CompositeCore/CompositeCore.uplugin" 671
"../../../Engine/Plugins/Runtime/Nvidia/GeForceNOWWrapper/GeForceNOWWrapper.uplugin" 672
"../../../Engine/Plugins/Runtime/Steam/SteamShared/SteamShared.uplugin" 673
"../../../Engine/Plugins/Runtime/ZoneGraphAnnotations/ZoneGraphAnnotations.uplugin" 674
"../../../Engine/Plugins/Runtime/Steam/SteamSockets/SteamSockets.uplugin" 675
"../../../Engine/Plugins/Runtime/XR/XRScribe/XRScribe.uplugin" 676
"../../../Engine/Plugins/Runtime/Steam/SteamAudio/SteamAudio.uplugin" 677
"../../../Engine/Plugins/Runtime/XR/XRVisualization/XRVisualization.uplugin" 678
"../../../Engine/Plugins/Experimental/CharacterFXEditor/BaseCharacterFXEditor/BaseCharacterFXEditor.uplugin" 679
"../../../Engine/Plugins/VirtualProduction/DMX/DatasmithMVR/DatasmithMVR.uplugin" 680
"../../../Engine/Plugins/Online/IOS/OnlineSubsystemIOS/OnlineSubsystemIOS.uplugin" 681
"../../../Engine/Plugins/VirtualProduction/DMX/DMXEngine/DMXEngine.uplugin" 682
"../../../Engine/Plugins/VirtualProduction/DMX/DMXModularFeatures/DMXModularFeatures.uplugin" 683
"../../../Engine/Plugins/VirtualProduction/Rivermax/RivermaxMedia/RivermaxMedia.uplugin" 684
"../../../Engine/Plugins/VirtualProduction/DMX/DMXPixelMapping/DMXPixelMapping.uplugin" 685
"../../../Engine/Plugins/Experimental/Compositing/HoldoutComposite/HoldoutComposite.uplugin" 686
"../../../Engine/Plugins/VirtualProduction/DMX/DMXDisplayCluster/DMXDisplayCluster.uplugin" 687
"../../../Engine/Plugins/VirtualProduction/DMX/DMXFixtures/DMXFixtures.uplugin" 688
"../../../Engine/Plugins/Runtime/Steam/SteamController/SteamController.uplugin" 689
"../../../Engine/Plugins/Runtime/Database/ADOSupport/ADOSupport.uplugin" 690
"../../../Engine/Plugins/Runtime/Database/DatabaseSupport/DatabaseSupport.uplugin" 691
"../../../Engine/Plugins/VirtualProduction/DMX/DMXControlConsole/DMXControlConsole.uplugin" 692
"../../../Engine/Plugins/Runtime/Database/RemoteDatabaseSupport/RemoteDatabaseSupport.uplugin" 693
"../../../Engine/Plugins/Runtime/Nvidia/Reflex/Reflex.uplugin" 694
"../../../Engine/Plugins/VirtualProduction/Rivermax/RivermaxSync/RivermaxSync.uplugin" 695
"../../../Engine/Plugins/VirtualProduction/DMX/DMXProtocol/DMXProtocol.uplugin" 696
"../../../Engine/Plugins/Runtime/Database/SQLiteSupport/SQLiteSupport.uplugin" 697
"../../../Engine/Plugins/Editor/ObjectMixer/LightMixer/LightMixer.uplugin" 698
"../../../Engine/Plugins/Runtime/PacketHandlers/AESHandlerComponent/AESHandlerComponent.uplugin" 699
"../../../Engine/Plugins/Runtime/Windows/XInputDevice/XInputDevice.uplugin" 700
"../../../Engine/Plugins/Editor/ContentBrowser/ContentBrowserAssetDataSource/ContentBrowserAssetDataSource.uplugin" 701
"../../../Engine/Plugins/Editor/ObjectMixer/ObjectMixer/ObjectMixer.uplugin" 702
"../../../Engine/Plugins/Runtime/Windows/WinDualShock/WinDualShock.uplugin" 703
"../../../Engine/Plugins/Editor/ContentBrowser/ContentBrowserClassDataSource/ContentBrowserClassDataSource.uplugin" 704
"../../../Engine/Plugins/Experimental/PCGInterops/PCGInstancedActorsInterop/PCGInstancedActorsInterop.uplugin" 705
"../../../Engine/Plugins/Runtime/PacketHandlers/DTLSHandlerComponent/DTLSHandlerComponent.uplugin" 706
"../../../Engine/Plugins/VirtualProduction/Rivermax/RivermaxCore/RivermaxCore.uplugin" 707
"../../../Engine/Plugins/VirtualProduction/DMX/DMXGDTF/DMXGDTF.uplugin" 708
"../../../Engine/Plugins/Runtime/Database/SQLiteCore/SQLiteCore.uplugin" 709
"../../../Engine/Plugins/Editor/ContentBrowser/ContentBrowserAliasDataSource/ContentBrowserAliasDataSource.uplugin" 710
"../../../Engine/Plugins/Interchange/Extensions/OpenUSD/InterchangeOpenUSD.uplugin" 711
"../../../Engine/Plugins/Interchange/Extensions/OpenVDB/InterchangeOpenVDB.uplugin" 712
"../../../Engine/Plugins/Experimental/PCGInterops/PCGWaterInterop/PCGWaterInterop.uplugin" 713
"../../../Engine/Plugins/Runtime/Analytics/FileLogging/FileLogging.uplugin" 714
"../../../Engine/Plugins/Runtime/Analytics/AnalyticsBlueprintLibrary/AnalyticsBlueprintLibrary.uplugin" 715
"../../../Engine/Plugins/Experimental/VirtualProduction/VPSettings/VPSettings.uplugin" 716
"../../../Engine/Plugins/Editor/ContentBrowser/ContentBrowserFileDataSource/ContentBrowserFileDataSource.uplugin" 717
"../../../Engine/Plugins/Experimental/PCGInterops/PCGNiagaraInterop/PCGNiagaraInterop.uplugin" 718
"../../../Engine/Plugins/Experimental/VirtualProduction/LedWallCalibration/LedWallCalibration.uplugin" 719
"../../../Engine/Plugins/Runtime/Analytics/Adjust/Adjust.uplugin" 720
"../../../Engine/Plugins/Experimental/VirtualProduction/VPRoles/VPRoles.uplugin" 721
"../../../Engine/Plugins/Developer/Concert/ConcertApp/DisasterRecoveryClient/DisasterRecoveryClient.uplugin" 722
"../../../Engine/Plugins/Runtime/AR/AppleAR/AppleARKitFaceSupport/AppleARKitFaceSupport.uplugin" 723
"../../../Engine/Plugins/Runtime/Advertising/IOSTapJoy/IOSTapJoy.uplugin" 724
"../../../Engine/Plugins/Runtime/Analytics/AnalyticsMulticast/AnalyticsMulticast.uplugin" 725
"../../../Engine/Plugins/Developer/Concert/ConcertUI/ConcertSharedSlate/ConcertSharedSlate.uplugin" 726
"../../../Engine/Plugins/Runtime/AR/Google/GoogleARCore/GoogleARCore.uplugin" 727
"../../../Engine/Plugins/Developer/Concert/ConcertApp/MultiUserClient/MultiUserClient.uplugin" 728
"../../../Engine/Plugins/Developer/Concert/ConcertSync/ConcertSyncServer/ConcertSyncServer.uplugin" 729
"../../../Engine/Plugins/Runtime/PacketHandlers/AESGCMHandlerComponent/AESGCMHandlerComponent.uplugin" 730
"../../../Engine/Plugins/Developer/Concert/ConcertUI/ConcertClientSharedSlate/ConcertClientSharedSlate.uplugin" 731
"../../../Engine/Plugins/Runtime/AR/AppleAR/AppleARKit/AppleARKit.uplugin" 732
"../../../Engine/Plugins/Experimental/Animation/HierarchyTableAnimation/HierarchyTableAnimation.uplugin" 733
"../../../Engine/Plugins/Developer/Concert/ConcertSync/ConcertSyncCore/ConcertSyncCore.uplugin" 734
"../../../Engine/Plugins/Runtime/AR/Google/GoogleARCoreServices/GoogleARCoreServices.uplugin" 735
"../../../Engine/Plugins/Developer/Concert/ConcertApp/MultiUserServer/MultiUserServer.uplugin" 736
"../../../Engine/Plugins/Developer/Concert/ConcertSync/ConcertSyncTest/ConcertSyncTest.uplugin" 737
"../../../Engine/Plugins/Developer/Concert/ConcertInsights/ConcertInsightsCore/ConcertInsightsCore.uplugin" 738
"../../../Engine/Plugins/Experimental/Animation/MLDeformer/DetailPoseModel/DetailPoseModel.uplugin" 739
"../../../Engine/Plugins/Developer/Concert/ConcertInsights/ConcertInsightsVisualizer/ConcertInsightsVisualizer.uplugin" 740
"../../../Engine/Plugins/Developer/Concert/ConcertScripting/ConcertReplicationScripting/ConcertReplicationScripting.uplugin" 741
"../../../Engine/Plugins/Developer/Concert/ConcertSync/ConcertSyncClient/ConcertSyncClient.uplugin" 742
"../../../Engine/Plugins/Developer/Concert/ConcertInsights/ConcertInsightsClient/ConcertInsightsClient.uplugin" 743
"../../../Engine/Plugins/Developer/Concert/ConcertInsights/ConcertInsightsServer/ConcertInsightsServer.uplugin" 744
"../../../Engine/Platforms/Android/Plugins/RigLogic/RigLogic_Android.uplugin" 745
"../../../Engine/Platforms/Android/Plugins/Animation/ACLPlugin/ACLPlugin_Android.uplugin" 746
"../../../Engine/Platforms/IOS/Plugins/RigLogic/RigLogic_IOS.uplugin" 747
"../../../Engine/Content/Internationalization/icudt64l/cnvalias.icu" 748
"../../../Engine/Content/Internationalization/icudt64l/res_index.res" 749
"../../../Engine/Content/Internationalization/icudt64l/plurals.res" 750
"../../../Engine/Content/Internationalization/icudt64l/lang/zh_CN.res" 751
"../../../Engine/Content/Internationalization/icudt64l/lang/pool.res" 752
"../../../Engine/Content/Internationalization/icudt64l/lang/zh_Hans_CN.res" 753
"../../../Engine/Content/Internationalization/icudt64l/lang/zh_Hans.res" 754
"../../../Engine/Content/Internationalization/icudt64l/lang/zh.res" 755
"../../../Engine/Content/Internationalization/icudt64l/lang/root.res" 756
"../../../Engine/Content/Internationalization/icudt64l/region/zh_CN.res" 757
"../../../Engine/Content/Internationalization/icudt64l/region/pool.res" 758
"../../../Engine/Content/Internationalization/icudt64l/region/zh_Hans_CN.res" 759
"../../../Engine/Content/Internationalization/icudt64l/region/zh_Hans.res" 760
"../../../Engine/Content/Internationalization/icudt64l/region/zh.res" 761
"../../../Engine/Content/Internationalization/icudt64l/region/root.res" 762
"../../../Engine/Content/Internationalization/icudt64l/lang/en.res" 763
"../../../Engine/Content/Internationalization/icudt64l/region/en.res" 764
"../../../Engine/Content/Internationalization/icudt64l/windowsZones.res" 765
"../../../Engine/Content/Internationalization/icudt64l/zoneinfo64.res" 766
"../../../Engine/Content/Internationalization/icudt64l/keyTypeData.res" 767
"../../../Engine/Content/Internationalization/icudt64l/timezoneTypes.res" 768
"../../../Engine/Content/Internationalization/icudt64l/likelySubtags.res" 769
"../../../Engine/Content/Internationalization/icudt64l/zh_CN.res" 770
"../../../Engine/Content/Internationalization/icudt64l/pool.res" 771
"../../../Engine/Content/Internationalization/icudt64l/zh_Hans_CN.res" 772
"../../../Engine/Content/Internationalization/icudt64l/zh_Hans.res" 773
"../../../Engine/Content/Internationalization/icudt64l/zh.res" 774
"../../../Engine/Content/Internationalization/icudt64l/root.res" 775
"../../../Engine/Content/Internationalization/icudt64l/supplementalData.res" 776
"../../../Engine/Config/ConfigRedirects.ini" 777
"C:/Users/11141/AppData/Local/UnrealEngine/5.6/Saved/Config/WindowsEditor/Manifest.ini" 778
"../../../Engine/Config/BaseEngine.ini" 779
"../../../Engine/Config/Windows/BaseWindowsEngine.ini" 780
"D:/CG/UE/VFX01/Slime/Config/DefaultEngine.ini" 781
"../../../Engine/Config/BaseGame.ini" 782
"D:/CG/UE/VFX01/Slime/Config/DefaultGame.ini" 783
"../../../Engine/Config/Windows/WindowsGame.ini" 784
"D:/CG/UE/VFX01/Slime/Saved/Config/WindowsEditor/Game.ini" 785
"../../../Engine/Config/BaseInput.ini" 786
"../../../Engine/Config/Windows/BaseWindowsInput.ini" 787
"D:/CG/UE/VFX01/Slime/Config/DefaultInput.ini" 788
"../../../Engine/Config/Windows/WindowsInput.ini" 789
"../../../Engine/Config/BaseDeviceProfiles.ini" 790
"../../../Engine/Config/BaseGameUserSettings.ini" 791
"D:/CG/UE/VFX01/Slime/Saved/Config/WindowsEditor/GameUserSettings.ini" 792
"../../../Engine/Config/BaseScalability.ini" 793
"../../../Engine/Config/BaseRuntimeOptions.ini" 794
"../../../Engine/Config/BaseInstallBundle.ini" 795
"../../../Engine/Config/BaseHardware.ini" 796
"../../../Engine/Config/BaseCompat.ini" 797
"../../../Engine/Config/BaseLightmass.ini" 798
"../../../Engine/Config/BaseEditor.ini" 799
"D:/CG/UE/VFX01/Slime/Config/DefaultEditor.ini" 800
"D:/CG/UE/VFX01/Slime/Saved/Config/WindowsEditor/Editor.ini" 801
"../../../Engine/Config/BaseMaterialExpressions.ini" 802
"../../../Engine/Config/BaseEditorPerProjectUserSettings.ini" 803
"D:/CG/UE/VFX01/Slime/Config/DefaultEditorPerProjectUserSettings.ini" 804
"../../../Engine/Config/Windows/WindowsEditorPerProjectUserSettings.ini" 805
"D:/CG/UE/VFX01/Slime/Saved/Config/WindowsEditor/EditorPerProjectUserSettings.ini" 806
"../../../Engine/Config/BaseEditorSettings.ini" 807
"../../../Engine/Config/Windows/WindowsEditorSettings.ini" 808
"C:/Users/11141/AppData/Local/UnrealEngine/5.6/Saved/Config/WindowsEditor/EditorSettings.ini" 809
"../../../Engine/Config/BaseEditorKeyBindings.ini" 810
"C:/Users/11141/AppData/Local/UnrealEngine/5.6/Saved/Config/WindowsEditor/EditorLayout.ini" 811
"D:/CG/UE/VFX01/Slime/Binaries/Win64/Slime.target" 812
"../../../Engine/Binaries/Win64/BootstrapPackagedGame-Win64-Shipping.target" 813
"../../../Engine/Config/Android/BaseAndroidEngine.ini" 814
"../../../Engine/Config/Linux/BaseLinuxEngine.ini" 815
"../../../Engine/Binaries/Win64/BuildPatchTool-Win64-Shipping.target" 816
"../../../Engine/Config/IOS/BaseIOSEngine.ini" 817
"../../../Engine/Binaries/Win64/CrashReportClient-Win64-Shipping.target" 818
"../../../Engine/Config/Mac/BaseMacEngine.ini" 819
"../../../Engine/Config/Android/AndroidEngine.ini" 820
"../../../Engine/Platforms/VisionOS/Config/BaseVisionOSEngine.ini" 821
"../../../Engine/Config/Unix/UnixEngine.ini" 822
"../../../Engine/Config/TVOS/TVOSEngine.ini" 823
"../../../Engine/Config/Linux/LinuxEngine.ini" 824
"../../../Engine/Binaries/Win64/CrashReportClientEditor-Win64-Shipping.target" 825
"../../../Engine/Platforms/VisionOS/Config/VisionOSEngine.ini" 826
"../../../Engine/Binaries/Win64/DatasmithCADWorker.target" 827
"../../../Engine/Binaries/Win64/EpicWebHelper-Win64-Shipping.target" 828
"../../../Engine/Binaries/Win64/InterchangeWorker.target" 829
"../../../Engine/Binaries/Win64/LiveCodingConsole.target" 830
"../../../Engine/Binaries/Win64/LiveLinkHub.target" 831
"../../../Engine/Config/IOS/BaseIOSGame.ini" 832
"../../../Engine/Config/Android/BaseAndroidGame.ini" 833
"../../../Engine/Config/Mac/MacGame.ini" 834
"../../../Engine/Config/IOS/IOSGame.ini" 835
"../../../Engine/Config/Linux/LinuxGame.ini" 836
"../../../Engine/Config/Mac/BaseMacInput.ini" 837
"../../../Engine/Config/Android/BaseAndroidInput.ini" 838
"../../../Engine/Config/IOS/BaseIOSInput.ini" 839
"../../../Engine/Config/Android/AndroidScalability.ini" 840
"../../../Engine/Config/IOS/IOSScalability.ini" 841
"../../../Engine/Config/Android/BaseAndroidInstallBundle.ini" 842
"../../../Engine/Config/IOS/BaseIOSInstallBundle.ini" 843
"../../../Engine/Binaries/Win64/ShaderCompileWorker.target" 844
"../../../Engine/Binaries/Win64/SwitchboardListener.target" 845
"../../../Engine/Binaries/Win64/SwitchboardListenerHelper.target" 846
"../../../Engine/Binaries/Win64/UnrealEditor-Win64-DebugGame.target" 847
"../../../Engine/Binaries/Win64/UnrealEditor.target" 848
"../../../Engine/Config/PluginBase.ini" 849
"../../../Engine/Plugins/ChaosVD/Config/DefaultChaosVD.ini" 850
"../../../Engine/Plugins/EnhancedInput/Config/BaseEnhancedInput.ini" 851
"../../../Engine/Plugins/Fab/Config/BaseFab.ini" 852
"../../../Engine/Plugins/TraceUtilities/Config/BaseTraceUtilities.ini" 853
"../../../Engine/Plugins/Editor/EditorScriptingUtilities/Config/BaseEditorScriptingUtilities.ini" 854
"../../../Engine/Plugins/Experimental/FullBodyIK/Config/BaseFullBodyIK.ini" 855
"../../../Engine/Plugins/Experimental/ToolPresets/Config/BaseToolPresets.ini" 856
"../../../Engine/Plugins/Interchange/Runtime/Config/BaseInterchange.ini" 857
"../../../Engine/Plugins/MetaHuman/MetaHumanSDK/Config/BaseMetaHumanSDK.ini" 858
"../../../Engine/Plugins/Interchange/Assets/Config/BaseInterchangeAssets.ini" 859
"../../../Engine/Plugins/VirtualProduction/CameraCalibrationCore/Config/BaseCameraCalibrationCore.ini" 860
"../../../Engine/Plugins/VirtualProduction/Takes/Config/BaseTakes.ini" 861
"../../../Engine/Plugins/2D/Paper2D/Config/BasePaper2D.ini" 862
"../../../Engine/Plugins/Animation/ControlRig/Config/BaseControlRig.ini" 863
"../../../Engine/Plugins/Animation/DeformerGraph/Config/BaseDeformerGraph.ini" 864
"../../../Engine/Plugins/Animation/IKRig/Config/BaseIKRig.ini" 865
"../../../Engine/Plugins/Cameras/GameplayCameras/Config/BaseGameplayCameras.ini" 866
"../../../Engine/Plugins/Enterprise/DatasmithContent/Config/BaseDatasmithContent.ini" 867
"../../../Engine/Plugins/Enterprise/GLTFExporter/Config/BaseGLTFExporter.ini" 868
"../../../Engine/Plugins/Enterprise/GLTFExporter/Config/DefaultGLTFExporter.ini" 869
"../../../Engine/Plugins/FX/Niagara/Config/BaseNiagara.ini" 870
"../../../Engine/Plugins/Enterprise/VariantManagerContent/Config/BaseVariantManagerContent.ini" 871
"../../../Engine/Plugins/Runtime/GameplayStateTree/Config/BaseGameplayStateTree.ini" 872
"../../../Engine/Plugins/Runtime/HairStrands/Config/BaseHairStrands.ini" 873
"../../../Engine/Plugins/Runtime/Metasound/Config/BaseMetasound.ini" 874
"../../../Engine/Plugins/Runtime/Metasound/Config/DefaultMetasound.ini" 875
"../../../Engine/Plugins/Runtime/PropertyBindingUtils/Config/BasePropertyBindingUtils.ini" 876
"../../../Engine/Plugins/Runtime/RigVM/Config/BaseRigVM.ini" 877
"../../../Engine/Plugins/Runtime/Synthesis/Config/BaseSynthesis.ini" 878
"../../../Engine/Plugins/Runtime/StateTree/Config/BaseStateTree.ini" 879
"../../../Engine/Plugins/Experimental/Compositing/CompositeCore/Config/BaseCompositeCore.ini" 880
"../../../Engine/Plugins/ChaosVD/Config/Engine.ini" 881
"../../../Engine/Plugins/EnhancedInput/Config/Input.ini" 882
"../../../Engine/Plugins/Runtime/InputDebugging/Config/Input.ini" 883
"../../../Engine/Plugins/Runtime/Windows/XInputDevice/Config/Input.ini" 884
"../../../Engine/Plugins/Online/OnlineSubsystemUtils/Config/Editor.ini" 885
"../../../Engine/Plugins/Runtime/RigVM/Config/Editor.ini" 886
"../../../Engine/Plugins/NNE/NNEDenoiser/Config/Game.ini" 887
"../../../Engine/Plugins/Editor/ModelingToolsEditorMode/Binaries/Win64/UnrealEditor.modules" 888
"../../../Engine/Plugins/Runtime/MeshModelingToolset/Binaries/Win64/UnrealEditor.modules" 889
"../../../Engine/Plugins/Experimental/MeshModelingToolsetExp/Binaries/Win64/UnrealEditor.modules" 890
"../../../Engine/Plugins/Editor/MeshLODToolset/Binaries/Win64/UnrealEditor.modules" 891
"../../../Engine/Plugins/Experimental/ToolPresets/Binaries/Win64/UnrealEditor.modules" 892
"../../../Engine/Plugins/Editor/StylusInput/Binaries/Win64/UnrealEditor.modules" 893
"../../../Engine/Plugins/Runtime/GeometryProcessing/Binaries/Win64/UnrealEditor.modules" 894
"../../../Engine/Plugins/Editor/ProxyLODPlugin/Binaries/Win64/UnrealEditor.modules" 895
"../../../Engine/Plugins/Experimental/PlanarCutPlugin/Binaries/Win64/UnrealEditor.modules" 896
"../../../Engine/Plugins/Runtime/GeometryCache/Binaries/Win64/UnrealEditor.modules" 897
"../../../Engine/Plugins/Experimental/GeometryFlow/Binaries/Win64/UnrealEditor.modules" 898
"../../../Engine/Plugins/Editor/EditorScriptingUtilities/Binaries/Win64/UnrealEditor.modules" 899
"../../../Engine/Plugins/FX/Niagara/Binaries/Win64/UnrealEditor.modules" 900
"../../../Engine/Plugins/Experimental/PythonScriptPlugin/Binaries/Win64/UnrealEditor.modules" 901
"../../../Engine/Plugins/Editor/ContentBrowser/ContentBrowserFileDataSource/Binaries/Win64/UnrealEditor.modules" 902
"../../../Engine/Plugins/Runtime/GameplayStateTree/Binaries/Win64/UnrealEditor.modules" 903
"../../../Engine/Plugins/Runtime/StateTree/Binaries/Win64/UnrealEditor.modules" 904
"../../../Engine/Plugins/Animation/GameplayInsights/Binaries/Win64/UnrealEditor.modules" 905
"../../../Engine/Plugins/Runtime/PropertyAccess/Binaries/Win64/UnrealEditor.modules" 906
"../../../Engine/Plugins/Runtime/PropertyBindingUtils/Binaries/Win64/UnrealEditor.modules" 907
"../../../Engine/Plugins/Bridge/Binaries/Win64/UnrealEditor.modules" 908
"../../../Engine/Plugins/MetaHuman/MetaHumanSDK/Binaries/Win64/UnrealEditor.modules" 909
"../../../Engine/Plugins/Animation/ControlRig/Binaries/Win64/UnrealEditor.modules" 910
"../../../Engine/Plugins/Runtime/HairStrands/Binaries/Win64/UnrealEditor.modules" 911
"../../../Engine/Plugins/Animation/RigLogic/Binaries/Win64/UnrealEditor.modules" 912
"../../../Engine/Plugins/Online/EOSShared/Binaries/Win64/UnrealEditor.modules" 913
"../../../Engine/Plugins/Runtime/RigVM/Binaries/Win64/UnrealEditor.modules" 914
"../../../Engine/Plugins/MovieScene/LevelSequenceEditor/Binaries/Win64/UnrealEditor.modules" 915
"../../../Engine/Plugins/MovieScene/SequencerScripting/Binaries/Win64/UnrealEditor.modules" 916
"../../../Engine/Plugins/Animation/TweeningUtils/Binaries/Win64/UnrealEditor.modules" 917
"../../../Engine/Plugins/Animation/DeformerGraph/Binaries/Win64/UnrealEditor.modules" 918
"../../../Engine/Plugins/Experimental/Dataflow/Binaries/Win64/UnrealEditor.modules" 919
"../../../Engine/Plugins/Runtime/ComputeFramework/Binaries/Win64/UnrealEditor.modules" 920
"../../../Engine/Plugins/Experimental/CharacterFXEditor/BaseCharacterFXEditor/Binaries/Win64/UnrealEditor.modules" 921
"../../../Engine/Plugins/Runtime/ProceduralMeshComponent/Binaries/Win64/UnrealEditor.modules" 922
"../../../Engine/Plugins/Experimental/ChaosCaching/Binaries/Win64/UnrealEditor.modules" 923
"../../../Engine/Plugins/Experimental/EditorDataStorage/Binaries/Win64/UnrealEditor.modules" 924
"../../../Engine/Plugins/Experimental/EditorDataStorageFeatures/Binaries/Win64/UnrealEditor.modules" 925
"../../../Engine/Plugins/VirtualProduction/Takes/Binaries/Win64/UnrealEditor.modules" 926
"../../../Engine/Plugins/Runtime/AudioCapture/Binaries/Win64/UnrealEditor.modules" 927
"../../../Engine/Plugins/Developer/NamingTokens/Binaries/Win64/UnrealEditor.modules" 928
"../../../Engine/Plugins/Editor/EngineAssetDefinitions/Binaries/Win64/UnrealEditor.modules" 929
"../../../Engine/Plugins/ChaosCloth/Binaries/Win64/UnrealEditor.modules" 930
"../../../Engine/Plugins/ChaosInsights/Binaries/Win64/UnrealEditor.modules" 931
"../../../Engine/Plugins/ChaosVD/Binaries/Win64/UnrealEditor.modules" 932
"../../../Engine/Plugins/CmdLinkServer/Binaries/Win64/UnrealEditor.modules" 933
"../../../Engine/Plugins/EnhancedInput/Binaries/Win64/UnrealEditor.modules" 934
"../../../Engine/Plugins/Editor/DataValidation/Binaries/Win64/UnrealEditor.modules" 935
"../../../Engine/Plugins/Fab/Binaries/Win64/UnrealEditor.modules" 936
"../../../Engine/Plugins/Interchange/Runtime/Binaries/Win64/UnrealEditor.modules" 937
"../../../Engine/Plugins/Enterprise/VariantManagerContent/Binaries/Win64/UnrealEditor.modules" 938
"../../../Engine/Plugins/Enterprise/VariantManager/Binaries/Win64/UnrealEditor.modules" 939
"../../../Engine/Plugins/Interchange/Assets/Binaries/Win64/UnrealEditor.modules" 940
"../../../Engine/Plugins/FastBuildController/Binaries/Win64/UnrealEditor.modules" 941
"../../../Engine/Plugins/IoStoreInsights/Binaries/Win64/UnrealEditor.modules" 942
"../../../Engine/Plugins/MassInsights/Binaries/Win64/UnrealEditor.modules" 943
"../../../Engine/Plugins/MeshPainting/Binaries/Win64/UnrealEditor.modules" 944
"../../../Engine/Plugins/Interchange/Editor/Binaries/Win64/UnrealEditor.modules" 945
"../../../Engine/Plugins/RenderGraphInsights/Binaries/Win64/UnrealEditor.modules" 946
"../../../Engine/Plugins/TraceUtilities/Binaries/Win64/UnrealEditor.modules" 947
"../../../Engine/Plugins/UbaController/Binaries/Win64/UnrealEditor.modules" 948
"../../../Engine/Plugins/WorldMetrics/Binaries/Win64/UnrealEditor.modules" 949
"../../../Engine/Plugins/XGEController/Binaries/Win64/UnrealEditor.modules" 950
"../../../Engine/Plugins/Editor/AssetManagerEditor/Binaries/Win64/UnrealEditor.modules" 951
"../../../Engine/Plugins/Editor/ContentBrowser/ContentBrowserAssetDataSource/Binaries/Win64/UnrealEditor.modules" 952
"../../../Engine/Plugins/Editor/BlueprintHeaderView/Binaries/Win64/UnrealEditor.modules" 953
"../../../Engine/Plugins/Editor/ChangelistReview/Binaries/Win64/UnrealEditor.modules" 954
"../../../Engine/Plugins/Editor/ColorGrading/Binaries/Win64/UnrealEditor.modules" 955
"../../../Engine/Plugins/Editor/ObjectMixer/ObjectMixer/Binaries/Win64/UnrealEditor.modules" 956
"../../../Engine/Plugins/Editor/CryptoKeys/Binaries/Win64/UnrealEditor.modules" 957
"../../../Engine/Plugins/Editor/EditorDebugTools/Binaries/Win64/UnrealEditor.modules" 958
"../../../Engine/Plugins/Editor/CurveEditorTools/Binaries/Win64/UnrealEditor.modules" 959
"../../../Engine/Plugins/Editor/GameplayTagsEditor/Binaries/Win64/UnrealEditor.modules" 960
"../../../Engine/Plugins/Editor/GeometryMode/Binaries/Win64/UnrealEditor.modules" 961
"../../../Engine/Plugins/Editor/FacialAnimation/Binaries/Win64/UnrealEditor.modules" 962
"../../../Engine/Plugins/Editor/MaterialAnalyzer/Binaries/Win64/UnrealEditor.modules" 963
"../../../Engine/Plugins/Editor/MobileLauncherProfileWizard/Binaries/Win64/UnrealEditor.modules" 964
"../../../Engine/Plugins/Editor/PluginBrowser/Binaries/Win64/UnrealEditor.modules" 965
"../../../Engine/Plugins/Developer/PluginUtils/Binaries/Win64/UnrealEditor.modules" 966
"../../../Engine/Plugins/Editor/SequencerAnimTools/Binaries/Win64/UnrealEditor.modules" 967
"../../../Engine/Plugins/Editor/SpeedTreeImporter/Binaries/Win64/UnrealEditor.modules" 968
"../../../Engine/Plugins/Editor/UMGWidgetPreview/Binaries/Win64/UnrealEditor.modules" 969
"../../../Engine/Plugins/Editor/UVEditor/Binaries/Win64/UnrealEditor.modules" 970
"../../../Engine/Plugins/Editor/WorldPartitionHLODUtilities/Binaries/Win64/UnrealEditor.modules" 971
"../../../Engine/Plugins/Experimental/AdvancedRenamer/Binaries/Win64/UnrealEditor.modules" 972
"../../../Engine/Plugins/Experimental/AutomationUtils/Binaries/Win64/UnrealEditor.modules" 973
"../../../Engine/Plugins/Experimental/BackChannel/Binaries/Win64/UnrealEditor.modules" 974
"../../../Engine/Plugins/Experimental/ChaosEditor/Binaries/Win64/UnrealEditor.modules" 975
"../../../Engine/Plugins/Experimental/GeometryCollectionPlugin/Binaries/Win64/UnrealEditor.modules" 976
"../../../Engine/Plugins/Experimental/Fracture/Binaries/Win64/UnrealEditor.modules" 977
"../../../Engine/Plugins/Experimental/ChaosSolverPlugin/Binaries/Win64/UnrealEditor.modules" 978
"../../../Engine/Plugins/Experimental/GeometryDataflow/Binaries/Win64/UnrealEditor.modules" 979
"../../../Engine/Plugins/Experimental/ChaosUserDataPT/Binaries/Win64/UnrealEditor.modules" 980
"../../../Engine/Plugins/Experimental/CharacterAI/Binaries/Win64/UnrealEditor.modules" 981
"../../../Engine/Plugins/Experimental/ChaosNiagara/Binaries/Win64/UnrealEditor.modules" 982
"../../../Engine/Plugins/Experimental/EditorPerformance/Binaries/Win64/UnrealEditor.modules" 983
"../../../Engine/Plugins/Experimental/EditorTelemetry/Binaries/Win64/UnrealEditor.modules" 984
"../../../Engine/Plugins/Experimental/LevelSequenceNavigatorBridge/Binaries/Win64/UnrealEditor.modules" 985
"../../../Engine/Plugins/Experimental/SequenceNavigator/Binaries/Win64/UnrealEditor.modules" 986
"../../../Engine/Plugins/Experimental/LocalizableMessage/Binaries/Win64/UnrealEditor.modules" 987
"../../../Engine/Plugins/Experimental/NFORDenoise/Binaries/Win64/UnrealEditor.modules" 988
"../../../Engine/Plugins/Experimental/PlatformCrypto/Binaries/Win64/UnrealEditor.modules" 989
"../../../Engine/Plugins/Experimental/RuntimeTelemetry/Binaries/Win64/UnrealEditor.modules" 990
"../../../Engine/Plugins/Experimental/SkeletalReduction/Binaries/Win64/UnrealEditor.modules" 991
"../../../Engine/Plugins/Online/OnlineBase/Binaries/Win64/UnrealEditor.modules" 992
"../../../Engine/Plugins/Online/OnlineSubsystem/Binaries/Win64/UnrealEditor.modules" 993
"../../../Engine/Plugins/Online/OnlineSubsystemNull/Binaries/Win64/UnrealEditor.modules" 994
"../../../Engine/Plugins/Online/OnlineSubsystemUtils/Binaries/Win64/UnrealEditor.modules" 995
"../../../Engine/Plugins/Online/OnlineServices/Binaries/Win64/UnrealEditor.modules" 996
"../../../Engine/Plugins/Tests/InterchangeTests/Binaries/Win64/UnrealEditor.modules" 997
"../../../Engine/Plugins/Media/AndroidMedia/Binaries/Win64/UnrealEditor.modules" 998
"../../../Engine/Plugins/Media/AvfMedia/Binaries/Win64/UnrealEditor.modules" 999
"../../../Engine/Plugins/Media/ImgMedia/Binaries/Win64/UnrealEditor.modules" 1000
"../../../Engine/Plugins/Media/MediaPlayerEditor/Binaries/Win64/UnrealEditor.modules" 1001
"../../../Engine/Plugins/Media/MediaCompositing/Binaries/Win64/UnrealEditor.modules" 1002
"../../../Engine/Plugins/Media/MediaPlate/Binaries/Win64/UnrealEditor.modules" 1003
"../../../Engine/Plugins/Experimental/Compositing/CompositeCore/Binaries/Win64/UnrealEditor.modules" 1004
"../../../Engine/Plugins/Media/WmfMedia/Binaries/Win64/UnrealEditor.modules" 1005
"../../../Engine/Plugins/MovieScene/ActorSequence/Binaries/Win64/UnrealEditor.modules" 1006
"../../../Engine/Plugins/2D/Paper2D/Binaries/Win64/UnrealEditor.modules" 1007
"../../../Engine/Plugins/AI/AISupport/Binaries/Win64/UnrealEditor.modules" 1008
"../../../Engine/Plugins/AI/EnvironmentQueryEditor/Binaries/Win64/UnrealEditor.modules" 1009
"../../../Engine/Plugins/Animation/ACLPlugin/Binaries/Win64/UnrealEditor.modules" 1010
"../../../Engine/Plugins/Animation/AnimationModifierLibrary/Binaries/Win64/UnrealEditor.modules" 1011
"../../../Engine/Plugins/Animation/AnimationData/Binaries/Win64/UnrealEditor.modules" 1012
"../../../Engine/Plugins/Animation/BlendSpaceMotionAnalysis/Binaries/Win64/UnrealEditor.modules" 1013
"../../../Engine/Plugins/Animation/ControlRigSpline/Binaries/Win64/UnrealEditor.modules" 1014
"../../../Engine/Plugins/Animation/IKRig/Binaries/Win64/UnrealEditor.modules" 1015
"../../../Engine/Plugins/Experimental/FullBodyIK/Binaries/Win64/UnrealEditor.modules" 1016
"../../../Engine/Plugins/Animation/SkeletalMeshModelingTools/Binaries/Win64/UnrealEditor.modules" 1017
"../../../Engine/Plugins/Cameras/CameraShakePreviewer/Binaries/Win64/UnrealEditor.modules" 1018
"../../../Engine/Plugins/Cameras/GameplayCameras/Binaries/Win64/UnrealEditor.modules" 1019
"../../../Engine/Plugins/VirtualProduction/CameraCalibrationCore/Binaries/Win64/UnrealEditor.modules" 1020
"../../../Engine/Plugins/MovieScene/TemplateSequence/Binaries/Win64/UnrealEditor.modules" 1021
"../../../Engine/Plugins/Cameras/EngineCameras/Binaries/Win64/UnrealEditor.modules" 1022
"../../../Engine/Plugins/Developer/CLionSourceCodeAccess/Binaries/Win64/UnrealEditor.modules" 1023
"../../../Engine/Plugins/Developer/AnimationSharing/Binaries/Win64/UnrealEditor.modules" 1024
"../../../Engine/Plugins/Runtime/SignificanceManager/Binaries/Win64/UnrealEditor.modules" 1025
"../../../Engine/Plugins/Developer/GitSourceControl/Binaries/Win64/UnrealEditor.modules" 1026
"../../../Engine/Plugins/Developer/N10XSourceCodeAccess/Binaries/Win64/UnrealEditor.modules" 1027
"../../../Engine/Plugins/Compression/OodleNetwork/Binaries/Win64/UnrealEditor.modules" 1028
"../../../Engine/Plugins/Developer/DumpGPUServices/Binaries/Win64/UnrealEditor.modules" 1029
"../../../Engine/Plugins/Developer/PixWinPlugin/Binaries/Win64/UnrealEditor.modules" 1030
"../../../Engine/Plugins/Developer/PlasticSourceControl/Binaries/Win64/UnrealEditor.modules" 1031
"../../../Engine/Plugins/Developer/ProjectLauncher/Binaries/Win64/UnrealEditor.modules" 1032
"../../../Engine/Plugins/Developer/RenderDocPlugin/Binaries/Win64/UnrealEditor.modules" 1033
"../../../Engine/Plugins/Developer/RiderSourceCodeAccess/Binaries/Win64/UnrealEditor.modules" 1034
"../../../Engine/Plugins/Developer/SubversionSourceControl/Binaries/Win64/UnrealEditor.modules" 1035
"../../../Engine/Plugins/Developer/PropertyAccessNode/Binaries/Win64/UnrealEditor.modules" 1036
"../../../Engine/Plugins/Developer/UObjectPlugin/Binaries/Win64/UnrealEditor.modules" 1037
"../../../Engine/Plugins/Developer/VisualStudioSourceCodeAccess/Binaries/Win64/UnrealEditor.modules" 1038
"../../../Engine/Plugins/Developer/VisualStudioCodeSourceCodeAccess/Binaries/Win64/UnrealEditor.modules" 1039
"../../../Engine/Plugins/Developer/PerforceSourceControl/Binaries/Win64/UnrealEditor.modules" 1040
"../../../Engine/Plugins/Developer/TextureFormatOodle/Binaries/Win64/UnrealEditor.modules" 1041
"../../../Engine/Plugins/Enterprise/DatasmithContent/Binaries/Win64/UnrealEditor.modules" 1042
"../../../Engine/Plugins/Enterprise/GLTFExporter/Binaries/Win64/UnrealEditor.modules" 1043
"../../../Engine/Plugins/FX/Cascade/Binaries/Win64/UnrealEditor.modules" 1044
"../../../Engine/Plugins/Importers/AlembicImporter/Binaries/Win64/UnrealEditor.modules" 1045
"../../../Engine/Plugins/FX/NiagaraSimCaching/Binaries/Win64/UnrealEditor.modules" 1046
"../../../Engine/Plugins/Messaging/TcpMessaging/Binaries/Win64/UnrealEditor.modules" 1047
"../../../Engine/Plugins/NNE/NNEDenoiser/Binaries/Win64/UnrealEditor.modules" 1048
"../../../Engine/Plugins/NNE/NNERuntimeORT/Binaries/Win64/UnrealEditor.modules" 1049
"../../../Engine/Plugins/Runtime/ActorLayerUtilities/Binaries/Win64/UnrealEditor.modules" 1050
"../../../Engine/Plugins/Runtime/AndroidDeviceProfileSelector/Binaries/Win64/UnrealEditor.modules" 1051
"../../../Engine/Plugins/Runtime/AndroidFileServer/Binaries/Win64/UnrealEditor.modules" 1052
"../../../Engine/Plugins/Runtime/AndroidPermission/Binaries/Win64/UnrealEditor.modules" 1053
"../../../Engine/Plugins/Portal/LauncherChunkInstaller/Binaries/Win64/UnrealEditor.modules" 1054
"../../../Engine/Plugins/Runtime/AppleImageUtils/Binaries/Win64/UnrealEditor.modules" 1055
"../../../Engine/Plugins/Messaging/UdpMessaging/Binaries/Win64/UnrealEditor.modules" 1056
"../../../Engine/Plugins/Runtime/ArchVisCharacter/Binaries/Win64/UnrealEditor.modules" 1057
"../../../Engine/Plugins/Runtime/ChunkDownloader/Binaries/Win64/UnrealEditor.modules" 1058
"../../../Engine/Plugins/Runtime/AssetTags/Binaries/Win64/UnrealEditor.modules" 1059
"../../../Engine/Plugins/Runtime/CustomMeshComponent/Binaries/Win64/UnrealEditor.modules" 1060
"../../../Engine/Plugins/Runtime/CableComponent/Binaries/Win64/UnrealEditor.modules" 1061
"../../../Engine/Plugins/Runtime/ExampleDeviceProfileSelector/Binaries/Win64/UnrealEditor.modules" 1062
"../../../Engine/Plugins/Runtime/GooglePAD/Binaries/Win64/UnrealEditor.modules" 1063
"../../../Engine/Plugins/Runtime/InputDebugging/Binaries/Win64/UnrealEditor.modules" 1064
"../../../Engine/Plugins/Runtime/LocationServicesBPLibrary/Binaries/Win64/UnrealEditor.modules" 1065
"../../../Engine/Plugins/Runtime/Metasound/Binaries/Win64/UnrealEditor.modules" 1066
"../../../Engine/Plugins/Runtime/AudioWidgets/Binaries/Win64/UnrealEditor.modules" 1067
"../../../Engine/Plugins/Runtime/AudioSynesthesia/Binaries/Win64/UnrealEditor.modules" 1068
"../../../Engine/Plugins/Runtime/WaveTable/Binaries/Win64/UnrealEditor.modules" 1069
"../../../Engine/Plugins/Runtime/MobilePatchingUtils/Binaries/Win64/UnrealEditor.modules" 1070
"../../../Engine/Plugins/Runtime/MsQuic/Binaries/Win64/UnrealEditor.modules" 1071
"../../../Engine/Plugins/Runtime/ResonanceAudio/Binaries/Win64/UnrealEditor.modules" 1072
"../../../Engine/Plugins/Runtime/SoundFields/Binaries/Win64/UnrealEditor.modules" 1073
"../../../Engine/Plugins/Runtime/Synthesis/Binaries/Win64/UnrealEditor.modules" 1074
"../../../Engine/Plugins/Runtime/WebMMoviePlayer/Binaries/Win64/UnrealEditor.modules" 1075
"../../../Engine/Plugins/Media/WebMMedia/Binaries/Win64/UnrealEditor.modules" 1076
"../../../Engine/Plugins/Runtime/WindowsMoviePlayer/Binaries/Win64/UnrealEditor.modules" 1077
"../../../Engine/Plugins/Runtime/WindowsDeviceProfileSelector/Binaries/Win64/UnrealEditor.modules" 1078
"../../../Engine/Plugins/Editor/Localization/PortableObjectFileDataSource/Binaries/Win64/UnrealEditor.modules" 1079
"../../../Engine/Plugins/Runtime/Windows/XInputDevice/Binaries/Win64/UnrealEditor.modules" 1080
"../../../Engine/Plugins/Editor/ObjectMixer/LightMixer/Binaries/Win64/UnrealEditor.modules" 1081
"../../../Engine/Plugins/Editor/ContentBrowser/ContentBrowserClassDataSource/Binaries/Win64/UnrealEditor.modules" 1082
"../../../Engine/Config/BaseSourceControlSettings.ini" 1083
"../../../Engine/Content/Internationalization/icudt64l/coll/ucadata.icu" 1084
"../../../Engine/Content/Internationalization/icudt64l/coll/zh_CN.res" 1085
"../../../Engine/Content/Internationalization/icudt64l/coll/zh_Hans_CN.res" 1086
"../../../Engine/Content/Internationalization/icudt64l/coll/zh_Hans.res" 1087
"../../../Engine/Content/Internationalization/icudt64l/coll/zh.res" 1088
"../../../Engine/Content/Internationalization/icudt64l/coll/root.res" 1089
"../../../Engine/Content/Certificates/ThirdParty/cacert.pem" 1090
"../../../Engine/Config/ConsoleVariables.ini" 1091
"../../../Engine/Binaries/Win64/Android/UnrealEditor.modules" 1092
"../../../Engine/Binaries/Win64/IOS/UnrealEditor.modules" 1093
"../../../Engine/Binaries/Win64/Linux/UnrealEditor.modules" 1094
"../../../Engine/Content/Localization/Editor/zh-Hans/Editor.locres" 1095
"../../../Engine/Content/Localization/EditorTutorials/zh-Hans/EditorTutorials.locres" 1096
"../../../Engine/Content/Localization/Keywords/zh-Hans/Keywords.locres" 1097
"../../../Engine/Content/Localization/Category/zh-Hans/Category.locres" 1098
"../../../Engine/Content/Localization/ToolTips/zh-Hans/ToolTips.locres" 1099
"../../../Engine/Content/Localization/PropertyNames/zh-Hans/PropertyNames.locres" 1100
"../../../Engine/Content/Localization/Engine/zh-Hans/Engine.locres" 1101
"../../../Engine/Plugins/MetaHuman/MetaHumanSDK/Content/Localization/MetaHumanSDK/zh-Hans/MetaHumanSDK.locres" 1102
"../../../Engine/Plugins/Online/OnlineSubsystem/Content/Localization/OnlineSubsystem/zh-Hans/OnlineSubsystem.locres" 1103
"../../../Engine/Plugins/Online/OnlineSubsystemUtils/Content/Localization/OnlineSubsystemUtils/zh-Hans/OnlineSubsystemUtils.locres" 1104
"../../../Engine/Plugins/Online/Android/OnlineSubsystemGooglePlay/Content/Localization/OnlineSubsystemGooglePlay/zh-Hans/OnlineSubsystemGooglePlay.locres" 1105
"../../../Engine/Plugins/Online/IOS/OnlineSubsystemIOS/Content/Localization/OnlineSubsystemIOS/zh-Hans/OnlineSubsystemIOS.locres" 1106
"../../../Engine/Content/Internationalization/icudt64l/numberingSystems.res" 1107
"../../../Engine/Content/Internationalization/icudt64l/curr/supplementalData.res" 1108
"../../../Engine/Content/Internationalization/icudt64l/curr/zh_CN.res" 1109
"../../../Engine/Content/Internationalization/icudt64l/curr/pool.res" 1110
"../../../Engine/Content/Internationalization/icudt64l/curr/zh_Hans_CN.res" 1111
"../../../Engine/Content/Internationalization/icudt64l/curr/zh_Hans.res" 1112
"../../../Engine/Content/Internationalization/icudt64l/curr/zh.res" 1113
"../../../Engine/Content/Internationalization/icudt64l/curr/root.res" 1114
"../../../Engine/Content/Internationalization/icudt64l/lang/af.res" 1115
"../../../Engine/Content/Internationalization/icudt64l/region/af.res" 1116
"../../../Engine/Content/Internationalization/icudt64l/lang/agq.res" 1117
"../../../Engine/Content/Internationalization/icudt64l/region/agq.res" 1118
"../../../Engine/Content/Internationalization/icudt64l/lang/ak.res" 1119
"../../../Engine/Content/Internationalization/icudt64l/region/ak.res" 1120
"../../../Engine/Content/Internationalization/icudt64l/lang/am.res" 1121
"../../../Engine/Content/Internationalization/icudt64l/region/am.res" 1122
"../../../Engine/Content/Internationalization/icudt64l/lang/ar.res" 1123
"../../../Engine/Content/Internationalization/icudt64l/region/ar.res" 1124
"../../../Engine/Content/Internationalization/icudt64l/region/ar_AE.res" 1125
"../../../Engine/Content/Internationalization/icudt64l/lang/ar_EG.res" 1126
"../../../Engine/Content/Internationalization/icudt64l/lang/ar_LY.res" 1127
"../../../Engine/Content/Internationalization/icudt64l/region/ar_LY.res" 1128
"../../../Engine/Content/Internationalization/icudt64l/lang/ar_SA.res" 1129
"../../../Engine/Content/Internationalization/icudt64l/region/ar_SA.res" 1130
"../../../Engine/Content/Internationalization/icudt64l/lang/as.res" 1131
"../../../Engine/Content/Internationalization/icudt64l/region/as.res" 1132
"../../../Engine/Content/Internationalization/icudt64l/lang/asa.res" 1133
"../../../Engine/Content/Internationalization/icudt64l/region/asa.res" 1134
"../../../Engine/Content/Internationalization/icudt64l/lang/ast.res" 1135
"../../../Engine/Content/Internationalization/icudt64l/region/ast.res" 1136
"../../../Engine/Content/Internationalization/icudt64l/lang/az.res" 1137
"../../../Engine/Content/Internationalization/icudt64l/lang/az_Cyrl.res" 1138
"../../../Engine/Content/Internationalization/icudt64l/lang/az_AZ.res" 1139
"../../../Engine/Content/Internationalization/icudt64l/lang/az_Latn_AZ.res" 1140
"../../../Engine/Content/Internationalization/icudt64l/lang/az_Latn.res" 1141
"../../../Engine/Content/Internationalization/icudt64l/region/az_AZ.res" 1142
"../../../Engine/Content/Internationalization/icudt64l/region/az_Latn_AZ.res" 1143
"../../../Engine/Content/Internationalization/icudt64l/region/az_Latn.res" 1144
"../../../Engine/Content/Internationalization/icudt64l/region/az.res" 1145
"../../../Engine/Content/Internationalization/icudt64l/region/az_Cyrl.res" 1146
"../../../Engine/Content/Internationalization/icudt64l/lang/bas.res" 1147
"../../../Engine/Content/Internationalization/icudt64l/region/bas.res" 1148
"../../../Engine/Content/Internationalization/icudt64l/lang/be.res" 1149
"../../../Engine/Content/Internationalization/icudt64l/region/be.res" 1150
"../../../Engine/Content/Internationalization/icudt64l/lang/bem.res" 1151
"../../../Engine/Content/Internationalization/icudt64l/region/bem.res" 1152
"../../../Engine/Content/Internationalization/icudt64l/lang/bez.res" 1153
"../../../Engine/Content/Internationalization/icudt64l/region/bez.res" 1154
"../../../Engine/Content/Internationalization/icudt64l/lang/bg.res" 1155
"../../../Engine/Content/Internationalization/icudt64l/region/bg.res" 1156
"../../../Engine/Content/Internationalization/icudt64l/lang/bm.res" 1157
"../../../Engine/Content/Internationalization/icudt64l/region/bm.res" 1158
"../../../Engine/Content/Internationalization/icudt64l/lang/bn.res" 1159
"../../../Engine/Content/Internationalization/icudt64l/region/bn.res" 1160
"../../../Engine/Content/Internationalization/icudt64l/lang/bn_IN.res" 1161
"../../../Engine/Content/Internationalization/icudt64l/region/bn_IN.res" 1162
"../../../Engine/Content/Internationalization/icudt64l/lang/bo.res" 1163
"../../../Engine/Content/Internationalization/icudt64l/region/bo.res" 1164
"../../../Engine/Content/Internationalization/icudt64l/region/bo_IN.res" 1165
"../../../Engine/Content/Internationalization/icudt64l/lang/br.res" 1166
"../../../Engine/Content/Internationalization/icudt64l/region/br.res" 1167
"../../../Engine/Content/Internationalization/icudt64l/lang/brx.res" 1168
"../../../Engine/Content/Internationalization/icudt64l/region/brx.res" 1169
"../../../Engine/Content/Internationalization/icudt64l/lang/bs.res" 1170
"../../../Engine/Content/Internationalization/icudt64l/lang/bs_Cyrl.res" 1171
"../../../Engine/Content/Internationalization/icudt64l/lang/bs_BA.res" 1172
"../../../Engine/Content/Internationalization/icudt64l/lang/bs_Latn_BA.res" 1173
"../../../Engine/Content/Internationalization/icudt64l/lang/bs_Latn.res" 1174
"../../../Engine/Content/Internationalization/icudt64l/region/bs_BA.res" 1175
"../../../Engine/Content/Internationalization/icudt64l/region/bs_Latn_BA.res" 1176
"../../../Engine/Content/Internationalization/icudt64l/region/bs_Latn.res" 1177
"../../../Engine/Content/Internationalization/icudt64l/region/bs.res" 1178
"../../../Engine/Content/Internationalization/icudt64l/region/bs_Cyrl.res" 1179
"../../../Engine/Content/Internationalization/icudt64l/lang/ca.res" 1180
"../../../Engine/Content/Internationalization/icudt64l/region/ca.res" 1181
"../../../Engine/Content/Internationalization/icudt64l/lang/ccp.res" 1182
"../../../Engine/Content/Internationalization/icudt64l/region/ccp.res" 1183
"../../../Engine/Content/Internationalization/icudt64l/lang/ce.res" 1184
"../../../Engine/Content/Internationalization/icudt64l/region/ce.res" 1185
"../../../Engine/Content/Internationalization/icudt64l/lang/ceb.res" 1186
"../../../Engine/Content/Internationalization/icudt64l/region/ceb.res" 1187
"../../../Engine/Content/Internationalization/icudt64l/lang/cgg.res" 1188
"../../../Engine/Content/Internationalization/icudt64l/region/cgg.res" 1189
"../../../Engine/Content/Internationalization/icudt64l/lang/chr.res" 1190
"../../../Engine/Content/Internationalization/icudt64l/region/chr.res" 1191
"../../../Engine/Content/Internationalization/icudt64l/lang/ckb.res" 1192
"../../../Engine/Content/Internationalization/icudt64l/region/ckb.res" 1193
"../../../Engine/Content/Internationalization/icudt64l/lang/cs.res" 1194
"../../../Engine/Content/Internationalization/icudt64l/region/cs.res" 1195
"../../../Engine/Content/Internationalization/icudt64l/lang/cy.res" 1196
"../../../Engine/Content/Internationalization/icudt64l/region/cy.res" 1197
"../../../Engine/Content/Internationalization/icudt64l/lang/da.res" 1198
"../../../Engine/Content/Internationalization/icudt64l/region/da.res" 1199
"../../../Engine/Content/Internationalization/icudt64l/lang/dav.res" 1200
"../../../Engine/Content/Internationalization/icudt64l/region/dav.res" 1201
"../../../Engine/Content/Internationalization/icudt64l/lang/de.res" 1202
"../../../Engine/Content/Internationalization/icudt64l/lang/de_AT.res" 1203
"../../../Engine/Content/Internationalization/icudt64l/region/de_AT.res" 1204
"../../../Engine/Content/Internationalization/icudt64l/region/de.res" 1205
"../../../Engine/Content/Internationalization/icudt64l/lang/de_CH.res" 1206
"../../../Engine/Content/Internationalization/icudt64l/region/de_CH.res" 1207
"../../../Engine/Content/Internationalization/icudt64l/lang/de_LU.res" 1208
"../../../Engine/Content/Internationalization/icudt64l/lang/dje.res" 1209
"../../../Engine/Content/Internationalization/icudt64l/region/dje.res" 1210
"../../../Engine/Content/Internationalization/icudt64l/lang/dsb.res" 1211
"../../../Engine/Content/Internationalization/icudt64l/region/dsb.res" 1212
"../../../Engine/Content/Internationalization/icudt64l/lang/dua.res" 1213
"../../../Engine/Content/Internationalization/icudt64l/region/dua.res" 1214
"../../../Engine/Content/Internationalization/icudt64l/lang/dyo.res" 1215
"../../../Engine/Content/Internationalization/icudt64l/region/dyo.res" 1216
"../../../Engine/Content/Internationalization/icudt64l/lang/dz.res" 1217
"../../../Engine/Content/Internationalization/icudt64l/region/dz.res" 1218
"../../../Engine/Content/Internationalization/icudt64l/lang/ebu.res" 1219
"../../../Engine/Content/Internationalization/icudt64l/region/ebu.res" 1220
"../../../Engine/Content/Internationalization/icudt64l/lang/ee.res" 1221
"../../../Engine/Content/Internationalization/icudt64l/region/ee.res" 1222
"../../../Engine/Content/Internationalization/icudt64l/lang/el.res" 1223
"../../../Engine/Content/Internationalization/icudt64l/region/el.res" 1224
"../../../Engine/Content/Internationalization/icudt64l/lang/en_001.res" 1225
"../../../Engine/Content/Internationalization/icudt64l/lang/en_150.res" 1226
"../../../Engine/Content/Internationalization/icudt64l/region/en_150.res" 1227
"../../../Engine/Content/Internationalization/icudt64l/lang/en_AG.res" 1228
"../../../Engine/Content/Internationalization/icudt64l/region/en_AG.res" 1229
"../../../Engine/Content/Internationalization/icudt64l/lang/en_AI.res" 1230
"../../../Engine/Content/Internationalization/icudt64l/region/en_AI.res" 1231
"../../../Engine/Content/Internationalization/icudt64l/lang/en_AT.res" 1232
"../../../Engine/Content/Internationalization/icudt64l/region/en_AT.res" 1233
"../../../Engine/Content/Internationalization/icudt64l/lang/en_AU.res" 1234
"../../../Engine/Content/Internationalization/icudt64l/region/en_AU.res" 1235
"../../../Engine/Content/Internationalization/icudt64l/lang/en_BB.res" 1236
"../../../Engine/Content/Internationalization/icudt64l/region/en_BB.res" 1237
"../../../Engine/Content/Internationalization/icudt64l/lang/en_BE.res" 1238
"../../../Engine/Content/Internationalization/icudt64l/region/en_BE.res" 1239
"../../../Engine/Content/Internationalization/icudt64l/lang/en_BM.res" 1240
"../../../Engine/Content/Internationalization/icudt64l/region/en_BM.res" 1241
"../../../Engine/Content/Internationalization/icudt64l/lang/en_BS.res" 1242
"../../../Engine/Content/Internationalization/icudt64l/region/en_BS.res" 1243
"../../../Engine/Content/Internationalization/icudt64l/lang/en_BW.res" 1244
"../../../Engine/Content/Internationalization/icudt64l/region/en_BW.res" 1245
"../../../Engine/Content/Internationalization/icudt64l/lang/en_BZ.res" 1246
"../../../Engine/Content/Internationalization/icudt64l/region/en_BZ.res" 1247
"../../../Engine/Content/Internationalization/icudt64l/lang/en_CA.res" 1248
"../../../Engine/Content/Internationalization/icudt64l/region/en_CA.res" 1249
"../../../Engine/Content/Internationalization/icudt64l/lang/en_CC.res" 1250
"../../../Engine/Content/Internationalization/icudt64l/region/en_CC.res" 1251
"../../../Engine/Content/Internationalization/icudt64l/lang/en_CH.res" 1252
"../../../Engine/Content/Internationalization/icudt64l/region/en_CH.res" 1253
"../../../Engine/Content/Internationalization/icudt64l/lang/en_CK.res" 1254
"../../../Engine/Content/Internationalization/icudt64l/region/en_CK.res" 1255
"../../../Engine/Content/Internationalization/icudt64l/lang/en_CM.res" 1256
"../../../Engine/Content/Internationalization/icudt64l/region/en_CM.res" 1257
"../../../Engine/Content/Internationalization/icudt64l/lang/en_CX.res" 1258
"../../../Engine/Content/Internationalization/icudt64l/region/en_CX.res" 1259
"../../../Engine/Content/Internationalization/icudt64l/lang/en_CY.res" 1260
"../../../Engine/Content/Internationalization/icudt64l/region/en_CY.res" 1261
"../../../Engine/Content/Internationalization/icudt64l/lang/en_DE.res" 1262
"../../../Engine/Content/Internationalization/icudt64l/region/en_DE.res" 1263
"../../../Engine/Content/Internationalization/icudt64l/lang/en_DG.res" 1264
"../../../Engine/Content/Internationalization/icudt64l/region/en_DG.res" 1265
"../../../Engine/Content/Internationalization/icudt64l/lang/en_DK.res" 1266
"../../../Engine/Content/Internationalization/icudt64l/region/en_DK.res" 1267
"../../../Engine/Content/Internationalization/icudt64l/lang/en_DM.res" 1268
"../../../Engine/Content/Internationalization/icudt64l/region/en_DM.res" 1269
"../../../Engine/Content/Internationalization/icudt64l/lang/en_ER.res" 1270
"../../../Engine/Content/Internationalization/icudt64l/region/en_ER.res" 1271
"../../../Engine/Content/Internationalization/icudt64l/lang/en_FI.res" 1272
"../../../Engine/Content/Internationalization/icudt64l/region/en_FI.res" 1273
"../../../Engine/Content/Internationalization/icudt64l/lang/en_FJ.res" 1274
"../../../Engine/Content/Internationalization/icudt64l/region/en_FJ.res" 1275
"../../../Engine/Content/Internationalization/icudt64l/lang/en_FK.res" 1276
"../../../Engine/Content/Internationalization/icudt64l/region/en_FK.res" 1277
"../../../Engine/Content/Internationalization/icudt64l/lang/en_FM.res" 1278
"../../../Engine/Content/Internationalization/icudt64l/region/en_FM.res" 1279
"../../../Engine/Content/Internationalization/icudt64l/lang/en_GB.res" 1280
"../../../Engine/Content/Internationalization/icudt64l/region/en_GB.res" 1281
"../../../Engine/Content/Internationalization/icudt64l/lang/en_GD.res" 1282
"../../../Engine/Content/Internationalization/icudt64l/region/en_GD.res" 1283
"../../../Engine/Content/Internationalization/icudt64l/lang/en_GG.res" 1284
"../../../Engine/Content/Internationalization/icudt64l/region/en_GG.res" 1285
"../../../Engine/Content/Internationalization/icudt64l/lang/en_GH.res" 1286
"../../../Engine/Content/Internationalization/icudt64l/region/en_GH.res" 1287
"../../../Engine/Content/Internationalization/icudt64l/lang/en_GI.res" 1288
"../../../Engine/Content/Internationalization/icudt64l/region/en_GI.res" 1289
"../../../Engine/Content/Internationalization/icudt64l/lang/en_GM.res" 1290
"../../../Engine/Content/Internationalization/icudt64l/region/en_GM.res" 1291
"../../../Engine/Content/Internationalization/icudt64l/lang/en_GY.res" 1292
"../../../Engine/Content/Internationalization/icudt64l/region/en_GY.res" 1293
"../../../Engine/Content/Internationalization/icudt64l/lang/en_HK.res" 1294
"../../../Engine/Content/Internationalization/icudt64l/region/en_HK.res" 1295
"../../../Engine/Content/Internationalization/icudt64l/lang/en_IE.res" 1296
"../../../Engine/Content/Internationalization/icudt64l/region/en_IE.res" 1297
"../../../Engine/Content/Internationalization/icudt64l/lang/en_IL.res" 1298
"../../../Engine/Content/Internationalization/icudt64l/region/en_IL.res" 1299
"../../../Engine/Content/Internationalization/icudt64l/lang/en_IM.res" 1300
"../../../Engine/Content/Internationalization/icudt64l/region/en_IM.res" 1301
"../../../Engine/Content/Internationalization/icudt64l/lang/en_IN.res" 1302
"../../../Engine/Content/Internationalization/icudt64l/region/en_IN.res" 1303
"../../../Engine/Content/Internationalization/icudt64l/lang/en_IO.res" 1304
"../../../Engine/Content/Internationalization/icudt64l/region/en_IO.res" 1305
"../../../Engine/Content/Internationalization/icudt64l/lang/en_JE.res" 1306
"../../../Engine/Content/Internationalization/icudt64l/region/en_JE.res" 1307
"../../../Engine/Content/Internationalization/icudt64l/lang/en_JM.res" 1308
"../../../Engine/Content/Internationalization/icudt64l/region/en_JM.res" 1309
"../../../Engine/Content/Internationalization/icudt64l/lang/en_KE.res" 1310
"../../../Engine/Content/Internationalization/icudt64l/region/en_KE.res" 1311
"../../../Engine/Content/Internationalization/icudt64l/lang/en_KI.res" 1312
"../../../Engine/Content/Internationalization/icudt64l/region/en_KI.res" 1313
"../../../Engine/Content/Internationalization/icudt64l/lang/en_KN.res" 1314
"../../../Engine/Content/Internationalization/icudt64l/region/en_KN.res" 1315
"../../../Engine/Content/Internationalization/icudt64l/lang/en_KY.res" 1316
"../../../Engine/Content/Internationalization/icudt64l/region/en_KY.res" 1317
"../../../Engine/Content/Internationalization/icudt64l/lang/en_LC.res" 1318
"../../../Engine/Content/Internationalization/icudt64l/region/en_LC.res" 1319
"../../../Engine/Content/Internationalization/icudt64l/lang/en_LR.res" 1320
"../../../Engine/Content/Internationalization/icudt64l/region/en_LR.res" 1321
"../../../Engine/Content/Internationalization/icudt64l/lang/en_LS.res" 1322
"../../../Engine/Content/Internationalization/icudt64l/region/en_LS.res" 1323
"../../../Engine/Content/Internationalization/icudt64l/lang/en_MG.res" 1324
"../../../Engine/Content/Internationalization/icudt64l/region/en_MG.res" 1325
"../../../Engine/Content/Internationalization/icudt64l/lang/en_MO.res" 1326
"../../../Engine/Content/Internationalization/icudt64l/region/en_MO.res" 1327
"../../../Engine/Content/Internationalization/icudt64l/lang/en_MS.res" 1328
"../../../Engine/Content/Internationalization/icudt64l/region/en_MS.res" 1329
"../../../Engine/Content/Internationalization/icudt64l/lang/en_MT.res" 1330
"../../../Engine/Content/Internationalization/icudt64l/region/en_MT.res" 1331
"../../../Engine/Content/Internationalization/icudt64l/lang/en_MU.res" 1332
"../../../Engine/Content/Internationalization/icudt64l/region/en_MU.res" 1333
"../../../Engine/Content/Internationalization/icudt64l/lang/en_MW.res" 1334
"../../../Engine/Content/Internationalization/icudt64l/region/en_MW.res" 1335
"../../../Engine/Content/Internationalization/icudt64l/lang/en_MY.res" 1336
"../../../Engine/Content/Internationalization/icudt64l/region/en_MY.res" 1337
"../../../Engine/Content/Internationalization/icudt64l/lang/en_NA.res" 1338
"../../../Engine/Content/Internationalization/icudt64l/region/en_NA.res" 1339
"../../../Engine/Content/Internationalization/icudt64l/lang/en_NF.res" 1340
"../../../Engine/Content/Internationalization/icudt64l/region/en_NF.res" 1341
"../../../Engine/Content/Internationalization/icudt64l/lang/en_NG.res" 1342
"../../../Engine/Content/Internationalization/icudt64l/region/en_NG.res" 1343
"../../../Engine/Content/Internationalization/icudt64l/lang/en_NL.res" 1344
"../../../Engine/Content/Internationalization/icudt64l/region/en_NL.res" 1345
"../../../Engine/Content/Internationalization/icudt64l/lang/en_NR.res" 1346
"../../../Engine/Content/Internationalization/icudt64l/region/en_NR.res" 1347
"../../../Engine/Content/Internationalization/icudt64l/lang/en_NU.res" 1348
"../../../Engine/Content/Internationalization/icudt64l/region/en_NU.res" 1349
"../../../Engine/Content/Internationalization/icudt64l/lang/en_NZ.res" 1350
"../../../Engine/Content/Internationalization/icudt64l/region/en_NZ.res" 1351
"../../../Engine/Content/Internationalization/icudt64l/lang/en_PG.res" 1352
"../../../Engine/Content/Internationalization/icudt64l/region/en_PG.res" 1353
"../../../Engine/Content/Internationalization/icudt64l/lang/en_PH.res" 1354
"../../../Engine/Content/Internationalization/icudt64l/region/en_PH.res" 1355
"../../../Engine/Content/Internationalization/icudt64l/lang/en_PK.res" 1356
"../../../Engine/Content/Internationalization/icudt64l/region/en_PK.res" 1357
"../../../Engine/Content/Internationalization/icudt64l/lang/en_PN.res" 1358
"../../../Engine/Content/Internationalization/icudt64l/region/en_PN.res" 1359
"../../../Engine/Content/Internationalization/icudt64l/lang/en_PW.res" 1360
"../../../Engine/Content/Internationalization/icudt64l/region/en_PW.res" 1361
"../../../Engine/Content/Internationalization/icudt64l/lang/en_RW.res" 1362
"../../../Engine/Content/Internationalization/icudt64l/region/en_RW.res" 1363
"../../../Engine/Content/Internationalization/icudt64l/lang/en_SB.res" 1364
"../../../Engine/Content/Internationalization/icudt64l/region/en_SB.res" 1365
"../../../Engine/Content/Internationalization/icudt64l/lang/en_SC.res" 1366
"../../../Engine/Content/Internationalization/icudt64l/region/en_SC.res" 1367
"../../../Engine/Content/Internationalization/icudt64l/lang/en_SD.res" 1368
"../../../Engine/Content/Internationalization/icudt64l/region/en_SD.res" 1369
"../../../Engine/Content/Internationalization/icudt64l/lang/en_SE.res" 1370
"../../../Engine/Content/Internationalization/icudt64l/region/en_SE.res" 1371
"../../../Engine/Content/Internationalization/icudt64l/lang/en_SG.res" 1372
"../../../Engine/Content/Internationalization/icudt64l/region/en_SG.res" 1373
"../../../Engine/Content/Internationalization/icudt64l/lang/en_SH.res" 1374
"../../../Engine/Content/Internationalization/icudt64l/region/en_SH.res" 1375
"../../../Engine/Content/Internationalization/icudt64l/lang/en_SI.res" 1376
"../../../Engine/Content/Internationalization/icudt64l/region/en_SI.res" 1377
"../../../Engine/Content/Internationalization/icudt64l/lang/en_SL.res" 1378
"../../../Engine/Content/Internationalization/icudt64l/region/en_SL.res" 1379
"../../../Engine/Content/Internationalization/icudt64l/lang/en_SS.res" 1380
"../../../Engine/Content/Internationalization/icudt64l/region/en_SS.res" 1381
"../../../Engine/Content/Internationalization/icudt64l/lang/en_SX.res" 1382
"../../../Engine/Content/Internationalization/icudt64l/region/en_SX.res" 1383
"../../../Engine/Content/Internationalization/icudt64l/lang/en_SZ.res" 1384
"../../../Engine/Content/Internationalization/icudt64l/region/en_SZ.res" 1385
"../../../Engine/Content/Internationalization/icudt64l/lang/en_TC.res" 1386
"../../../Engine/Content/Internationalization/icudt64l/region/en_TC.res" 1387
"../../../Engine/Content/Internationalization/icudt64l/lang/en_TK.res" 1388
"../../../Engine/Content/Internationalization/icudt64l/region/en_TK.res" 1389
"../../../Engine/Content/Internationalization/icudt64l/lang/en_TO.res" 1390
"../../../Engine/Content/Internationalization/icudt64l/region/en_TO.res" 1391
"../../../Engine/Content/Internationalization/icudt64l/lang/en_TT.res" 1392
"../../../Engine/Content/Internationalization/icudt64l/region/en_TT.res" 1393
"../../../Engine/Content/Internationalization/icudt64l/lang/en_TV.res" 1394
"../../../Engine/Content/Internationalization/icudt64l/region/en_TV.res" 1395
"../../../Engine/Content/Internationalization/icudt64l/lang/en_TZ.res" 1396
"../../../Engine/Content/Internationalization/icudt64l/region/en_TZ.res" 1397
"../../../Engine/Content/Internationalization/icudt64l/lang/en_UG.res" 1398
"../../../Engine/Content/Internationalization/icudt64l/region/en_UG.res" 1399
"../../../Engine/Content/Internationalization/icudt64l/lang/en_VC.res" 1400
"../../../Engine/Content/Internationalization/icudt64l/region/en_VC.res" 1401
"../../../Engine/Content/Internationalization/icudt64l/lang/en_VG.res" 1402
"../../../Engine/Content/Internationalization/icudt64l/region/en_VG.res" 1403
"../../../Engine/Content/Internationalization/icudt64l/lang/en_VU.res" 1404
"../../../Engine/Content/Internationalization/icudt64l/region/en_VU.res" 1405
"../../../Engine/Content/Internationalization/icudt64l/lang/en_WS.res" 1406
"../../../Engine/Content/Internationalization/icudt64l/region/en_WS.res" 1407
"../../../Engine/Content/Internationalization/icudt64l/lang/en_ZA.res" 1408
"../../../Engine/Content/Internationalization/icudt64l/region/en_ZA.res" 1409
"../../../Engine/Content/Internationalization/icudt64l/lang/en_ZM.res" 1410
"../../../Engine/Content/Internationalization/icudt64l/region/en_ZM.res" 1411
"../../../Engine/Content/Internationalization/icudt64l/lang/en_ZW.res" 1412
"../../../Engine/Content/Internationalization/icudt64l/region/en_ZW.res" 1413
"../../../Engine/Content/Internationalization/icudt64l/lang/eo.res" 1414
"../../../Engine/Content/Internationalization/icudt64l/region/eo.res" 1415
"../../../Engine/Content/Internationalization/icudt64l/lang/es.res" 1416
"../../../Engine/Content/Internationalization/icudt64l/lang/es_419.res" 1417
"../../../Engine/Content/Internationalization/icudt64l/region/es_419.res" 1418
"../../../Engine/Content/Internationalization/icudt64l/region/es.res" 1419
"../../../Engine/Content/Internationalization/icudt64l/lang/es_AR.res" 1420
"../../../Engine/Content/Internationalization/icudt64l/region/es_AR.res" 1421
"../../../Engine/Content/Internationalization/icudt64l/lang/es_BO.res" 1422
"../../../Engine/Content/Internationalization/icudt64l/region/es_BO.res" 1423
"../../../Engine/Content/Internationalization/icudt64l/lang/es_BR.res" 1424
"../../../Engine/Content/Internationalization/icudt64l/region/es_BR.res" 1425
"../../../Engine/Content/Internationalization/icudt64l/lang/es_BZ.res" 1426
"../../../Engine/Content/Internationalization/icudt64l/region/es_BZ.res" 1427
"../../../Engine/Content/Internationalization/icudt64l/lang/es_CL.res" 1428
"../../../Engine/Content/Internationalization/icudt64l/region/es_CL.res" 1429
"../../../Engine/Content/Internationalization/icudt64l/lang/es_CO.res" 1430
"../../../Engine/Content/Internationalization/icudt64l/region/es_CO.res" 1431
"../../../Engine/Content/Internationalization/icudt64l/lang/es_CR.res" 1432
"../../../Engine/Content/Internationalization/icudt64l/region/es_CR.res" 1433
"../../../Engine/Content/Internationalization/icudt64l/lang/es_CU.res" 1434
"../../../Engine/Content/Internationalization/icudt64l/region/es_CU.res" 1435
"../../../Engine/Content/Internationalization/icudt64l/lang/es_DO.res" 1436
"../../../Engine/Content/Internationalization/icudt64l/region/es_DO.res" 1437
"../../../Engine/Content/Internationalization/icudt64l/lang/es_EC.res" 1438
"../../../Engine/Content/Internationalization/icudt64l/region/es_EC.res" 1439
"../../../Engine/Content/Internationalization/icudt64l/lang/es_GT.res" 1440
"../../../Engine/Content/Internationalization/icudt64l/region/es_GT.res" 1441
"../../../Engine/Content/Internationalization/icudt64l/lang/es_HN.res" 1442
"../../../Engine/Content/Internationalization/icudt64l/region/es_HN.res" 1443
"../../../Engine/Content/Internationalization/icudt64l/lang/es_MX.res" 1444
"../../../Engine/Content/Internationalization/icudt64l/region/es_MX.res" 1445
"../../../Engine/Content/Internationalization/icudt64l/lang/es_NI.res" 1446
"../../../Engine/Content/Internationalization/icudt64l/region/es_NI.res" 1447
"../../../Engine/Content/Internationalization/icudt64l/lang/es_PA.res" 1448
"../../../Engine/Content/Internationalization/icudt64l/region/es_PA.res" 1449
"../../../Engine/Content/Internationalization/icudt64l/lang/es_PE.res" 1450
"../../../Engine/Content/Internationalization/icudt64l/region/es_PE.res" 1451
"../../../Engine/Content/Internationalization/icudt64l/lang/es_PR.res" 1452
"../../../Engine/Content/Internationalization/icudt64l/region/es_PR.res" 1453
"../../../Engine/Content/Internationalization/icudt64l/lang/es_PY.res" 1454
"../../../Engine/Content/Internationalization/icudt64l/region/es_PY.res" 1455
"../../../Engine/Content/Internationalization/icudt64l/lang/es_SV.res" 1456
"../../../Engine/Content/Internationalization/icudt64l/region/es_SV.res" 1457
"../../../Engine/Content/Internationalization/icudt64l/lang/es_US.res" 1458
"../../../Engine/Content/Internationalization/icudt64l/region/es_US.res" 1459
"../../../Engine/Content/Internationalization/icudt64l/lang/es_UY.res" 1460
"../../../Engine/Content/Internationalization/icudt64l/region/es_UY.res" 1461
"../../../Engine/Content/Internationalization/icudt64l/lang/es_VE.res" 1462
"../../../Engine/Content/Internationalization/icudt64l/region/es_VE.res" 1463
"../../../Engine/Content/Internationalization/icudt64l/lang/et.res" 1464
"../../../Engine/Content/Internationalization/icudt64l/region/et.res" 1465
"../../../Engine/Content/Internationalization/icudt64l/lang/eu.res" 1466
"../../../Engine/Content/Internationalization/icudt64l/region/eu.res" 1467
"../../../Engine/Content/Internationalization/icudt64l/lang/ewo.res" 1468
"../../../Engine/Content/Internationalization/icudt64l/region/ewo.res" 1469
"../../../Engine/Content/Internationalization/icudt64l/lang/fa.res" 1470
"../../../Engine/Content/Internationalization/icudt64l/lang/fa_AF.res" 1471
"../../../Engine/Content/Internationalization/icudt64l/region/fa_AF.res" 1472
"../../../Engine/Content/Internationalization/icudt64l/region/fa.res" 1473
"../../../Engine/Content/Internationalization/icudt64l/lang/ff.res" 1474
"../../../Engine/Content/Internationalization/icudt64l/lang/ff_Latn.res" 1475
"../../../Engine/Content/Internationalization/icudt64l/region/ff.res" 1476
"../../../Engine/Content/Internationalization/icudt64l/region/ff_Latn.res" 1477
"../../../Engine/Content/Internationalization/icudt64l/lang/ff_CM.res" 1478
"../../../Engine/Content/Internationalization/icudt64l/lang/ff_Latn_CM.res" 1479
"../../../Engine/Content/Internationalization/icudt64l/region/ff_CM.res" 1480
"../../../Engine/Content/Internationalization/icudt64l/region/ff_Latn_CM.res" 1481
"../../../Engine/Content/Internationalization/icudt64l/lang/ff_GN.res" 1482
"../../../Engine/Content/Internationalization/icudt64l/lang/ff_Latn_GN.res" 1483
"../../../Engine/Content/Internationalization/icudt64l/region/ff_GN.res" 1484
"../../../Engine/Content/Internationalization/icudt64l/region/ff_Latn_GN.res" 1485
"../../../Engine/Content/Internationalization/icudt64l/lang/ff_MR.res" 1486
"../../../Engine/Content/Internationalization/icudt64l/lang/ff_Latn_MR.res" 1487
"../../../Engine/Content/Internationalization/icudt64l/region/ff_MR.res" 1488
"../../../Engine/Content/Internationalization/icudt64l/region/ff_Latn_MR.res" 1489
"../../../Engine/Content/Internationalization/icudt64l/lang/ff_SN.res" 1490
"../../../Engine/Content/Internationalization/icudt64l/lang/ff_Latn_SN.res" 1491
"../../../Engine/Content/Internationalization/icudt64l/region/ff_SN.res" 1492
"../../../Engine/Content/Internationalization/icudt64l/region/ff_Latn_SN.res" 1493
"../../../Engine/Content/Internationalization/icudt64l/lang/fi.res" 1494
"../../../Engine/Content/Internationalization/icudt64l/region/fi.res" 1495
"../../../Engine/Content/Internationalization/icudt64l/lang/fil.res" 1496
"../../../Engine/Content/Internationalization/icudt64l/lang/fil_PH.res" 1497
"../../../Engine/Content/Internationalization/icudt64l/region/fil_PH.res" 1498
"../../../Engine/Content/Internationalization/icudt64l/region/fil.res" 1499
"../../../Engine/Content/Internationalization/icudt64l/lang/fo.res" 1500
"../../../Engine/Content/Internationalization/icudt64l/region/fo.res" 1501
"../../../Engine/Content/Internationalization/icudt64l/lang/fr.res" 1502
"../../../Engine/Content/Internationalization/icudt64l/lang/fr_BE.res" 1503
"../../../Engine/Content/Internationalization/icudt64l/region/fr_BE.res" 1504
"../../../Engine/Content/Internationalization/icudt64l/region/fr.res" 1505
"../../../Engine/Content/Internationalization/icudt64l/lang/fr_CA.res" 1506
"../../../Engine/Content/Internationalization/icudt64l/region/fr_CA.res" 1507
"../../../Engine/Content/Internationalization/icudt64l/lang/fr_CH.res" 1508
"../../../Engine/Content/Internationalization/icudt64l/lang/fur.res" 1509
"../../../Engine/Content/Internationalization/icudt64l/region/fur.res" 1510
"../../../Engine/Content/Internationalization/icudt64l/lang/fy.res" 1511
"../../../Engine/Content/Internationalization/icudt64l/region/fy.res" 1512
"../../../Engine/Content/Internationalization/icudt64l/lang/ga.res" 1513
"../../../Engine/Content/Internationalization/icudt64l/region/ga.res" 1514
"../../../Engine/Content/Internationalization/icudt64l/lang/gd.res" 1515
"../../../Engine/Content/Internationalization/icudt64l/region/gd.res" 1516
"../../../Engine/Content/Internationalization/icudt64l/lang/gl.res" 1517
"../../../Engine/Content/Internationalization/icudt64l/region/gl.res" 1518
"../../../Engine/Content/Internationalization/icudt64l/lang/gsw.res" 1519
"../../../Engine/Content/Internationalization/icudt64l/region/gsw.res" 1520
"../../../Engine/Content/Internationalization/icudt64l/lang/gu.res" 1521
"../../../Engine/Content/Internationalization/icudt64l/region/gu.res" 1522
"../../../Engine/Content/Internationalization/icudt64l/lang/guz.res" 1523
"../../../Engine/Content/Internationalization/icudt64l/region/guz.res" 1524
"../../../Engine/Content/Internationalization/icudt64l/lang/gv.res" 1525
"../../../Engine/Content/Internationalization/icudt64l/region/gv.res" 1526
"../../../Engine/Content/Internationalization/icudt64l/lang/ha.res" 1527
"../../../Engine/Content/Internationalization/icudt64l/region/ha.res" 1528
"../../../Engine/Content/Internationalization/icudt64l/lang/ha_NE.res" 1529
"../../../Engine/Content/Internationalization/icudt64l/region/ha_NE.res" 1530
"../../../Engine/Content/Internationalization/icudt64l/lang/haw.res" 1531
"../../../Engine/Content/Internationalization/icudt64l/region/haw.res" 1532
"../../../Engine/Content/Internationalization/icudt64l/lang/he.res" 1533
"../../../Engine/Content/Internationalization/icudt64l/lang/he_IL.res" 1534
"../../../Engine/Content/Internationalization/icudt64l/region/he_IL.res" 1535
"../../../Engine/Content/Internationalization/icudt64l/region/he.res" 1536
"../../../Engine/Content/Internationalization/icudt64l/lang/hi.res" 1537
"../../../Engine/Content/Internationalization/icudt64l/region/hi.res" 1538
"../../../Engine/Content/Internationalization/icudt64l/lang/hr.res" 1539
"../../../Engine/Content/Internationalization/icudt64l/region/hr.res" 1540
"../../../Engine/Content/Internationalization/icudt64l/lang/hsb.res" 1541
"../../../Engine/Content/Internationalization/icudt64l/region/hsb.res" 1542
"../../../Engine/Content/Internationalization/icudt64l/lang/hu.res" 1543
"../../../Engine/Content/Internationalization/icudt64l/region/hu.res" 1544
"../../../Engine/Content/Internationalization/icudt64l/lang/hy.res" 1545
"../../../Engine/Content/Internationalization/icudt64l/region/hy.res" 1546
"../../../Engine/Content/Internationalization/icudt64l/lang/ia.res" 1547
"../../../Engine/Content/Internationalization/icudt64l/region/ia.res" 1548
"../../../Engine/Content/Internationalization/icudt64l/lang/id.res" 1549
"../../../Engine/Content/Internationalization/icudt64l/lang/id_ID.res" 1550
"../../../Engine/Content/Internationalization/icudt64l/region/id_ID.res" 1551
"../../../Engine/Content/Internationalization/icudt64l/region/id.res" 1552
"../../../Engine/Content/Internationalization/icudt64l/lang/ig.res" 1553
"../../../Engine/Content/Internationalization/icudt64l/region/ig.res" 1554
"../../../Engine/Content/Internationalization/icudt64l/lang/ii.res" 1555
"../../../Engine/Content/Internationalization/icudt64l/region/ii.res" 1556
"../../../Engine/Content/Internationalization/icudt64l/lang/is.res" 1557
"../../../Engine/Content/Internationalization/icudt64l/region/is.res" 1558
"../../../Engine/Content/Internationalization/icudt64l/lang/it.res" 1559
"../../../Engine/Content/Internationalization/icudt64l/region/it.res" 1560
"../../../Engine/Content/Internationalization/icudt64l/lang/ja.res" 1561
"../../../Engine/Content/Internationalization/icudt64l/lang/ja_JP.res" 1562
"../../../Engine/Content/Internationalization/icudt64l/region/ja_JP.res" 1563
"../../../Engine/Content/Internationalization/icudt64l/region/ja.res" 1564
"../../../Engine/Content/Internationalization/icudt64l/lang/jgo.res" 1565
"../../../Engine/Content/Internationalization/icudt64l/region/jgo.res" 1566
"../../../Engine/Content/Internationalization/icudt64l/lang/jmc.res" 1567
"../../../Engine/Content/Internationalization/icudt64l/region/jmc.res" 1568
"../../../Engine/Content/Internationalization/icudt64l/lang/jv.res" 1569
"../../../Engine/Content/Internationalization/icudt64l/region/jv.res" 1570
"../../../Engine/Content/Internationalization/icudt64l/lang/ka.res" 1571
"../../../Engine/Content/Internationalization/icudt64l/region/ka.res" 1572
"../../../Engine/Content/Internationalization/icudt64l/lang/kab.res" 1573
"../../../Engine/Content/Internationalization/icudt64l/region/kab.res" 1574
"../../../Engine/Content/Internationalization/icudt64l/lang/kam.res" 1575
"../../../Engine/Content/Internationalization/icudt64l/region/kam.res" 1576
"../../../Engine/Content/Internationalization/icudt64l/lang/kde.res" 1577
"../../../Engine/Content/Internationalization/icudt64l/region/kde.res" 1578
"../../../Engine/Content/Internationalization/icudt64l/lang/kea.res" 1579
"../../../Engine/Content/Internationalization/icudt64l/region/kea.res" 1580
"../../../Engine/Content/Internationalization/icudt64l/lang/khq.res" 1581
"../../../Engine/Content/Internationalization/icudt64l/region/khq.res" 1582
"../../../Engine/Content/Internationalization/icudt64l/lang/ki.res" 1583
"../../../Engine/Content/Internationalization/icudt64l/region/ki.res" 1584
"../../../Engine/Content/Internationalization/icudt64l/lang/kk.res" 1585
"../../../Engine/Content/Internationalization/icudt64l/region/kk.res" 1586
"../../../Engine/Content/Internationalization/icudt64l/lang/kkj.res" 1587
"../../../Engine/Content/Internationalization/icudt64l/region/kkj.res" 1588
"../../../Engine/Content/Internationalization/icudt64l/lang/kl.res" 1589
"../../../Engine/Content/Internationalization/icudt64l/region/kl.res" 1590
"../../../Engine/Content/Internationalization/icudt64l/lang/kln.res" 1591
"../../../Engine/Content/Internationalization/icudt64l/region/kln.res" 1592
"../../../Engine/Content/Internationalization/icudt64l/lang/km.res" 1593
"../../../Engine/Content/Internationalization/icudt64l/region/km.res" 1594
"../../../Engine/Content/Internationalization/icudt64l/lang/kn.res" 1595
"../../../Engine/Content/Internationalization/icudt64l/region/kn.res" 1596
"../../../Engine/Content/Internationalization/icudt64l/lang/ko.res" 1597
"../../../Engine/Content/Internationalization/icudt64l/region/ko_KP.res" 1598
"../../../Engine/Content/Internationalization/icudt64l/region/ko.res" 1599
"../../../Engine/Content/Internationalization/icudt64l/lang/kok.res" 1600
"../../../Engine/Content/Internationalization/icudt64l/region/kok.res" 1601
"../../../Engine/Content/Internationalization/icudt64l/lang/ks.res" 1602
"../../../Engine/Content/Internationalization/icudt64l/region/ks.res" 1603
"../../../Engine/Content/Internationalization/icudt64l/lang/ksb.res" 1604
"../../../Engine/Content/Internationalization/icudt64l/region/ksb.res" 1605
"../../../Engine/Content/Internationalization/icudt64l/lang/ksf.res" 1606
"../../../Engine/Content/Internationalization/icudt64l/region/ksf.res" 1607
"../../../Engine/Content/Internationalization/icudt64l/lang/ksh.res" 1608
"../../../Engine/Content/Internationalization/icudt64l/region/ksh.res" 1609
"../../../Engine/Content/Internationalization/icudt64l/lang/ku.res" 1610
"../../../Engine/Content/Internationalization/icudt64l/region/ku.res" 1611
"../../../Engine/Content/Internationalization/icudt64l/lang/kw.res" 1612
"../../../Engine/Content/Internationalization/icudt64l/region/kw.res" 1613
"../../../Engine/Content/Internationalization/icudt64l/lang/ky.res" 1614
"../../../Engine/Content/Internationalization/icudt64l/region/ky.res" 1615
"../../../Engine/Content/Internationalization/icudt64l/lang/lag.res" 1616
"../../../Engine/Content/Internationalization/icudt64l/region/lag.res" 1617
"../../../Engine/Content/Internationalization/icudt64l/lang/lb.res" 1618
"../../../Engine/Content/Internationalization/icudt64l/region/lb.res" 1619
"../../../Engine/Content/Internationalization/icudt64l/lang/lg.res" 1620
"../../../Engine/Content/Internationalization/icudt64l/region/lg.res" 1621
"../../../Engine/Content/Internationalization/icudt64l/lang/lkt.res" 1622
"../../../Engine/Content/Internationalization/icudt64l/region/lkt.res" 1623
"../../../Engine/Content/Internationalization/icudt64l/lang/ln.res" 1624
"../../../Engine/Content/Internationalization/icudt64l/region/ln.res" 1625
"../../../Engine/Content/Internationalization/icudt64l/lang/lo.res" 1626
"../../../Engine/Content/Internationalization/icudt64l/region/lo.res" 1627
"../../../Engine/Content/Internationalization/icudt64l/lang/lrc.res" 1628
"../../../Engine/Content/Internationalization/icudt64l/region/lrc.res" 1629
"../../../Engine/Content/Internationalization/icudt64l/lang/lt.res" 1630
"../../../Engine/Content/Internationalization/icudt64l/region/lt.res" 1631
"../../../Engine/Content/Internationalization/icudt64l/lang/lu.res" 1632
"../../../Engine/Content/Internationalization/icudt64l/region/lu.res" 1633
"../../../Engine/Content/Internationalization/icudt64l/lang/luo.res" 1634
"../../../Engine/Content/Internationalization/icudt64l/region/luo.res" 1635
"../../../Engine/Content/Internationalization/icudt64l/lang/luy.res" 1636
"../../../Engine/Content/Internationalization/icudt64l/region/luy.res" 1637
"../../../Engine/Content/Internationalization/icudt64l/lang/lv.res" 1638
"../../../Engine/Content/Internationalization/icudt64l/region/lv.res" 1639
"../../../Engine/Content/Internationalization/icudt64l/lang/mas.res" 1640
"../../../Engine/Content/Internationalization/icudt64l/region/mas.res" 1641
"../../../Engine/Content/Internationalization/icudt64l/lang/mer.res" 1642
"../../../Engine/Content/Internationalization/icudt64l/region/mer.res" 1643
"../../../Engine/Content/Internationalization/icudt64l/lang/mfe.res" 1644
"../../../Engine/Content/Internationalization/icudt64l/region/mfe.res" 1645
"../../../Engine/Content/Internationalization/icudt64l/lang/mg.res" 1646
"../../../Engine/Content/Internationalization/icudt64l/region/mg.res" 1647
"../../../Engine/Content/Internationalization/icudt64l/lang/mgh.res" 1648
"../../../Engine/Content/Internationalization/icudt64l/region/mgh.res" 1649
"../../../Engine/Content/Internationalization/icudt64l/lang/mgo.res" 1650
"../../../Engine/Content/Internationalization/icudt64l/region/mgo.res" 1651
"../../../Engine/Content/Internationalization/icudt64l/lang/mi.res" 1652
"../../../Engine/Content/Internationalization/icudt64l/region/mi.res" 1653
"../../../Engine/Content/Internationalization/icudt64l/lang/mk.res" 1654
"../../../Engine/Content/Internationalization/icudt64l/region/mk.res" 1655
"../../../Engine/Content/Internationalization/icudt64l/lang/ml.res" 1656
"../../../Engine/Content/Internationalization/icudt64l/region/ml.res" 1657
"../../../Engine/Content/Internationalization/icudt64l/lang/mn.res" 1658
"../../../Engine/Content/Internationalization/icudt64l/region/mn.res" 1659
"../../../Engine/Content/Internationalization/icudt64l/lang/mr.res" 1660
"../../../Engine/Content/Internationalization/icudt64l/region/mr.res" 1661
"../../../Engine/Content/Internationalization/icudt64l/lang/ms.res" 1662
"../../../Engine/Content/Internationalization/icudt64l/region/ms.res" 1663
"../../../Engine/Content/Internationalization/icudt64l/lang/mt.res" 1664
"../../../Engine/Content/Internationalization/icudt64l/region/mt.res" 1665
"../../../Engine/Content/Internationalization/icudt64l/lang/mua.res" 1666
"../../../Engine/Content/Internationalization/icudt64l/region/mua.res" 1667
"../../../Engine/Content/Internationalization/icudt64l/lang/my.res" 1668
"../../../Engine/Content/Internationalization/icudt64l/region/my.res" 1669
"../../../Engine/Content/Internationalization/icudt64l/lang/mzn.res" 1670
"../../../Engine/Content/Internationalization/icudt64l/region/mzn.res" 1671
"../../../Engine/Content/Internationalization/icudt64l/lang/naq.res" 1672
"../../../Engine/Content/Internationalization/icudt64l/region/naq.res" 1673
"../../../Engine/Content/Internationalization/icudt64l/lang/nb.res" 1674
"../../../Engine/Content/Internationalization/icudt64l/lang/nb_NO.res" 1675
"../../../Engine/Content/Internationalization/icudt64l/region/nb_NO.res" 1676
"../../../Engine/Content/Internationalization/icudt64l/region/nb.res" 1677
"../../../Engine/Content/Internationalization/icudt64l/lang/nd.res" 1678
"../../../Engine/Content/Internationalization/icudt64l/region/nd.res" 1679
"../../../Engine/Content/Internationalization/icudt64l/lang/nds.res" 1680
"../../../Engine/Content/Internationalization/icudt64l/region/nds.res" 1681
"../../../Engine/Content/Internationalization/icudt64l/lang/ne.res" 1682
"../../../Engine/Content/Internationalization/icudt64l/region/ne.res" 1683
"../../../Engine/Content/Internationalization/icudt64l/lang/nl.res" 1684
"../../../Engine/Content/Internationalization/icudt64l/region/nl.res" 1685
"../../../Engine/Content/Internationalization/icudt64l/lang/nmg.res" 1686
"../../../Engine/Content/Internationalization/icudt64l/region/nmg.res" 1687
"../../../Engine/Content/Internationalization/icudt64l/lang/nn.res" 1688
"../../../Engine/Content/Internationalization/icudt64l/lang/nn_NO.res" 1689
"../../../Engine/Content/Internationalization/icudt64l/region/nn_NO.res" 1690
"../../../Engine/Content/Internationalization/icudt64l/region/nn.res" 1691
"../../../Engine/Content/Internationalization/icudt64l/lang/nnh.res" 1692
"../../../Engine/Content/Internationalization/icudt64l/region/nnh.res" 1693
"../../../Engine/Content/Internationalization/icudt64l/lang/nus.res" 1694
"../../../Engine/Content/Internationalization/icudt64l/region/nus.res" 1695
"../../../Engine/Content/Internationalization/icudt64l/lang/nyn.res" 1696
"../../../Engine/Content/Internationalization/icudt64l/region/nyn.res" 1697
"../../../Engine/Content/Internationalization/icudt64l/lang/om.res" 1698
"../../../Engine/Content/Internationalization/icudt64l/region/om.res" 1699
"../../../Engine/Content/Internationalization/icudt64l/lang/or.res" 1700
"../../../Engine/Content/Internationalization/icudt64l/region/or.res" 1701
"../../../Engine/Content/Internationalization/icudt64l/lang/os.res" 1702
"../../../Engine/Content/Internationalization/icudt64l/region/os.res" 1703
"../../../Engine/Content/Internationalization/icudt64l/lang/pa.res" 1704
"../../../Engine/Content/Internationalization/icudt64l/lang/pa_Arab.res" 1705
"../../../Engine/Content/Internationalization/icudt64l/lang/pa_PK.res" 1706
"../../../Engine/Content/Internationalization/icudt64l/lang/pa_Arab_PK.res" 1707
"../../../Engine/Content/Internationalization/icudt64l/region/pa_PK.res" 1708
"../../../Engine/Content/Internationalization/icudt64l/region/pa_Arab_PK.res" 1709
"../../../Engine/Content/Internationalization/icudt64l/region/pa_Arab.res" 1710
"../../../Engine/Content/Internationalization/icudt64l/lang/pa_Guru.res" 1711
"../../../Engine/Content/Internationalization/icudt64l/lang/pa_IN.res" 1712
"../../../Engine/Content/Internationalization/icudt64l/lang/pa_Guru_IN.res" 1713
"../../../Engine/Content/Internationalization/icudt64l/region/pa_IN.res" 1714
"../../../Engine/Content/Internationalization/icudt64l/region/pa_Guru_IN.res" 1715
"../../../Engine/Content/Internationalization/icudt64l/region/pa_Guru.res" 1716
"../../../Engine/Content/Internationalization/icudt64l/region/pa.res" 1717
"../../../Engine/Content/Internationalization/icudt64l/lang/pl.res" 1718
"../../../Engine/Content/Internationalization/icudt64l/region/pl.res" 1719
"../../../Engine/Content/Internationalization/icudt64l/lang/ps.res" 1720
"../../../Engine/Content/Internationalization/icudt64l/region/ps.res" 1721
"../../../Engine/Content/Internationalization/icudt64l/lang/ps_PK.res" 1722
"../../../Engine/Content/Internationalization/icudt64l/region/ps_PK.res" 1723
"../../../Engine/Content/Internationalization/icudt64l/lang/pt.res" 1724
"../../../Engine/Content/Internationalization/icudt64l/lang/pt_AO.res" 1725
"../../../Engine/Content/Internationalization/icudt64l/lang/pt_PT.res" 1726
"../../../Engine/Content/Internationalization/icudt64l/region/pt_AO.res" 1727
"../../../Engine/Content/Internationalization/icudt64l/region/pt_PT.res" 1728
"../../../Engine/Content/Internationalization/icudt64l/region/pt.res" 1729
"../../../Engine/Content/Internationalization/icudt64l/lang/pt_CH.res" 1730
"../../../Engine/Content/Internationalization/icudt64l/region/pt_CH.res" 1731
"../../../Engine/Content/Internationalization/icudt64l/lang/pt_CV.res" 1732
"../../../Engine/Content/Internationalization/icudt64l/region/pt_CV.res" 1733
"../../../Engine/Content/Internationalization/icudt64l/lang/pt_GQ.res" 1734
"../../../Engine/Content/Internationalization/icudt64l/region/pt_GQ.res" 1735
"../../../Engine/Content/Internationalization/icudt64l/lang/pt_GW.res" 1736
"../../../Engine/Content/Internationalization/icudt64l/region/pt_GW.res" 1737
"../../../Engine/Content/Internationalization/icudt64l/lang/pt_LU.res" 1738
"../../../Engine/Content/Internationalization/icudt64l/region/pt_LU.res" 1739
"../../../Engine/Content/Internationalization/icudt64l/lang/pt_MO.res" 1740
"../../../Engine/Content/Internationalization/icudt64l/region/pt_MO.res" 1741
"../../../Engine/Content/Internationalization/icudt64l/lang/pt_MZ.res" 1742
"../../../Engine/Content/Internationalization/icudt64l/region/pt_MZ.res" 1743
"../../../Engine/Content/Internationalization/icudt64l/lang/pt_ST.res" 1744
"../../../Engine/Content/Internationalization/icudt64l/region/pt_ST.res" 1745
"../../../Engine/Content/Internationalization/icudt64l/lang/pt_TL.res" 1746
"../../../Engine/Content/Internationalization/icudt64l/region/pt_TL.res" 1747
"../../../Engine/Content/Internationalization/icudt64l/lang/qu.res" 1748
"../../../Engine/Content/Internationalization/icudt64l/region/qu.res" 1749
"../../../Engine/Content/Internationalization/icudt64l/lang/rm.res" 1750
"../../../Engine/Content/Internationalization/icudt64l/region/rm.res" 1751
"../../../Engine/Content/Internationalization/icudt64l/lang/rn.res" 1752
"../../../Engine/Content/Internationalization/icudt64l/region/rn.res" 1753
"../../../Engine/Content/Internationalization/icudt64l/lang/ro.res" 1754
"../../../Engine/Content/Internationalization/icudt64l/lang/ro_MD.res" 1755
"../../../Engine/Content/Internationalization/icudt64l/region/ro_MD.res" 1756
"../../../Engine/Content/Internationalization/icudt64l/region/ro.res" 1757
"../../../Engine/Content/Internationalization/icudt64l/lang/rof.res" 1758
"../../../Engine/Content/Internationalization/icudt64l/region/rof.res" 1759
"../../../Engine/Content/Internationalization/icudt64l/lang/ru.res" 1760
"../../../Engine/Content/Internationalization/icudt64l/region/ru.res" 1761
"../../../Engine/Content/Internationalization/icudt64l/region/ru_UA.res" 1762
"../../../Engine/Content/Internationalization/icudt64l/lang/rw.res" 1763
"../../../Engine/Content/Internationalization/icudt64l/region/rw.res" 1764
"../../../Engine/Content/Internationalization/icudt64l/lang/rwk.res" 1765
"../../../Engine/Content/Internationalization/icudt64l/region/rwk.res" 1766
"../../../Engine/Content/Internationalization/icudt64l/lang/sah.res" 1767
"../../../Engine/Content/Internationalization/icudt64l/region/sah.res" 1768
"../../../Engine/Content/Internationalization/icudt64l/lang/saq.res" 1769
"../../../Engine/Content/Internationalization/icudt64l/region/saq.res" 1770
"../../../Engine/Content/Internationalization/icudt64l/lang/sbp.res" 1771
"../../../Engine/Content/Internationalization/icudt64l/region/sbp.res" 1772
"../../../Engine/Content/Internationalization/icudt64l/lang/sd.res" 1773
"../../../Engine/Content/Internationalization/icudt64l/region/sd.res" 1774
"../../../Engine/Content/Internationalization/icudt64l/lang/se.res" 1775
"../../../Engine/Content/Internationalization/icudt64l/lang/se_FI.res" 1776
"../../../Engine/Content/Internationalization/icudt64l/region/se_FI.res" 1777
"../../../Engine/Content/Internationalization/icudt64l/region/se.res" 1778
"../../../Engine/Content/Internationalization/icudt64l/lang/seh.res" 1779
"../../../Engine/Content/Internationalization/icudt64l/region/seh.res" 1780
"../../../Engine/Content/Internationalization/icudt64l/lang/ses.res" 1781
"../../../Engine/Content/Internationalization/icudt64l/region/ses.res" 1782
"../../../Engine/Content/Internationalization/icudt64l/lang/sg.res" 1783
"../../../Engine/Content/Internationalization/icudt64l/region/sg.res" 1784
"../../../Engine/Content/Internationalization/icudt64l/lang/shi.res" 1785
"../../../Engine/Content/Internationalization/icudt64l/lang/shi_Latn.res" 1786
"../../../Engine/Content/Internationalization/icudt64l/lang/shi_MA.res" 1787
"../../../Engine/Content/Internationalization/icudt64l/lang/shi_Tfng_MA.res" 1788
"../../../Engine/Content/Internationalization/icudt64l/lang/shi_Tfng.res" 1789
"../../../Engine/Content/Internationalization/icudt64l/region/shi_MA.res" 1790
"../../../Engine/Content/Internationalization/icudt64l/region/shi_Tfng_MA.res" 1791
"../../../Engine/Content/Internationalization/icudt64l/region/shi_Tfng.res" 1792
"../../../Engine/Content/Internationalization/icudt64l/region/shi.res" 1793
"../../../Engine/Content/Internationalization/icudt64l/region/shi_Latn.res" 1794
"../../../Engine/Content/Internationalization/icudt64l/lang/si.res" 1795
"../../../Engine/Content/Internationalization/icudt64l/region/si.res" 1796
"../../../Engine/Content/Internationalization/icudt64l/lang/sk.res" 1797
"../../../Engine/Content/Internationalization/icudt64l/region/sk.res" 1798
"../../../Engine/Content/Internationalization/icudt64l/lang/sl.res" 1799
"../../../Engine/Content/Internationalization/icudt64l/region/sl.res" 1800
"../../../Engine/Content/Internationalization/icudt64l/lang/smn.res" 1801
"../../../Engine/Content/Internationalization/icudt64l/region/smn.res" 1802
"../../../Engine/Content/Internationalization/icudt64l/lang/sn.res" 1803
"../../../Engine/Content/Internationalization/icudt64l/region/sn.res" 1804
"../../../Engine/Content/Internationalization/icudt64l/lang/so.res" 1805
"../../../Engine/Content/Internationalization/icudt64l/region/so.res" 1806
"../../../Engine/Content/Internationalization/icudt64l/lang/sq.res" 1807
"../../../Engine/Content/Internationalization/icudt64l/region/sq.res" 1808
"../../../Engine/Content/Internationalization/icudt64l/lang/sr.res" 1809
"../../../Engine/Content/Internationalization/icudt64l/lang/sr_Cyrl.res" 1810
"../../../Engine/Content/Internationalization/icudt64l/lang/sr_BA.res" 1811
"../../../Engine/Content/Internationalization/icudt64l/lang/sr_Cyrl_BA.res" 1812
"../../../Engine/Content/Internationalization/icudt64l/region/sr_BA.res" 1813
"../../../Engine/Content/Internationalization/icudt64l/region/sr_Cyrl_BA.res" 1814
"../../../Engine/Content/Internationalization/icudt64l/region/sr_Cyrl.res" 1815
"../../../Engine/Content/Internationalization/icudt64l/region/sr.res" 1816
"../../../Engine/Content/Internationalization/icudt64l/lang/sr_ME.res" 1817
"../../../Engine/Content/Internationalization/icudt64l/lang/sr_Latn_ME.res" 1818
"../../../Engine/Content/Internationalization/icudt64l/lang/sr_Latn.res" 1819
"../../../Engine/Content/Internationalization/icudt64l/region/sr_ME.res" 1820
"../../../Engine/Content/Internationalization/icudt64l/region/sr_Latn_ME.res" 1821
"../../../Engine/Content/Internationalization/icudt64l/region/sr_Latn.res" 1822
"../../../Engine/Content/Internationalization/icudt64l/lang/sr_Cyrl_ME.res" 1823
"../../../Engine/Content/Internationalization/icudt64l/region/sr_Cyrl_ME.res" 1824
"../../../Engine/Content/Internationalization/icudt64l/lang/sr_RS.res" 1825
"../../../Engine/Content/Internationalization/icudt64l/lang/sr_Cyrl_RS.res" 1826
"../../../Engine/Content/Internationalization/icudt64l/region/sr_RS.res" 1827
"../../../Engine/Content/Internationalization/icudt64l/region/sr_Cyrl_RS.res" 1828
"../../../Engine/Content/Internationalization/icudt64l/lang/sr_XK.res" 1829
"../../../Engine/Content/Internationalization/icudt64l/lang/sr_Cyrl_XK.res" 1830
"../../../Engine/Content/Internationalization/icudt64l/region/sr_XK.res" 1831
"../../../Engine/Content/Internationalization/icudt64l/region/sr_Cyrl_XK.res" 1832
"../../../Engine/Content/Internationalization/icudt64l/lang/sr_Latn_BA.res" 1833
"../../../Engine/Content/Internationalization/icudt64l/region/sr_Latn_BA.res" 1834
"../../../Engine/Content/Internationalization/icudt64l/lang/sr_Latn_RS.res" 1835
"../../../Engine/Content/Internationalization/icudt64l/region/sr_Latn_RS.res" 1836
"../../../Engine/Content/Internationalization/icudt64l/lang/sr_Latn_XK.res" 1837
"../../../Engine/Content/Internationalization/icudt64l/region/sr_Latn_XK.res" 1838
"../../../Engine/Content/Internationalization/icudt64l/lang/sv.res" 1839
"../../../Engine/Content/Internationalization/icudt64l/region/sv.res" 1840
"../../../Engine/Content/Internationalization/icudt64l/lang/sv_FI.res" 1841
"../../../Engine/Content/Internationalization/icudt64l/lang/sw.res" 1842
"../../../Engine/Content/Internationalization/icudt64l/lang/sw_CD.res" 1843
"../../../Engine/Content/Internationalization/icudt64l/region/sw_CD.res" 1844
"../../../Engine/Content/Internationalization/icudt64l/region/sw.res" 1845
"../../../Engine/Content/Internationalization/icudt64l/lang/sw_KE.res" 1846
"../../../Engine/Content/Internationalization/icudt64l/region/sw_KE.res" 1847
"../../../Engine/Content/Internationalization/icudt64l/lang/ta.res" 1848
"../../../Engine/Content/Internationalization/icudt64l/region/ta.res" 1849
"../../../Engine/Content/Internationalization/icudt64l/lang/te.res" 1850
"../../../Engine/Content/Internationalization/icudt64l/region/te.res" 1851
"../../../Engine/Content/Internationalization/icudt64l/lang/teo.res" 1852
"../../../Engine/Content/Internationalization/icudt64l/region/teo.res" 1853
"../../../Engine/Content/Internationalization/icudt64l/lang/tg.res" 1854
"../../../Engine/Content/Internationalization/icudt64l/region/tg.res" 1855
"../../../Engine/Content/Internationalization/icudt64l/lang/th.res" 1856
"../../../Engine/Content/Internationalization/icudt64l/lang/th_TH.res" 1857
"../../../Engine/Content/Internationalization/icudt64l/region/th_TH.res" 1858
"../../../Engine/Content/Internationalization/icudt64l/region/th.res" 1859
"../../../Engine/Content/Internationalization/icudt64l/lang/ti.res" 1860
"../../../Engine/Content/Internationalization/icudt64l/region/ti.res" 1861
"../../../Engine/Content/Internationalization/icudt64l/lang/tk.res" 1862
"../../../Engine/Content/Internationalization/icudt64l/region/tk.res" 1863
"../../../Engine/Content/Internationalization/icudt64l/lang/to.res" 1864
"../../../Engine/Content/Internationalization/icudt64l/region/to.res" 1865
"../../../Engine/Content/Internationalization/icudt64l/lang/tr.res" 1866
"../../../Engine/Content/Internationalization/icudt64l/region/tr.res" 1867
"../../../Engine/Content/Internationalization/icudt64l/lang/tt.res" 1868
"../../../Engine/Content/Internationalization/icudt64l/region/tt.res" 1869
"../../../Engine/Content/Internationalization/icudt64l/lang/twq.res" 1870
"../../../Engine/Content/Internationalization/icudt64l/region/twq.res" 1871
"../../../Engine/Content/Internationalization/icudt64l/lang/tzm.res" 1872
"../../../Engine/Content/Internationalization/icudt64l/region/tzm.res" 1873
"../../../Engine/Content/Internationalization/icudt64l/lang/ug.res" 1874
"../../../Engine/Content/Internationalization/icudt64l/region/ug.res" 1875
"../../../Engine/Content/Internationalization/icudt64l/lang/uk.res" 1876
"../../../Engine/Content/Internationalization/icudt64l/region/uk.res" 1877
"../../../Engine/Content/Internationalization/icudt64l/lang/ur.res" 1878
"../../../Engine/Content/Internationalization/icudt64l/lang/ur_IN.res" 1879
"../../../Engine/Content/Internationalization/icudt64l/region/ur_IN.res" 1880
"../../../Engine/Content/Internationalization/icudt64l/region/ur.res" 1881
"../../../Engine/Content/Internationalization/icudt64l/lang/uz.res" 1882
"../../../Engine/Content/Internationalization/icudt64l/lang/uz_Arab.res" 1883
"../../../Engine/Content/Internationalization/icudt64l/lang/uz_AF.res" 1884
"../../../Engine/Content/Internationalization/icudt64l/lang/uz_Arab_AF.res" 1885
"../../../Engine/Content/Internationalization/icudt64l/region/uz_AF.res" 1886
"../../../Engine/Content/Internationalization/icudt64l/region/uz_Arab_AF.res" 1887
"../../../Engine/Content/Internationalization/icudt64l/region/uz_Arab.res" 1888
"../../../Engine/Content/Internationalization/icudt64l/lang/uz_Cyrl.res" 1889
"../../../Engine/Content/Internationalization/icudt64l/lang/uz_UZ.res" 1890
"../../../Engine/Content/Internationalization/icudt64l/lang/uz_Latn_UZ.res" 1891
"../../../Engine/Content/Internationalization/icudt64l/lang/uz_Latn.res" 1892
"../../../Engine/Content/Internationalization/icudt64l/region/uz_UZ.res" 1893
"../../../Engine/Content/Internationalization/icudt64l/region/uz_Latn_UZ.res" 1894
"../../../Engine/Content/Internationalization/icudt64l/region/uz_Latn.res" 1895
"../../../Engine/Content/Internationalization/icudt64l/region/uz.res" 1896
"../../../Engine/Content/Internationalization/icudt64l/region/uz_Cyrl.res" 1897
"../../../Engine/Content/Internationalization/icudt64l/lang/vai.res" 1898
"../../../Engine/Content/Internationalization/icudt64l/lang/vai_Latn.res" 1899
"../../../Engine/Content/Internationalization/icudt64l/lang/vai_LR.res" 1900
"../../../Engine/Content/Internationalization/icudt64l/lang/vai_Vaii_LR.res" 1901
"../../../Engine/Content/Internationalization/icudt64l/lang/vai_Vaii.res" 1902
"../../../Engine/Content/Internationalization/icudt64l/region/vai_LR.res" 1903
"../../../Engine/Content/Internationalization/icudt64l/region/vai_Vaii_LR.res" 1904
"../../../Engine/Content/Internationalization/icudt64l/region/vai_Vaii.res" 1905
"../../../Engine/Content/Internationalization/icudt64l/region/vai.res" 1906
"../../../Engine/Content/Internationalization/icudt64l/region/vai_Latn.res" 1907
"../../../Engine/Content/Internationalization/icudt64l/lang/vi.res" 1908
"../../../Engine/Content/Internationalization/icudt64l/region/vi.res" 1909
"../../../Engine/Content/Internationalization/icudt64l/lang/vun.res" 1910
"../../../Engine/Content/Internationalization/icudt64l/region/vun.res" 1911
"../../../Engine/Content/Internationalization/icudt64l/lang/wae.res" 1912
"../../../Engine/Content/Internationalization/icudt64l/region/wae.res" 1913
"../../../Engine/Content/Internationalization/icudt64l/lang/wo.res" 1914
"../../../Engine/Content/Internationalization/icudt64l/region/wo.res" 1915
"../../../Engine/Content/Internationalization/icudt64l/lang/xh.res" 1916
"../../../Engine/Content/Internationalization/icudt64l/region/xh.res" 1917
"../../../Engine/Content/Internationalization/icudt64l/lang/xog.res" 1918
"../../../Engine/Content/Internationalization/icudt64l/region/xog.res" 1919
"../../../Engine/Content/Internationalization/icudt64l/lang/yav.res" 1920
"../../../Engine/Content/Internationalization/icudt64l/region/yav.res" 1921
"../../../Engine/Content/Internationalization/icudt64l/lang/yi.res" 1922
"../../../Engine/Content/Internationalization/icudt64l/region/yi.res" 1923
"../../../Engine/Content/Internationalization/icudt64l/lang/yo.res" 1924
"../../../Engine/Content/Internationalization/icudt64l/lang/yo_BJ.res" 1925
"../../../Engine/Content/Internationalization/icudt64l/region/yo_BJ.res" 1926
"../../../Engine/Content/Internationalization/icudt64l/region/yo.res" 1927
"../../../Engine/Content/Internationalization/icudt64l/lang/yue.res" 1928
"../../../Engine/Content/Internationalization/icudt64l/lang/yue_Hans.res" 1929
"../../../Engine/Content/Internationalization/icudt64l/lang/yue_CN.res" 1930
"../../../Engine/Content/Internationalization/icudt64l/lang/yue_Hans_CN.res" 1931
"../../../Engine/Content/Internationalization/icudt64l/region/yue_CN.res" 1932
"../../../Engine/Content/Internationalization/icudt64l/region/yue_Hans_CN.res" 1933
"../../../Engine/Content/Internationalization/icudt64l/region/yue_Hans.res" 1934
"../../../Engine/Content/Internationalization/icudt64l/lang/yue_Hant.res" 1935
"../../../Engine/Content/Internationalization/icudt64l/lang/yue_HK.res" 1936
"../../../Engine/Content/Internationalization/icudt64l/lang/yue_Hant_HK.res" 1937
"../../../Engine/Content/Internationalization/icudt64l/region/yue_HK.res" 1938
"../../../Engine/Content/Internationalization/icudt64l/region/yue_Hant_HK.res" 1939
"../../../Engine/Content/Internationalization/icudt64l/region/yue_Hant.res" 1940
"../../../Engine/Content/Internationalization/icudt64l/region/yue.res" 1941
"../../../Engine/Content/Internationalization/icudt64l/lang/zgh.res" 1942
"../../../Engine/Content/Internationalization/icudt64l/region/zgh.res" 1943
"../../../Engine/Content/Internationalization/icudt64l/lang/zh_HK.res" 1944
"../../../Engine/Content/Internationalization/icudt64l/lang/zh_Hant_HK.res" 1945
"../../../Engine/Content/Internationalization/icudt64l/lang/zh_Hant.res" 1946
"../../../Engine/Content/Internationalization/icudt64l/region/zh_HK.res" 1947
"../../../Engine/Content/Internationalization/icudt64l/region/zh_Hant_HK.res" 1948
"../../../Engine/Content/Internationalization/icudt64l/region/zh_Hant.res" 1949
"../../../Engine/Content/Internationalization/icudt64l/lang/zh_MO.res" 1950
"../../../Engine/Content/Internationalization/icudt64l/lang/zh_Hant_MO.res" 1951
"../../../Engine/Content/Internationalization/icudt64l/region/zh_MO.res" 1952
"../../../Engine/Content/Internationalization/icudt64l/region/zh_Hant_MO.res" 1953
"../../../Engine/Content/Internationalization/icudt64l/lang/zh_SG.res" 1954
"../../../Engine/Content/Internationalization/icudt64l/lang/zh_Hans_SG.res" 1955
"../../../Engine/Content/Internationalization/icudt64l/region/zh_SG.res" 1956
"../../../Engine/Content/Internationalization/icudt64l/region/zh_Hans_SG.res" 1957
"../../../Engine/Content/Internationalization/icudt64l/lang/zh_TW.res" 1958
"../../../Engine/Content/Internationalization/icudt64l/lang/zh_Hant_TW.res" 1959
"../../../Engine/Content/Internationalization/icudt64l/region/zh_TW.res" 1960
"../../../Engine/Content/Internationalization/icudt64l/region/zh_Hant_TW.res" 1961
"../../../Engine/Content/Internationalization/icudt64l/lang/zu.res" 1962
"../../../Engine/Content/Internationalization/icudt64l/region/zu.res" 1963
"../../../Engine/Content/Internationalization/icudt64l/lang/no.res" 1964
"../../../Engine/Content/Internationalization/icudt64l/lang/tl.res" 1965
"../../../Engine/Config/Android/DataDrivenPlatformInfo.ini" 1966
"../../../Engine/Config/IOS/DataDrivenPlatformInfo.ini" 1967
"../../../Engine/Config/Linux/DataDrivenPlatformInfo.ini" 1968
"../../../Engine/Config/Mac/DataDrivenPlatformInfo.ini" 1969
"../../../Engine/Config/TVOS/DataDrivenPlatformInfo.ini" 1970
"../../../Engine/Config/Unix/DataDrivenPlatformInfo.ini" 1971
"../../../Engine/Config/VulkanPC/DataDrivenPlatformInfo.ini" 1972
"../../../Engine/Config/Windows/DataDrivenPlatformInfo.ini" 1973
"../../../Engine/Platforms/VisionOS/Config/DataDrivenPlatformInfo.ini" 1974
"../../../Engine/Content/Renderer/TessellationTable.bin" 1975
"../../../Engine/DerivedDataCache/Compressed.ddp" 1976
"C:/Users/11141/AppData/Local/UnrealEngine/5.6/Saved/Zen/zen.version" 1977
"C:/Users/11141/AppData/Local/UnrealEngine/Common/Zen/Install/zen.version" 1978
"C:/Users/11141/AppData/Local/UnrealEngine/Common/Zen/Install/zenserver.runcontext" 1979
"C:/Users/11141/AppData/Local/UnrealEngine/Common/DerivedDataCache/TestData/0/TestData_4kb.dat" 1980
"C:/Users/11141/AppData/Local/UnrealEngine/Common/DerivedDataCache/TestData/1/TestData_4kb.dat" 1981
"C:/Users/11141/AppData/Local/UnrealEngine/Common/DerivedDataCache/TestData/0/TestData_8kb.dat" 1982
"C:/Users/11141/AppData/Local/UnrealEngine/Common/DerivedDataCache/TestData/1/TestData_8kb.dat" 1983
"C:/Users/11141/AppData/Local/UnrealEngine/Common/DerivedDataCache/TestData/0/TestData_16kb.dat" 1984
"C:/Users/11141/AppData/Local/UnrealEngine/Common/DerivedDataCache/TestData/1/TestData_16kb.dat" 1985
"C:/Users/11141/AppData/Local/UnrealEngine/Common/DerivedDataCache/TestData/0/TestData_64kb.dat" 1986
"C:/Users/11141/AppData/Local/UnrealEngine/Common/DerivedDataCache/TestData/1/TestData_64kb.dat" 1987
"C:/Users/11141/AppData/Local/UnrealEngine/Common/DerivedDataCache/TestData/0/TestData_128kb.dat" 1988
"C:/Users/11141/AppData/Local/UnrealEngine/Common/DerivedDataCache/TestData/1/TestData_128kb.dat" 1989
"C:/Users/11141/AppData/Local/UnrealEngine/Common/DerivedDataCache/TestData/0/TestData_256kb.dat" 1990
"C:/Users/11141/AppData/Local/UnrealEngine/Common/DerivedDataCache/TestData/1/TestData_256kb.dat" 1991
"C:/Users/11141/AppData/Roaming/Unreal Engine/UnrealBuildTool/BuildConfiguration.xml" 1992
"D:/CG/UE/VFX01/Slime/Intermediate/ShaderAutogen/PCD3D_SM6/AutogenShaderHeaders.ush" 1993
"../../../Engine/Shaders/Private/HairStrands/HairStrandsVertexFactory.ush" 1994
"../../../Engine/Shaders/Private/VertexFactoryCommon.ush" 1995
"../../../Engine/Shaders/Private/Common.ush" 1996
"../../../Engine/Shaders/Public/Platform.ush" 1997
"../../../Engine/Shaders/Public/FP16Math.ush" 1998
"../../../Engine/Shaders/Public/Platform/D3D/D3DCommon.ush" 1999
"../../../Engine/Shaders/Shared/HLSLReservedSpaces.h" 2000
"../../../Engine/Shaders/Public/BindlessResources.ush" 2001
"../../../Engine/Shaders/Public/Platform/D3D/PlatformBindlessResources.ush" 2002
"../../../Engine/Shaders/Shared/RayTracingBuiltInResources.h" 2003
"../../../Engine/Shaders/Shared/RayTracingDefinitions.h" 2004
"../../../Engine/Shaders/Public/OverloadMacros.ush" 2005
"../../../Engine/Shaders/Public/ShaderVersion.ush" 2006
"../../../Engine/Shaders/Shared/ThirdParty/NVIDIA/nvHLSLExtns.h" 2007
"../../../Engine/Shaders/Shared/ThirdParty/NVIDIA/nvHLSLExtnsInternal.h" 2008
"../../../Engine/Shaders/Shared/ThirdParty/NVIDIA/nvShaderExtnEnums.h" 2009
"../../../Engine/Shaders/Private/PackUnpack.ush" 2010
"../../../Engine/Shaders/Private/GeneratedUniformBufferTypes.ush" 2011
"../../../Engine/Shaders/Private/Nanite/NanitePackedNaniteView.ush" 2012
"../../../Engine/Shaders/Private/HairStrands/HairStrandsVisibilityCommonStruct.ush" 2013
"../../../Engine/Shaders/Private/HairStrands/HairStrandsVoxelPageCommonStruct.ush" 2014
"../../../Engine/Shaders/Private/HairStrands/HairStrandsDeepShadowCommonStruct.ush" 2015
"../../../Engine/Shaders/Shared/LightSceneData.h" 2016
"../../../Engine/Shaders/Shared/HLSLTypeAliases.h" 2017
"../../../Engine/Shaders/Private/LargeWorldCoordinates.ush" 2018
"../../../Engine/Shaders/Private/DoubleFloat.ush" 2019
"../../../Engine/Shaders/Private/RandomPCG.ush" 2020
"../../../Engine/Shaders/Private/DoubleFloatOperations.ush" 2021
"../../../Engine/Shaders/Private/DoubleFloatVectorDefinition.ush" 2022
"../../../Engine/Shaders/Private/LWCOperations.ush" 2023
"../../../Engine/Shaders/Shared/LightViewData.h" 2024
"../../../Engine/Shaders/Shared/RayTracingTypes.h" 2025
"../../../Engine/Shaders/Shared/HLSLStaticAssert.h" 2026
"../../../Engine/Shaders/Private/CommonViewUniformBuffer.ush" 2027
"../../../Engine/Shaders/Private/InstancedStereo.ush" 2028
"../../../Engine/Shaders/Private/Definitions.usf" 2029
"../../../Engine/Shaders/Private/AssertionMacros.ush" 2030
"../../../Engine/Shaders/Private/FastMath.ush" 2031
"../../../Engine/Shaders/Private/FastMathThirdParty.ush" 2032
"../../../Engine/Shaders/Private/Random.ush" 2033
"../../../Engine/Shaders/Private/RandomInterleavedGradientNoise.ush" 2034
"../../../Engine/Shaders/Private/SceneData.ush" 2035
"../../../Engine/Shaders/Private/OctahedralCommon.ush" 2036
"../../../Engine/Shaders/Private/WaveOpUtil.ush" 2037
"../../../Engine/Shaders/Private/ByteBuffer.ush" 2038
"../../../Engine/Shaders/Shared/SceneDefinitions.h" 2039
"../../../Engine/Shaders/Private/SceneDataMobileLoader.ush" 2040
"../../../Engine/Shaders/Private/LocalVertexFactoryCommon.ush" 2041
"../../../Engine/Shaders/Private/HairStrands/HairStrandsVisibilityCommon.ush" 2042
"../../../Engine/Shaders/Shared/HairStrandsDefinitions.h" 2043
"../../../Engine/Shaders/Private/HairStrands/HairStrandsVertexFactoryCommon.ush" 2044
"../../../Engine/Shaders/Private/HairStrands/HairStrandsPack.ush" 2045
"../../../Engine/Shaders/Private/HairStrands/HairStrandsAttributeCommon.ush" 2046
"../../../Engine/Shaders/Private/HairStrands/HairStrandsAttributeTemplate.ush" 2047
"../../../Engine/Shaders/Private/VertexFactoryDefaultInterface.ush" 2048
"../../../Engine/Shaders/Private/HairStrands/HairCardsVertexFactory.ush" 2049
"../../../Engine/Shaders/Private/HairStrands/HairCardsAttributeCommon.ush" 2050
"../../../Engine/Shaders/Private/RayTracing/RayTracingCommon.ush" 2051
"../../../Engine/Shaders/Private/ShadingCommon.ush" 2052
"../../../Engine/Shaders/Shared/RayTracingPayloadType.h" 2053
"../../../Engine/Shaders/Private/RayTracing/RayTracingRayCone.ush" 2054
"../../../Engine/Shaders/Private/Substrate/Substrate.ush" 2055
"../../../Engine/Shaders/Private/ShadingEnergyConservation.ush" 2056
"../../../Engine/Shaders/Private/ShadingEnergyConservationTemplate.ush" 2057
"../../../Engine/Shaders/Private/BRDF.ush" 2058
"../../../Engine/Shaders/Private/ColorSpace.ush" 2059
"../../../Engine/Shaders/Private/DeferredShadingCommon.ush" 2060
"../../../Engine/Shaders/Private/LightAccumulator.ush" 2061
"../../../Engine/Shaders/Private/SceneTexturesCommon.ush" 2062
"../../../Engine/Shaders/Private/MonteCarlo.ush" 2063
"../../../Engine/Shaders/Private/GBufferHelpers.ush" 2064
"../../../Engine/Shaders/Private/SceneTextureParameters.ush" 2065
"../../../Engine/Shaders/Private/ParticipatingMediaCommon.ush" 2066
"../../../Engine/Shaders/Private/ThinFilmBSDF.ush" 2067
"../../../Engine/Shaders/Private/MortonCode.ush" 2068
"../../../Engine/Shaders/Private/SubsurfaceProfileCommon.ush" 2069
"../../../Engine/Shaders/Private/BurleyNormalizedSSSCommon.ush" 2070
"../../../Engine/Shaders/Private/GammaCorrectionCommon.ush" 2071
"../../../Engine/Shaders/Shared/SubstrateDefinitions.h" 2072
"../../../Engine/Shaders/Private/Substrate/SubstrateStatisticalOperators.ush" 2073
"../../../Engine/Shaders/Private/Substrate/SubstrateSubsurface.ush" 2074
"../../../Engine/Shaders/Private/TransmissionCommon.ush" 2075
"../../../Engine/Shaders/Private/Substrate/SubstrateExportCommon.ush" 2076
"../../../Engine/Shaders/Private/SpecularProfileCommon.ush" 2077
"../../../Engine/Shaders/Private/RayTracing/RayTracingCommonMetal.ush" 2078
"../../../Engine/Shaders/Private/PositionReconstructionCommon.ush" 2079
"../../../Engine/Shaders/Private/RayTracing/TraceRayInline.ush" 2080
"../../../Engine/Shaders/Private/RayTracing/TraceRayInlineCommon.ush" 2081
"../../../Engine/Shaders/Private/RayTracing/TraceRayInlineVulkan.ush" 2082
"../../../Engine/Shaders/Private/RayTracing/TraceRayInlineMetal.ush" 2083
"../../../Engine/Shaders/Private/RayTracing/TraceRayInlineD3D12.ush" 2084
"../../../Engine/Shaders/Private/RayTracing/RayTracingHitGroupCommon.ush" 2085
"../../../Engine/Shaders/Private/Nanite/NaniteRayTrace.ush" 2086
"../../../Engine/Shaders/Private/Nanite/NaniteDataDecode.ush" 2087
"../../../Engine/Shaders/Private/BitPacking.ush" 2088
"../../../Engine/Shaders/Private/BitStreamReaderImplementation.ush" 2089
"../../../Engine/Shaders/Private/BoneTransform.ush" 2090
"../../../Engine/Shaders/Private/Quaternion.ush" 2091
"../../../Engine/Shaders/Shared/NaniteDefinitions.h" 2092
"../../../Engine/Shaders/Shared/SkinningDefinitions.h" 2093
"../../../Engine/Shaders/Private/Nanite/NaniteAttributeDecode.ush" 2094
"../../../Engine/Shaders/Private/Barycentrics.ush" 2095
"../../../Engine/Shaders/Private/DualNumber.ush" 2096
"../../../Engine/Shaders/Shared/ThirdParty/RayTriangleIntersection.h" 2097
"../../../Engine/Shaders/Private/Nanite/NaniteVertexFetch.ush" 2098
"../../../Engine/Shaders/Private/Nanite/NaniteSceneCommon.ush" 2099
"../../../Engine/Plugins/FX/Niagara/Shaders/Private/NiagaraSpriteVertexFactory.ush" 2100
"../../../Engine/Shaders/Private/ParticleVertexFactoryCommon.ush" 2101
"../../../Engine/Plugins/FX/Niagara/Shaders/Private/NiagaraVFCommon.usf" 2102
"../../../Engine/Plugins/FX/Niagara/Shaders/Private/NiagaraVFParticleAccess.usf" 2103
"../../../Engine/Plugins/FX/Niagara/Shaders/Private/NiagaraParticleAccess.ush" 2104
"../../../Engine/Plugins/FX/Niagara/Shaders/Private/NiagaraRibbonVertexFactory.ush" 2105
"../../../Engine/Plugins/FX/Niagara/Shaders/Private/NiagaraMeshVertexFactory.ush" 2106
"../../../Engine/Plugins/FX/Niagara/Shaders/Private/NiagaraCommon.ush" 2107
"../../../Engine/Plugins/FX/Niagara/Shaders/Private/NiagaraMeshParticleUtils.ush" 2108
"../../../Engine/Shaders/Private/VectorFieldVisualizationVertexFactory.ush" 2109
"../../../Engine/Shaders/Private/Nanite/NaniteVertexFactory.ush" 2110
"../../../Engine/Shaders/Private/LightmapData.ush" 2111
"../../../Engine/Shaders/Private/SplineMeshCommon.ush" 2112
"../../../Engine/Shaders/Shared/SplineMeshShaderParams.h" 2113
"../../../Engine/Shaders/Private/ShaderPrint.ush" 2114
"../../../Engine/Shaders/Private/ShaderPrintCommon.ush" 2115
"../../../Engine/Shaders/Private/MiniFontCommon.ush" 2116
"../../../Engine/Shaders/Private/MaterialCache/MaterialCacheCommon.ush" 2117
"../../../Engine/Shaders/Shared/MaterialCacheDefinitions.h" 2118
"../../../Engine/Shaders/Private/Nanite/NaniteVertexDeformation.ush" 2119
"../../../Engine/Shaders/Private/ViewData.ush" 2120
"../../../Engine/Shaders/Shared/ViewDefinitions.h" 2121
"../../../Engine/Shaders/Private/Matrices.ush" 2122
"../../../Engine/Shaders/Private/ParticleSpriteVertexFactory.ush" 2123
"../../../Engine/Shaders/Private/ParticleGPUSpriteVertexFactory.ush" 2124
"../../../Engine/Shaders/Private/ParticleSimulationCommon.ush" 2125
"../../../Engine/Shaders/Private/ParticleBeamTrailVertexFactory.ush" 2126
"../../../Engine/Shaders/Private/MeshParticleVertexFactory.ush" 2127
"../../../Engine/Shaders/Private/LocalVertexFactory.ush" 2128
"../../../Engine/Shaders/Private/GpuSkinCommon.ush" 2129
"../../../Engine/Shaders/Private/GpuSkinVertexFactory.ush" 2130
"../../../Engine/Shaders/Private/GeometryCollectionVertexFactory.ush" 2131
"../../../Engine/Shaders/Private/GeometryCacheVertexFactory.ush" 2132
"../../../Engine/Shaders/Private/LandscapeVertexFactory.ush" 2133
"../../../Engine/Plugins/Experimental/Compositing/CompositeCore/Shaders/Private/CompositeCoreMerge.usf" 2134
"../../../Engine/Shaders/Private/ScreenPass.ush" 2135
"../../../Engine/Shaders/Private/LensDistortion.ush" 2136
"../../../Engine/Plugins/Experimental/Compositing/CompositeCore/Shaders/Private/CompositeCoreDisplayTransform.usf" 2137
"../../../Engine/Plugins/Experimental/Compositing/CompositeCore/Shaders/Private/CompositeCoreDilate.usf" 2138
"../../../Engine/Plugins/Runtime/HairStrands/Shaders/Private/NiagaraCopyVelocityGrid.usf" 2139
"../../../Engine/Plugins/Runtime/HairStrands/Shaders/Private/NiagaraClearVelocityGrid.usf" 2140
"../../../Engine/Plugins/Runtime/HairStrands/Shaders/Private/NiagaraClearPressureGrid.usf" 2141
"../../../Engine/Plugins/Runtime/HairStrands/Shaders/Private/NiagaraInterpolateGroomGuides.usf" 2142
"../../../Engine/Plugins/Runtime/HairStrands/Shaders/Private/NiagaraGroomInterpolationUtils.ush" 2143
"../../../Engine/Plugins/FX/Niagara/Shaders/Private/NiagaraQuaternionUtils.ush" 2144
"../../../Engine/Shaders/Private/HairStrands/HairStrandsMesh.usf" 2145
"../../../Engine/Shaders/Private/HairStrands/HairStrandsBindingCommon.ush" 2146
"../../../Engine/Shaders/Private/HairStrands/HairStrandsFollicleMask.usf" 2147
"../../../Engine/Shaders/Private/HairStrands/HairStrandsSkinUpdate.usf" 2148
"../../../Engine/Shaders/Private/HairStrands/HairStrandsClusterCulling.usf" 2149
"../../../Engine/Shaders/Private/ColorMap.ush" 2150
"../../../Engine/Shaders/Private/HairStrands/HairStrandsAABBCommon.ush" 2151
"../../../Engine/Shaders/Private/HairStrands/HairStrandsClusterCommon.ush" 2152
"../../../Engine/Shaders/Private/ThreadGroupPrefixSum.ush" 2153
"../../../Engine/Shaders/Private/HairStrands/HairStrandsRaytracingGeometry.usf" 2154
"../../../Engine/Shaders/Private/HairStrands/HairStrandsTangent.usf" 2155
"../../../Engine/Shaders/Private/HairStrands/HairCardsDeformation.usf" 2156
"../../../Engine/Shaders/Private/HairStrands/HairStrandsInterpolation.usf" 2157
"../../../Engine/Shaders/Private/HairStrands/HairStrandsGuideDeform.usf" 2158
"../../../Engine/Shaders/Private/HairStrands/HairStrandsTexturesGeneration.usf" 2159
"../../../Engine/Shaders/Private/HairStrands/HairCardsTextureCommon.ush" 2160
"../../../Engine/Shaders/Private/HairStrands/HairStrandsTranscode.usf" 2161
"../../../Engine/Shaders/Private/HairStrands/HairStrandsDebug.usf" 2162
"../../../Engine/Shaders/Private/HairShadingCommon.ush" 2163
"../../../Engine/Shaders/Private/PostProcessCommon.ush" 2164
"../../../Engine/Shaders/Private/ShadingModels.ush" 2165
"../../../Engine/Shaders/Private/CapsuleLight.ush" 2166
"../../../Engine/Shaders/Private/RectLight.ush" 2167
"../../../Engine/Shaders/Private/LightData.ush" 2168
"../../../Engine/Shaders/Shared/LightDefinitions.h" 2169
"../../../Engine/Shaders/Private/AreaLightCommon.ush" 2170
"../../../Engine/Shaders/Private/HairBsdf.ush" 2171
"../../../Engine/Shaders/Private/MobileGGX.ush" 2172
"../../../Engine/Shaders/Private/HairStrands/HairStrandsCommon.ush" 2173
"../../../Engine/Shaders/Private/HairStrands/HairStrandsEnvironmentLightingCommon.ush" 2174
"../../../Engine/Shaders/Private/HairStrands/HairStrandsDeepTransmittanceCommon.ush" 2175
"../../../Engine/Shaders/Private/HairStrands/HairStrandsDeepTransmittanceDualScattering.ush" 2176
"../../../Engine/Shaders/Private/HairStrands/HairStrandsDeepShadowCommon.ush" 2177
"../../../Engine/Shaders/Private/HairStrands/HairStrandsDebugCommonStruct.ush" 2178
"../../../Engine/Plugins/NNE/NNEDenoiser/Shaders/NNEDenoiserShadersTransferFunctionOidn.usf" 2179
"../../../Engine/Plugins/NNE/NNEDenoiser/Shaders/NNEDenoiserShadersMappedCopy.usf" 2180
"../../../Engine/Plugins/NNE/NNEDenoiser/Shaders/NNEDenoiserShadersDefaultIOProcess.usf" 2181
"../../../Engine/Plugins/NNE/NNEDenoiser/Shaders/NNEDenoiserShadersAutoExposureReduceFinal.usf" 2182
"../../../Engine/Plugins/NNE/NNEDenoiser/Shaders/NNEDenoiserShadersAutoExposureReduce.usf" 2183
"../../../Engine/Plugins/NNE/NNEDenoiser/Shaders/NNEDenoiserShadersAutoExposureDownsample.usf" 2184
"../../../Engine/Plugins/Enterprise/GLTFExporter/Shaders/Private/SimpleTexture2DPS.usf" 2185
"../../../Engine/Shaders/Private/SimpleElementNormalMapPixelShader.usf" 2186
"../../../Engine/Plugins/FX/Niagara/Shaders/Private/NiagaraVertexFactoryExport.usf" 2187
"../../../Engine/Shaders/Private/ComputeShaderUtils.ush" 2188
"../../../Engine/Shaders/Private/MaterialTemplate.ush" 2189
"../../../Engine/Shaders/Private/WorldSpaceMath.ush" 2190
"../../../Engine/Shaders/Private/EyeAdaptationCommon.ush" 2191
"../../../Engine/Shaders/Private/SobolRandom.ush" 2192
"../../../Engine/Shaders/Private/DepthOfFieldCommon.ush" 2193
"../../../Engine/Shaders/Private/CircleDOFCommon.ush" 2194
"../../../Engine/Shaders/Private/DistanceField/GlobalDistanceFieldShared.ush" 2195
"../../../Engine/Shaders/Private/PhysicsFieldSampler.ush" 2196
"../../../Engine/Shaders/Private/PhysicsFieldShared.ush" 2197
"../../../Engine/Shaders/Private/SparseVolumeTexture/SparseVolumeTextureCommon.ush" 2198
"../../../Engine/Shaders/Shared/EnvironmentComponentsFlags.h" 2199
"../../../Engine/Shaders/Private/MeshPaintTextureCommon.ush" 2200
"../../../Engine/Shaders/Private/VirtualTextureMaterial.ush" 2201
"../../../Engine/Shaders/Private/MaterialCache/MaterialCacheMaterialCommon.ush" 2202
"../../../Engine/Shaders/Private/MaterialCache/MaterialCacheABuffer.ush" 2203
"../../../Engine/Shaders/Private/SpeedTreeCommon.ush" 2204
"../../../Engine/Shaders/Private/VirtualTextureCommon.ush" 2205
"../../../Engine/Shaders/Private/MaterialTexture.ush" 2206
"../../../Engine/Shaders/Private/MinMaterialTexCoords.ush" 2207
"../../../Engine/Shaders/Private/SkyAtmosphereCommon.ush" 2208
"../../../Engine/Shaders/Private/SingleLayerWaterCommon.ush" 2209
"../../../Engine/Shaders/Private/TextureSampling.ush" 2210
"../../../Engine/Shaders/Private/PaniniProjection.ush" 2211
"../../../Engine/Shaders/Private/DBufferNormalReprojection.ush" 2212
"../../../Engine/Shaders/Public/SubstratePublic.ush" 2213
"../../../Engine/Shaders/Private/Substrate/SubstrateTree.ush" 2214
"../../../Engine/Shaders/Private/Substrate/SubstrateEvaluation.ush" 2215
"../../../Engine/Shaders/Private/Substrate/Glint/GlintThirdParty.ush" 2216
"../../../Engine/Shaders/Private/BlueNoise.ush" 2217
"../../../Engine/Shaders/Private/SHCommon.ush" 2218
"../../../Engine/Shaders/Private/ShadingModelsSampling.ush" 2219
"../../../Engine/Shaders/Private/HairStrands/HairBsdfSample.ush" 2220
"../../../Engine/Shaders/Private/Substrate/SubstrateLegacyConversion.ush" 2221
"../../../Engine/Shaders/Private/DBufferDecalShared.ush" 2222
"../../../Engine/Plugins/FX/Niagara/Shaders/Private/NiagaraSortKeyGen.usf" 2223
"../../../Engine/Plugins/FX/Niagara/Shaders/Private/NiagaraGPURayTracingTransforms.usf" 2224
"../../../Engine/Plugins/FX/Niagara/Shaders/Private/NiagaraDrawIndirectArgsGen.usf" 2225
"../../../Engine/Plugins/FX/Niagara/Shaders/Private/NiagaraDispatchIndirectArgsGen.usf" 2226
"../../../Engine/Plugins/FX/Niagara/Shaders/Private/Stateless/NiagaraStatelessSimulationDefault.usf" 2227
"../../../Engine/Plugins/FX/Niagara/Shaders/Private/Stateless/NiagaraStatelessSimulationTemplate.ush" 2228
"../../../Engine/Plugins/FX/Niagara/Shaders/Private/Stateless/NiagaraStatelessCommon.ush" 2229
"../../../Engine/Plugins/FX/Niagara/Shaders/Shared/NiagaraStatelessDefinitions.h" 2230
"../../../Engine/Plugins/FX/Niagara/Shaders/Shared/NiagaraStatelessBuiltDistribution.h" 2231
"../../../Engine/Plugins/FX/Niagara/Shaders/Private/Stateless/NiagaraStatelessDistribution.ush" 2232
"../../../Engine/Plugins/FX/Niagara/Shaders/Private/Stateless/Modules/NiagaraStatelessModule_CalculateAccurateVelocity.ush" 2233
"../../../Engine/Plugins/FX/Niagara/Shaders/Private/Stateless/Modules/NiagaraStatelessModule_CameraOffset.ush" 2234
"../../../Engine/Plugins/FX/Niagara/Shaders/Private/Stateless/Modules/NiagaraStatelessModule_DynamicMaterialParameters.ush" 2235
"../../../Engine/Plugins/FX/Niagara/Shaders/Private/Stateless/Modules/NiagaraStatelessModule_InitializeParticle.ush" 2236
"../../../Engine/Plugins/FX/Niagara/Shaders/Private/Stateless/Modules/NiagaraStatelessModule_InitialMeshOrientation.ush" 2237
"../../../Engine/Plugins/FX/Niagara/Shaders/Private/Stateless/Modules/NiagaraStatelessModule_MeshIndex.ush" 2238
"../../../Engine/Plugins/FX/Niagara/Shaders/Private/Stateless/Modules/NiagaraStatelessModule_MeshRotationRate.ush" 2239
"../../../Engine/Plugins/FX/Niagara/Shaders/Private/Stateless/Modules/NiagaraStatelessModule_RotateAroundPoint.ush" 2240
"../../../Engine/Plugins/FX/Niagara/Shaders/Private/Stateless/Modules/NiagaraStatelessModule_ShapeLocation.ush" 2241
"../../../Engine/Plugins/FX/Niagara/Shaders/Private/Stateless/Modules/NiagaraStatelessModule_ScaleColor.ush" 2242
"../../../Engine/Plugins/FX/Niagara/Shaders/Private/Stateless/Modules/NiagaraStatelessModule_ScaleRibbonWidth.ush" 2243
"../../../Engine/Plugins/FX/Niagara/Shaders/Private/Stateless/Modules/NiagaraStatelessModule_ScaleSpriteSize.ush" 2244
"../../../Engine/Plugins/FX/Niagara/Shaders/Private/Stateless/Modules/NiagaraStatelessModule_ScaleSpriteSizeBySpeed.ush" 2245
"../../../Engine/Plugins/FX/Niagara/Shaders/Private/Stateless/Modules/NiagaraStatelessModule_ScaleMeshSize.ush" 2246
"../../../Engine/Plugins/FX/Niagara/Shaders/Private/Stateless/Modules/NiagaraStatelessModule_ScaleMeshSizebySpeed.ush" 2247
"../../../Engine/Plugins/FX/Niagara/Shaders/Private/Stateless/Modules/NiagaraStatelessModule_SolveVelocitiesAndForces.ush" 2248
"../../../Engine/Plugins/FX/Niagara/Shaders/Private/Stateless/Modules/NiagaraStatelessModule_SpriteFacingAndAlignment.ush" 2249
"../../../Engine/Plugins/FX/Niagara/Shaders/Private/Stateless/Modules/NiagaraStatelessModule_SpriteRotationRate.ush" 2250
"../../../Engine/Plugins/FX/Niagara/Shaders/Private/Stateless/Modules/NiagaraStatelessModule_SubUVAnimation.ush" 2251
"../../../Engine/Plugins/FX/Niagara/Shaders/Private/NiagaraBlendSVTsToDenseBuffer.usf" 2252
"../../../Engine/Plugins/FX/Niagara/Shaders/Private/NiagaraSVTToDenseBuffer.usf" 2253
"../../../Engine/Plugins/FX/Niagara/Shaders/Private/NiagaraFillIntBuffer.usf" 2254
"../../../Engine/Plugins/FX/Niagara/Shaders/Private/NiagaraComputeFreeIDs.usf" 2255
"../../../Engine/Plugins/FX/Niagara/Shaders/Private/NiagaraInitFreeIDBuffer.usf" 2256
"../../../Engine/Plugins/FX/Niagara/Shaders/Private/NiagaraEmitterInstanceShader.usf" 2257
"../../../Engine/Plugins/FX/Niagara/Shaders/Private/NiagaraShaderVersion.ush" 2258
"../../../Engine/Plugins/FX/Niagara/Shaders/Private/NiagaraPhysicsCommon.ush" 2259
"../../../Engine/Plugins/FX/Niagara/Shaders/Private/Ribbons/NiagaraRibbonAggregationApply.usf" 2260
"../../../Engine/Plugins/FX/Niagara/Shaders/Private/Ribbons/NiagaraRibbonCommon.ush" 2261
"../../../Engine/Plugins/FX/Niagara/Shaders/Private/Ribbons/NiagaraRibbonAggregationStep.usf" 2262
"../../../Engine/Plugins/FX/Niagara/Shaders/Private/Ribbons/NiagaraRibbonGenerateIndices.usf" 2263
"../../../Engine/Plugins/FX/Niagara/Shaders/Private/Ribbons/NiagaraRibbonInitializeIndices.usf" 2264
"../../../Engine/Plugins/FX/Niagara/Shaders/Private/Ribbons/NiagaraRibbonRibbonUVParamCalculation.usf" 2265
"../../../Engine/Plugins/FX/Niagara/Shaders/Private/Ribbons/NiagaraRibbonVertexReductionFinalization.usf" 2266
"../../../Engine/Plugins/FX/Niagara/Shaders/Private/Ribbons/NiagaraRibbonVertexReductionInitialization.usf" 2267
"../../../Engine/Plugins/FX/Niagara/Shaders/Private/Ribbons/NiagaraRibbonSortParticles.usf" 2268
"../../../Engine/Plugins/FX/Niagara/Shaders/Private/NiagaraLWCHelper.usf" 2269
"../../../Engine/Plugins/FX/Niagara/Shaders/Private/NiagaraUpdateMeshGPUSceneInstances.usf" 2270
"../../../Engine/Shaders/Private/GPUScene/GPUSceneWriter.ush" 2271
"../../../Engine/Plugins/FX/Niagara/Shaders/Private/NiagaraGenerateMips.usf" 2272
"../../../Engine/Plugins/FX/Niagara/Shaders/Private/NiagaraDebugDraw.usf" 2273
"../../../Engine/Plugins/FX/Niagara/Shaders/Private/NiagaraDebugDraw.ush" 2274
"../../../Engine/Plugins/FX/Niagara/Shaders/Private/NiagaraVisualizeTexture.usf" 2275
"../../../Engine/Plugins/FX/Niagara/Shaders/Private/NiagaraClearCounts.usf" 2276
"../../../Engine/Plugins/FX/Niagara/Shaders/Private/NiagaraBatchedElements.usf" 2277
"../../../Engine/Plugins/FX/Niagara/Shaders/Private/NiagaraRayTracingShaders.usf" 2278
"../../../Engine/Plugins/FX/Niagara/Shaders/Private/NiagaraAsyncGpuTraceCommon.ush" 2279
"../../../Engine/Shaders/Private/HashTable.ush" 2280
"../../../Engine/Shaders/Private/Hash.ush" 2281
"../../../Engine/Shaders/Private/RayTracing/VFXTraceRay.ush" 2282
"../../../Engine/Plugins/FX/Niagara/Shaders/Private/NiagaraRayMarchingShaders.usf" 2283
"../../../Engine/Plugins/FX/Niagara/Shaders/Private/NiagaraRayTraceCollisionGroupShaders.usf" 2284
"../../../Engine/Plugins/FX/Niagara/Shaders/Private/NiagaraAsyncGpuTraceUtils.usf" 2285
"../../../Engine/Plugins/Runtime/ComputeFramework/Shaders/Private/ComputeKernel.usf" 2286
"../../../Engine/Plugins/Runtime/ComputeFramework/Shaders/Private/ComputeKernelCommon.ush" 2287
"../../../Engine/Plugins/Media/WmfMedia/Shaders/Private/MediaHardwareVideoDecoding.usf" 2288
"../../../Engine/Shaders/Private/ColorUtils.ush" 2289
"../../../Engine/Plugins/Media/ImgMedia/Shaders/Private/ExrSwizzler.usf" 2290
"../../../Engine/Plugins/VirtualProduction/CameraCalibrationCore/Shaders/Private/CrosshairOverlay.usf" 2291
"../../../Engine/Plugins/VirtualProduction/CameraCalibrationCore/Shaders/Private/DisplacementMapBlending.usf" 2292
"../../../Engine/Plugins/VirtualProduction/CameraCalibrationCore/Shaders/Private/RecenterSTDisplacementMaps.usf" 2293
"../../../Engine/Plugins/VirtualProduction/CameraCalibrationCore/Shaders/Private/FillSTDisplacementMap.usf" 2294
"../../../Engine/Plugins/VirtualProduction/CameraCalibrationCore/Shaders/Private/InvertDisplacementMap.usf" 2295
"../../../Engine/Plugins/VirtualProduction/CameraCalibrationCore/Shaders/Private/CropDisplacementMap.usf" 2296
"../../../Engine/Plugins/VirtualProduction/CameraCalibrationCore/Shaders/Private/BlendDisplacementMaps.usf" 2297
"../../../Engine/Plugins/VirtualProduction/CameraCalibrationCore/Shaders/Private/DrawDisplacementMaps.usf" 2298
"../../../Engine/Plugins/VirtualProduction/CameraCalibrationCore/Shaders/Private/UndistortImagePoints.usf" 2299
"../../../Engine/Plugins/VirtualProduction/CameraCalibrationCore/Shaders/Private/DistortionSTMapProcessor.usf" 2300
"../../../Engine/Plugins/Experimental/NFORDenoise/Shaders/NFORDenoise.usf" 2301
"../../../Engine/Plugins/Experimental/NFORDenoise/Shaders/NFORRegressionCommon.ush" 2302
"../../../Engine/Plugins/Experimental/NFORDenoise/Shaders/NFORRegression.ush" 2303
"../../../Engine/Shaders/Private/VirtualTextureAdapter.usf" 2304
"../../../Engine/Shaders/Private/BlockCompressionCommon.ush" 2305
"../../../Engine/Shaders/Private/BCCompressionCommon.ush" 2306
"../../../Engine/Shaders/Private/TranslucentLightingShaders.usf" 2307
"../../../Engine/Shaders/Private/CubemapCommon.ush" 2308
"../../../Engine/Shaders/Private/VectorFieldCompositeShaders.usf" 2309
"../../../Engine/Shaders/Private/UpdateTextureShaders.usf" 2310
"../../../Engine/Shaders/Private/StereoLayerShader.usf" 2311
"../../../Engine/Shaders/Private/SparseVolumeTexture/UpdateSparseVolumeTexture.usf" 2312
"../../../Engine/Shaders/Private/MorphTargets.usf" 2313
"../../../Engine/Shaders/Private/SimpleElementColorChannelMaskPixelShader.usf" 2314
"../../../Engine/Shaders/Private/SimpleElementHitProxyPixelShader.usf" 2315
"../../../Engine/Shaders/Private/SimpleElementPixelShader.usf" 2316
"../../../Engine/Shaders/Private/IESLightProfilesCommon.ush" 2317
"../../../Engine/Shaders/Private/SimpleElementVertexShader.usf" 2318
"../../../Engine/Shaders/Private/ScreenPixelShaderOES.usf" 2319
"../../../Engine/Shaders/Private/ScreenVertexShader.usf" 2320
"../../../Engine/Shaders/Private/ScreenPixelShader.usf" 2321
"../../../Engine/Shaders/Private/SSProfilePreIntegratedMobile.usf" 2322
"../../../Engine/Shaders/Private/SpecularProfile.usf" 2323
"../../../Engine/Shaders/Private/Nanite/NaniteStreaming.usf" 2324
"../../../Engine/Shaders/Private/Nanite/NaniteStreaming.ush" 2325
"../../../Engine/Shaders/Private/Nanite/NaniteTranscode.usf" 2326
"../../../Engine/Shaders/Private/VolumetricLightmapStreaming.usf" 2327
"../../../Engine/Shaders/Private/PhysicsFieldReset.usf" 2328
"../../../Engine/Shaders/Private/PhysicsFieldBuilder.usf" 2329
"../../../Engine/Shaders/Private/PhysicsFieldEval.ush" 2330
"../../../Engine/Shaders/Private/ParticleSortKeyGen.usf" 2331
"../../../Engine/Shaders/Private/ParticleBoundsShader.usf" 2332
"../../../Engine/Shaders/Private/ParticleSimVisualizeShader.usf" 2333
"../../../Engine/Shaders/Private/ParticleInjectionShader.usf" 2334
"../../../Engine/Shaders/Private/ParticleSimulationShader.usf" 2335
"../../../Engine/Shaders/Private/ParticleCurveInjectionShader.usf" 2336
"../../../Engine/Shaders/Private/CopyUIntBuffer.usf" 2337
"../../../Engine/Shaders/Private/RadixSortShaders.usf" 2338
"../../../Engine/Shaders/Private/RecomputeTangentsPerVertexPass.usf" 2339
"../../../Engine/Shaders/Private/RecomputeTangentsCommon.ush" 2340
"../../../Engine/Shaders/Private/RecomputeTangentsPerTrianglePass.usf" 2341
"../../../Engine/Shaders/Private/GpuSkinCacheComputeShader.usf" 2342
"../../../Engine/Shaders/Private/HeightFieldAtlasManagement.usf" 2343
"../../../Engine/Shaders/Private/Landscape/LandscapeEditLayersUtils.usf" 2344
"../../../Engine/Shaders/Private/Landscape/LandscapeCommon.ush" 2345
"../../../Engine/Shaders/Private/Landscape/LandscapeEditLayersWeightmaps.usf" 2346
"../../../Engine/Shaders/Private/Landscape/LandscapeEditLayersHeightmaps.usf" 2347
"../../../Engine/Shaders/Private/Landscape/LandscapeLayersWeightmapsPS.usf" 2348
"../../../Engine/Shaders/Private/Landscape/LandscapeLayersHeightmapsPS.usf" 2349
"../../../Engine/Shaders/Private/LandscapeLayersCS.usf" 2350
"../../../Engine/Shaders/Private/LandscapeLayersPS.usf" 2351
"../../../Engine/Shaders/Private/LandscapeLayersVS.usf" 2352
"../../../Engine/Shaders/Private/LandscapePhysicalMaterial.usf" 2353
"../../../Engine/Shaders/Private/LandscapeGrassWeight.usf" 2354
"../../../Engine/Shaders/Private/Landscape/LandscapeCulling.usf" 2355
"../../../Engine/Shaders/Private/Nanite/NaniteHZBCull.ush" 2356
"../../../Engine/Shaders/Private/HZB.ush" 2357
"../../../Engine/Shaders/Private/Landscape/LandscapeMergeTexturesPS.usf" 2358
"../../../Engine/Shaders/Private/WideCustomResolveShaders.usf" 2359
"../../../Engine/Shaders/Private/WideCustomResolve_Wide.ush" 2360
"../../../Engine/Shaders/Private/WideCustomResolve_Wider.ush" 2361
"../../../Engine/Shaders/Private/WideCustomResolve_Widest.ush" 2362
"../../../Engine/Shaders/Private/WaterInfoTextureBlur.usf" 2363
"../../../Engine/Shaders/Private/WaterInfoTextureMerge.usf" 2364
"../../../Engine/Shaders/Private/PageTableUpdate.usf" 2365
"../../../Engine/Shaders/Private/VirtualTextureCompress.usf" 2366
"../../../Engine/Shaders/Private/ASTCCompressionCommon.ush" 2367
"../../../Engine/Shaders/Private/IntegerSequenceEncoding.ush" 2368
"../../../Engine/Shaders/Private/ETCCompressionCommon.ush" 2369
"../../../Engine/Shaders/Private/VirtualTextureMaterial.usf" 2370
"../../../Engine/Shaders/Private/PixelShaderOutputCommon.ush" 2371
"../../../Engine/Shaders/Private/ShaderOutputCommon.ush" 2372
"../../../Engine/Shaders/Private/VolumetricRenderTarget.usf" 2373
"../../../Engine/Shaders/Private/HeightFogCommon.ush" 2374
"../../../Engine/Shaders/Private/LocalFogVolumes/LocalFogVolumeCommon.ush" 2375
"../../../Engine/Shaders/Private/ReflectionEnvironmentShared.ush" 2376
"../../../Engine/Shaders/Private/VolumetricFogVoxelization.usf" 2377
"../../../Engine/Shaders/Private/VolumetricCloudMaterialPixelCommon.ush" 2378
"../../../Engine/Shaders/Private/VolumetricFogLightFunction.usf" 2379
"../../../Engine/Shaders/Private/LightFunctionCommon.ush" 2380
"../../../Engine/Shaders/Private/VolumetricFog.usf" 2381
"../../../Engine/Shaders/Private/DeferredLightingCommon.ush" 2382
"../../../Engine/Shaders/Private/DynamicLightingCommon.ush" 2383
"../../../Engine/Shaders/Private/CapsuleLightIntegrate.ush" 2384
"../../../Engine/Shaders/Private/CapsuleLightSampling.ush" 2385
"../../../Engine/Shaders/Private/RectLightIntegrate.ush" 2386
"../../../Engine/Shaders/Private/ScreenSpaceShadowRayCast.ush" 2387
"../../../Engine/Shaders/Private/LightFunctionAtlas/LightFunctionAtlasCommon.usf" 2388
"../../../Engine/Shaders/Private/HeterogeneousVolumes/HeterogeneousVolumesAdaptiveVolumetricShadowMapSampling.ush" 2389
"../../../Engine/Shaders/Private/HeterogeneousVolumes/HeterogeneousVolumesAdaptiveVolumetricShadowMapUtils.ush" 2390
"../../../Engine/Shaders/Private/HeterogeneousVolumes/HeterogeneousVolumesRayMarchingUtils.ush" 2391
"../../../Engine/Shaders/Private/HeterogeneousVolumes/HeterogeneousVolumesRayMarchingTypes.ush" 2392
"../../../Engine/Shaders/Private/PathTracing/Utilities/PathTracingRandomSequence.ush" 2393
"../../../Engine/Shaders/Private/HeterogeneousVolumes/HeterogeneousVolumesTracingUtils.ush" 2394
"../../../Engine/Shaders/Private/VelocityCommon.ush" 2395
"../../../Engine/Shaders/Private/HeterogeneousVolumes/HeterogeneousVolumesTransmittanceVolumeUtils.ush" 2396
"../../../Engine/Shaders/Private/ForwardShadowingCommon.ush" 2397
"../../../Engine/Shaders/Private/ShadowFilteringCommon.ush" 2398
"../../../Engine/Shaders/Private/PixelQuadMessagePassing.ush" 2399
"../../../Engine/Shaders/Private/VolumeLightingCommon.ush" 2400
"../../../Engine/Shaders/Private/ShadowProjectionCommon.ush" 2401
"../../../Engine/Shaders/Private/VolumeLightingCommonSampling.ush" 2402
"../../../Engine/Shaders/Private/Lumen/LumenTranslucencyVolumeShared.ush" 2403
"../../../Engine/Shaders/Private/Lumen/LumenRadianceCacheInterpolation.ush" 2404
"../../../Engine/Shaders/Private/HeterogeneousVolumes/HeterogeneousVolumesAdaptiveVolumetricShadowMapSampler.ush" 2405
"../../../Engine/Shaders/Private/LightGridCommon.ush" 2406
"../../../Engine/Shaders/Private/DistanceFieldAOShared.ush" 2407
"../../../Engine/Shaders/Private/IntersectionUtils.ush" 2408
"../../../Engine/Shaders/Private/VolumetricLightmapShared.ush" 2409
"../../../Engine/Shaders/Private/LightDataUniforms.ush" 2410
"../../../Engine/Shaders/Private/VirtualShadowMaps/VirtualShadowMapProjectionCommon.ush" 2411
"../../../Engine/Shaders/Private/VirtualShadowMaps/VirtualShadowMapPageAccessCommon.ush" 2412
"../../../Engine/Shaders/Shared/VirtualShadowMapDefinitions.h" 2413
"../../../Engine/Shaders/Shared/HLSLMathAliases.h" 2414
"../../../Engine/Shaders/Private/VirtualShadowMaps/VirtualShadowMapProjectionStructs.ush" 2415
"../../../Engine/Shaders/Private/VolumetricCloudCommon.ush" 2416
"../../../Engine/Shaders/Private/VolumetricCloud.usf" 2417
"../../../Engine/Shaders/Private/VisualizeVolumetricLightmap.usf" 2418
"../../../Engine/Shaders/Private/VirtualShadowMaps/VirtualShadowMapProjectionComposite.usf" 2419
"../../../Engine/Shaders/Private/LightShaderParameters.ush" 2420
"../../../Engine/Shaders/Private/VirtualShadowMaps/VirtualShadowMapMaskBitsCommon.ush" 2421
"../../../Engine/Shaders/Private/VirtualShadowMaps/VirtualShadowMapLightGrid.ush" 2422
"../../../Engine/Shaders/Private/VirtualShadowMaps/VirtualShadowMapProjection.usf" 2423
"../../../Engine/Shaders/Private/Visualization.ush" 2424
"../../../Engine/Shaders/Private/VirtualShadowMaps/VirtualShadowMapProjectionFilter.ush" 2425
"../../../Engine/Shaders/Private/VirtualShadowMaps/VirtualShadowMapProjectionDirectional.ush" 2426
"../../../Engine/Shaders/Private/VirtualShadowMaps/VirtualShadowMapSMRTCommon.ush" 2427
"../../../Engine/Shaders/Private/VirtualShadowMaps/VirtualShadowMapSMRTTemplate.ush" 2428
"../../../Engine/Shaders/Private/VirtualShadowMaps/VirtualShadowMapProjectionSpot.ush" 2429
"../../../Engine/Shaders/Private/VirtualShadowMaps/VirtualShadowMapTransmissionCommon.ush" 2430
"../../../Engine/Shaders/Private/VirtualShadowMaps/VirtualShadowMapScreenRayTrace.ush" 2431
"../../../Engine/Shaders/Private/VirtualShadowMaps/VirtualShadowMapStats.ush" 2432
"../../../Engine/Shaders/Private/HairStrands/HairStrandsVoxelPageCommon.ush" 2433
"../../../Engine/Shaders/Private/HairStrands/HairStrandsVoxelPageTraversal.ush" 2434
"../../../Engine/Shaders/Private/VirtualShadowMaps/VirtualShadowMapCacheGPUInvalidation.usf" 2435
"../../../Engine/Shaders/Private/VirtualShadowMaps/VirtualShadowMapPageCacheCommon.ush" 2436
"../../../Engine/Shaders/Private/VirtualShadowMaps/VirtualShadowMapCacheInvalidation.ush" 2437
"../../../Engine/Shaders/Private/VirtualShadowMaps/VirtualShadowMapPageOverlap.ush" 2438
"../../../Engine/Shaders/Private/ScreenSpaceDenoise/SSDDefinitions.ush" 2439
"../../../Engine/Shaders/Private/InstanceCulling/InstanceCullingLoadBalancer.ush" 2440
"../../../Engine/Shaders/Private/VirtualShadowMaps/VirtualShadowMapCacheLoadBalancer.usf" 2441
"../../../Engine/Shaders/Private/VirtualShadowMaps/VirtualShadowMapCopyStats.usf" 2442
"../../../Engine/Shaders/Private/VirtualShadowMaps/VirtualShadowMapDebug.usf" 2443
"../../../Engine/Shaders/Private/VirtualShadowMaps/Desaturate.usf" 2444
"../../../Engine/Shaders/Private/VirtualShadowMaps/VirtualShadowMapPhysicalPageManagement.usf" 2445
"../../../Engine/Shaders/Private/ReductionCommon.ush" 2446
"../../../Engine/Shaders/Private/GPUMessaging.ush" 2447
"../../../Engine/Shaders/Private/VirtualShadowMaps/VirtualShadowMapPerPageDispatch.ush" 2448
"../../../Engine/Shaders/Private/VirtualShadowMaps/VirtualShadowMapCompactViews.usf" 2449
"../../../Engine/Shaders/Shared/SceneCullingDefinitions.h" 2450
"../../../Engine/Shaders/Private/VirtualShadowMaps/VirtualShadowMapBuildPerPageDrawCommands.usf" 2451
"../../../Engine/Shaders/Private/Nanite/NaniteCullingCommon.ush" 2452
"../../../Engine/Shaders/Private/Nanite/NaniteCulling.ush" 2453
"../../../Engine/Shaders/Private/Nanite/NaniteHierarchyTraversalCommon.ush" 2454
"../../../Engine/Shaders/Private/InstanceCulling/InstanceCullingCommon.ush" 2455
"../../../Engine/Shaders/Shared/InstanceCullingDefinitions.h" 2456
"../../../Engine/Shaders/Private/VirtualShadowMaps/VirtualShadowMapPrintStats.usf" 2457
"../../../Engine/Shaders/Private/VirtualShadowMaps/VirtualShadowMapPageManagement.usf" 2458
"../../../Engine/Shaders/Private/VirtualShadowMaps/VirtualShadowMapPageMarking.usf" 2459
"../../../Engine/Shaders/Shared/SingleLayerWaterDefinitions.h" 2460
"../../../Engine/Shaders/Private/HairStrands/HairStrandsTileCommon.ush" 2461
"../../../Engine/Shaders/Private/Froxel/Froxel.ush" 2462
"../../../Engine/Shaders/Shared/FroxelDefinitions.h" 2463
"../../../Engine/Shaders/Private/DiaphragmDOF/DOFCommon.ush" 2464
"../../../Engine/Shaders/Private/VariableRateShading/VRSShadingRatePreview.usf" 2465
"../../../Engine/Shaders/Private/VariableRateShading/VRSShadingRateCommon.ush" 2466
"../../../Engine/Shaders/Private/VariableRateShading/VRSShadingRateCombine.usf" 2467
"../../../Engine/Shaders/Private/VariableRateShading/VRSShadingRateFoveated.usf" 2468
"../../../Engine/Shaders/Private/VariableRateShading/VRSShadingRateReproject.usf" 2469
"../../../Engine/Shaders/Private/VariableRateShading/VRSShadingRateCalculate.usf" 2470
"../../../Engine/Shaders/Private/TranslucencyUpsampling.usf" 2471
"../../../Engine/Shaders/Private/ComposeSeparateTranslucency.usf" 2472
"../../../Engine/Shaders/Private/SeparateTranslucency.ush" 2473
"../../../Engine/Shaders/Private/TranslucentLightInjectionShaders.usf" 2474
"../../../Engine/Shaders/Private/TranslucentShadowDepthShaders.usf" 2475
"../../../Engine/Shaders/Private/ShadowDepthCommon.ush" 2476
"../../../Engine/Shaders/Private/RayTracing/RayTracingTest.usf" 2477
"../../../Engine/Shaders/Private/PostprocessSubsurfaceTile.usf" 2478
"../../../Engine/Shaders/Private/PostProcessSubsurfaceCommon.ush" 2479
"../../../Engine/Shaders/Private/Substrate/SubstrateVisualize.usf" 2480
"../../../Engine/Shaders/Private/Substrate/SubstrateTile.ush" 2481
"../../../Engine/Shaders/Shared/SubstrateVisualizeDefinitions.h" 2482
"../../../Engine/Shaders/Private/Substrate/SubstrateVisualizeCommon.ush" 2483
"../../../Engine/Shaders/Private/SkyLightingDiffuseShared.ush" 2484
"../../../Engine/Shaders/Private/SkyLightingShared.ush" 2485
"../../../Engine/Shaders/Private/ClearCoatCommon.ush" 2486
"../../../Engine/Shaders/Private/ReflectionEnvironmentComposite.ush" 2487
"../../../Engine/Shaders/Private/Substrate/SubstrateLightingCommon.ush" 2488
"../../../Engine/Shaders/Private/Substrate/SubstrateRoughRefraction.usf" 2489
"../../../Engine/Shaders/Private/PathTracing/Material/PathTracingFresnel.ush" 2490
"../../../Engine/Shaders/Private/PathTracing/Material/PathTracingGlossy.ush" 2491
"../../../Engine/Shaders/Private/Substrate/SubstrateMaterialSampling.usf" 2492
"../../../Engine/Shaders/Private/Substrate/SubstrateMaterialSampling.ush" 2493
"../../../Engine/Shaders/Private/Lumen/LumenPosition.ush" 2494
"../../../Engine/Shaders/Private/Substrate/SubstrateTile.usf" 2495
"../../../Engine/Shaders/Private/Substrate/SubstrateMaterialClassification.usf" 2496
"../../../Engine/Shaders/Private/Substrate/SubstrateDBuffer.usf" 2497
"../../../Engine/Shaders/Private/StochasticLighting/StochasticLightingDenoising.usf" 2498
"../../../Engine/Shaders/Private/Lumen/LumenMaterial.ush" 2499
"../../../Engine/Shaders/Private/StochasticLighting/StochasticLightingCommon.ush" 2500
"../../../Engine/Shaders/Private/SplineMeshSceneTexture.usf" 2501
"../../../Engine/Shaders/Private/SparseVolumeTexture/VisualizeSparseVolumeTexture.usf" 2502
"../../../Engine/Shaders/Private/SkyAtmosphere.usf" 2503
"../../../Engine/Shaders/Private/Skinning/SkinnedMeshDebug.usf" 2504
"../../../Engine/Shaders/Private/Skinning/AnimBankEval.usf" 2505
"../../../Engine/Shaders/Private/SingleLayerWaterComposite.usf" 2506
"../../../Engine/Shaders/Private/Froxel/FroxelBuild.ush" 2507
"../../../Engine/Shaders/Private/SingleLayerWaterRefractionCulling.usf" 2508
"../../../Engine/Shaders/Private/ScreenSpaceShadows.usf" 2509
"../../../Engine/Shaders/Private/bend_sss_gpu.ush" 2510
"../../../Engine/Shaders/Private/ShadowFactorsUpsampleCommon.ush" 2511
"../../../Engine/Shaders/Private/FirstPersonSelfShadow.usf" 2512
"../../../Engine/Shaders/Private/HZBTracing.ush" 2513
"../../../Engine/Shaders/Private/ShadowProjectionVertexShader.usf" 2514
"../../../Engine/Shaders/Private/ShadowProjectionPixelShader.usf" 2515
"../../../Engine/Shaders/Private/MobileLightingCommon.ush" 2516
"../../../Engine/Shaders/Private/PlanarReflectionShared.ush" 2517
"../../../Engine/Shaders/Private/MobileSSR.ush" 2518
"../../../Engine/Shaders/Private/SSRT/SSRTRayCast.ush" 2519
"../../../Engine/Shaders/Private/ShadowPercentageCloserFiltering.ush" 2520
"../../../Engine/Shaders/Private/TransmissionThickness.ush" 2521
"../../../Engine/Shaders/Private/CopyShadowMaps.usf" 2522
"../../../Engine/Shaders/Private/ShadowDepthPixelShader.usf" 2523
"../../../Engine/Shaders/Private/ShadowDepthVertexShader.usf" 2524
"../../../Engine/Shaders/Private/ShadingEnergyConservationTable.usf" 2525
"../../../Engine/Shaders/Shared/PathTracingDefinitions.h" 2526
"../../../Engine/Shaders/Private/ShadingFurnaceTest.usf" 2527
"../../../Engine/Shaders/Private/Substrate/SubstrateDeferredLighting.ush" 2528
"../../../Engine/Shaders/Private/ShaderPrintDraw.usf" 2529
"../../../Engine/Shaders/Private/ShaderPrintDrawPrimitive.usf" 2530
"../../../Engine/Shaders/Private/DefaultSSRTiles.usf" 2531
"../../../Engine/Shaders/Private/ScreenSpaceReflectionTileCommons.ush" 2532
"../../../Engine/Shaders/Private/SSRT/SSRTDiffuseIndirect.usf" 2533
"../../../Engine/Shaders/Private/SSRT/SSRTTileClassificationBuffer.ush" 2534
"../../../Engine/Shaders/Private/SSRT/SSRTReflections.usf" 2535
"../../../Engine/Shaders/Private/ScreenSpaceDenoise/SSDPublic.ush" 2536
"../../../Engine/Shaders/Private/SSRT/SSRTTileClassification.usf" 2537
"../../../Engine/Shaders/Private/SSRT/SSRTPrevFrameReduction.usf" 2538
"../../../Engine/Shaders/Private/ScreenSpaceDenoise/SSDComposeHarmonics.usf" 2539
"../../../Engine/Shaders/Private/ScreenSpaceDenoise/SSDPublicHarmonics.ush" 2540
"../../../Engine/Shaders/Private/ScreenSpaceDenoise/SSDSignalFramework.ush" 2541
"../../../Engine/Shaders/Private/ScreenSpaceDenoise/SSDCommon.ush" 2542
"../../../Engine/Shaders/Private/SphericalGaussian.ush" 2543
"../../../Engine/Shaders/Public/WaveBroadcastIntrinsics.ush" 2544
"../../../Engine/Shaders/Private/ScreenSpaceDenoise/SSDMetadata.ush" 2545
"../../../Engine/Shaders/Private/ScreenSpaceDenoise/SSDSignalCore.ush" 2546
"../../../Engine/Shaders/Private/ScreenSpaceDenoise/DenoisingCommon.ush" 2547
"../../../Engine/Shaders/Private/ScreenSpaceDenoise/SSDSignalArray.ush" 2548
"../../../Engine/Shaders/Private/ScreenSpaceDenoise/SSDSignalBufferEncoding.ush" 2549
"../../../Engine/Shaders/Private/ScreenSpaceDenoise/SSDPublicBufferEncoding.ush" 2550
"../../../Engine/Shaders/Private/Lumen/LumenBufferEncoding.ush" 2551
"../../../Engine/Shaders/Private/ScreenSpaceDenoise/SSDTemporalAccumulation.usf" 2552
"../../../Engine/Shaders/Private/ScreenSpaceDenoise/SSDSpatialKernel.ush" 2553
"../../../Engine/Shaders/Private/ScreenSpaceDenoise/SSDSignalAccumulatorArray.ush" 2554
"../../../Engine/Shaders/Private/ScreenSpaceDenoise/SSDSignalAccumulator.ush" 2555
"../../../Engine/Shaders/Private/ScreenSpaceDenoise/SSDSignalCompression.ush" 2556
"../../../Engine/Shaders/Private/ScreenSpaceDenoise/SSDSpatialAccumulation.usf" 2557
"../../../Engine/Shaders/Private/ScreenSpaceDenoise/SSDInjest.usf" 2558
"../../../Engine/Shaders/Private/ScreenSpaceDenoise/SSDCompressMetadata.usf" 2559
"../../../Engine/Shaders/Private/DownsampleDepthPixelShader.usf" 2560
"../../../Engine/Shaders/Private/ScreenPass.usf" 2561
"../../../Engine/Shaders/Private/HZB.usf" 2562
"../../../Engine/Shaders/Private/OcclusionFeedbackShaders.usf" 2563
"../../../Engine/Shaders/Private/HZBOcclusion.usf" 2564
"../../../Engine/Shaders/Private/OcclusionQueryPixelShader.usf" 2565
"../../../Engine/Shaders/Private/OcclusionQueryVertexShader.usf" 2566
"../../../Engine/Shaders/Private/HitProxyCopy.usf" 2567
"../../../Engine/Shaders/Private/HitProxyPixelShader.usf" 2568
"../../../Engine/Shaders/Private/HitProxyVertexShader.usf" 2569
"../../../Engine/Shaders/Private/SceneCulling/SceneCullingDebugRender.usf" 2570
"../../../Engine/Shaders/Private/SceneCulling/SceneCulling.ush" 2571
"../../../Engine/Shaders/Private/SceneCulling/SceneCullingBuildExplicitBounds.usf" 2572
"../../../Engine/Shaders/Private/SceneCapturePixelShader.usf" 2573
"../../../Engine/Shaders/Private/RendererUtils.usf" 2574
"../../../Engine/Shaders/Private/RTWriteMaskDecode.usf" 2575
"../../../Engine/Shaders/Private/ReflectionEnvironmentShaders.usf" 2576
"../../../Engine/Shaders/Private/RectLightAtlas.usf" 2577
"../../../Engine/Shaders/Private/RayTracing/TraceRayInlineStatistics.usf" 2578
"../../../Engine/Shaders/Private/RayTracing/CompositeSkyLightPS.usf" 2579
"../../../Engine/Shaders/Private/RayTracing/GenerateSkyLightVisibilityRaysCS.usf" 2580
"../../../Engine/Shaders/Private/RayTracing/RayTracingSkyLightCommon.ush" 2581
"../../../Engine/Shaders/Private/RayTracing/SkyLightVisibilityRaysData.ush" 2582
"../../../Engine/Shaders/Private/Raytracing/RaytracingSkylightRGS.usf" 2583
"../../../Engine/Shaders/Private/HairStrands/HairStrandsRaytracing.ush" 2584
"../../../Engine/Shaders/Private/Raytracing/RayTracingSkyLightEvaluation.ush" 2585
"../../../Engine/Shaders/Private/Raytracing/RayTracingDeferredShadingCommon.ush" 2586
"../../../Engine/Shaders/Private/RayTracing/RayTracingOcclusionRGS.usf" 2587
"../../../Engine/Shaders/Private/RayTracing/RayTracingDirectionalLight.ush" 2588
"../../../Engine/Shaders/Private/RayTracing/RayTracingRectLight.ush" 2589
"../../../Engine/Shaders/Private/RayTracing/RayTracingSphereLight.ush" 2590
"../../../Engine/Shaders/Private/RayTracing/RayTracingCapsuleLight.ush" 2591
"../../../Engine/Shaders/Private/Raytracing/RayTracingFeedback.usf" 2592
"../../../Engine/Shaders/Shared/RayTracingDebugTypes.h" 2593
"../../../Engine/Shaders/Private/RayTracing/RayTracingPrimaryRays.usf" 2594
"../../../Engine/Shaders/Private/RayTracing/RayTracingLightingCommon.ush" 2595
"../../../Engine/Shaders/Private/RayTracing/RayTracingLightCullingCommon.ush" 2596
"../../../Engine/Shaders/Private/RayTracing/RayTracingMaterialDefaultHitShaders.usf" 2597
"../../../Engine/Shaders/Private/RayTracing/RayTracingMaterialHitShaders.usf" 2598
"../../../Engine/Shaders/Private/RayTracing/RayTracingShaderUtils.ush" 2599
"../../../Engine/Shaders/Private/RayTracing/RayTracingCalcInterpolants.ush" 2600
"../../../Engine/Shaders/Private/LightmapCommon.ush" 2601
"../../../Engine/Shaders/Private/Lumen/LumenHardwareRayTracingPayloadCommon.ush" 2602
"../../../Engine/Shaders/Shared/LumenDefinitions.h" 2603
"../../../Engine/Shaders/Private/Substrate/SubstrateExport.ush" 2604
"../../../Engine/Shaders/Private/RayTracing/RayTracingLightingMS.usf" 2605
"../../../Engine/Shaders/Private/Lumen/LumenDiffuseColorBoost.ush" 2606
"../../../Engine/Shaders/Private/RayTracing/RayTracingLightFunctionCommon.ush" 2607
"../../../Engine/Shaders/Private/RayTracing/RayTracingBuildLightGrid.usf" 2608
"../../../Engine/Shaders/Private/Raytracing/RayTracingInstanceBufferUtil.usf" 2609
"../../../Engine/Shaders/Private/RayTracing/RayTracingDynamicMesh.usf" 2610
"../../../Engine/Shaders/Private/RayTracing/RayTracingDefaultDecalHitShader.usf" 2611
"../../../Engine/Shaders/Private/RayTracing/RayTracingDecalMaterialShader.usf" 2612
"../../../Engine/Shaders/Private/PathTracing/PathTracingShaderUtils.ush" 2613
"../../../Engine/Shaders/Private/PathTracing/PathTracingCommon.ush" 2614
"../../../Engine/Shaders/Private/PathTracing/Material/PathTracingMaterialCommon.ush" 2615
"../../../Engine/Shaders/Private/PathTracing/Utilities/PathTracingRIS.ush" 2616
"../../../Engine/Shaders/Private/RayTracing/RayTracingBuildDecalGrid.usf" 2617
"../../../Engine/Shaders/Private/RayTracing/RayTracingDebugHitStatsUtils.usf" 2618
"../../../Engine/Shaders/Private/RayTracing/RayTracingDebugInstanceOverlap.usf" 2619
"../../../Engine/Shaders/Private/RayTracing/RayTracingDebugPicking.usf" 2620
"../../../Engine/Shaders/Private/RayTracing/RayTracingDebugUtils.ush" 2621
"../../../Engine/Shaders/Private/RayTracing/RayTracingDebugTraversal.usf" 2622
"../../../Engine/Shaders/Private/RayTracing/RayTracingDeferredMaterials.ush" 2623
"../../../Engine/Shaders/Shared/ThirdParty/AMD/ags_shader_intrinsics_dx12.h" 2624
"../../../Engine/Shaders/Shared/RayTracingDebugDefinitions.h" 2625
"../../../Engine/Shaders/Private/RayTracing/RayTracingDebugHitStatsCHS.usf" 2626
"../../../Engine/Shaders/Private/RayTracing/RayTracingDebugHitStats.usf" 2627
"../../../Engine/Shaders/Private/RayTracing/RayTracingDebugMS.usf" 2628
"../../../Engine/Shaders/Private/RayTracing/RayTracingDebugCHS.usf" 2629
"../../../Engine/Shaders/Private/RayTracing/RayTracingDebug.usf" 2630
"../../../Engine/Shaders/Private/RayTracing/RayTracingBuiltInShaders.usf" 2631
"../../../Engine/Shaders/Private/RayTracing/RayTracingBarycentrics.usf" 2632
"../../../Engine/Shaders/Private/RayTracing/RayTracingAmbientOcclusionRGS.usf" 2633
"../../../Engine/Shaders/Private/VisualizeShadingModels.usf" 2634
"../../../Engine/Shaders/Private/MotionBlur/VisualizeMotionVectors.usf" 2635
"../../../Engine/Shaders/Private/TemporalSuperResolution/TSRVisualize.usf" 2636
"../../../Engine/Shaders/Private/TemporalSuperResolution/TSRColorSpace.ush" 2637
"../../../Engine/Shaders/Private/TemporalSuperResolution/TSRCommon.ush" 2638
"../../../Engine/Shaders/Public/DualPixelVectorization.ush" 2639
"../../../Engine/Shaders/Private/TemporalSuperResolution/TSRReprojectionField.ush" 2640
"../../../Engine/Shaders/Private/TemporalSuperResolution/TSRResolveHistory.usf" 2641
"../../../Engine/Shaders/Private/TemporalSuperResolution/TSRConvolutionNetwork.ush" 2642
"../../../Engine/Shaders/Private/TemporalSuperResolution/TSRKernels.ush" 2643
"../../../Engine/Shaders/Public/LaneVectorization.ush" 2644
"../../../Engine/Shaders/Private/TemporalSuperResolution/TSRUpdateHistory.usf" 2645
"../../../Engine/Shaders/Private/TemporalSuperResolution/TSRSpatialAntiAliasing.ush" 2646
"../../../Engine/Shaders/Private/TemporalSuperResolution/TSRSpatialAntiAliasing.usf" 2647
"../../../Engine/Shaders/Private/TemporalSuperResolution/TSRRejectShading.usf" 2648
"../../../Engine/Shaders/Private/TemporalSuperResolution/TSRShadingAnalysis.ush" 2649
"../../../Engine/Shaders/Private/TemporalSuperResolution/TSRConvolutionNetworkPass.ush" 2650
"../../../Engine/Shaders/Private/TemporalSuperResolution/TSRDecimateHistory.usf" 2651
"../../../Engine/Shaders/Private/TemporalSuperResolution/TSRDepthVelocityAnalysis.ush" 2652
"../../../Engine/Shaders/Private/TemporalSuperResolution/TSRClosestOccluder.ush" 2653
"../../../Engine/Shaders/Private/TemporalSuperResolution/TSRWeightRelaxation.usf" 2654
"../../../Engine/Shaders/Private/TemporalSuperResolution/TSRThinGeometryCommon.ush" 2655
"../../../Engine/Shaders/Private/TemporalSuperResolution/TSRDetectThinGeometry.usf" 2656
"../../../Engine/Shaders/Private/TemporalSuperResolution/TSRDilateVelocity.usf" 2657
"../../../Engine/Shaders/Private/MotionBlur/MotionBlurVelocityFlatten.ush" 2658
"../../../Engine/Shaders/Private/MotionBlur/MotionBlurCommon.ush" 2659
"../../../Engine/Shaders/Private/TemporalSuperResolution/TSRClearPrevTextures.usf" 2660
"../../../Engine/Shaders/Private/TemporalSuperResolution/TSRMeasureCoverage.usf" 2661
"../../../Engine/Shaders/Private/TemporalSuperResolution/TSRMeasureFlickeringLuma.usf" 2662
"../../../Engine/Shaders/Private/TemporalAA.usf" 2663
"../../../Engine/Shaders/Private/FilterPixelShader.usf" 2664
"../../../Engine/Shaders/Private/FilterVertexShader.usf" 2665
"../../../Engine/Shaders/Private/VisualizeVirtualTexture.usf" 2666
"../../../Engine/Shaders/Private/PostProcessVisualizeBuffer.usf" 2667
"../../../Engine/Shaders/Private/PostProcessVisualizeLocalExposure.usf" 2668
"../../../Engine/Shaders/Private/PostProcessHistogramCommon.ush" 2669
"../../../Engine/Shaders/Private/TonemapCommon.ush" 2670
"../../../Engine/Shaders/Private/ACES/ACESCommon.ush" 2671
"../../../Engine/Shaders/Private/ACES/ACESOutputTransform.ush" 2672
"../../../Engine/Shaders/Private/ACES/ACESUtilities.ush" 2673
"../../../Engine/Shaders/Private/ACES/ACESTonescale.ush" 2674
"../../../Engine/Shaders/Private/ACES/ACESDisplayEncoding.ush" 2675
"../../../Engine/Shaders/Private/ACES/ACES_v1.3.ush" 2676
"../../../Engine/Shaders/Private/PostProcessVisualizeLevelInstance.usf" 2677
"../../../Engine/Shaders/Private/PostProcessVisualizeHDR.usf" 2678
"../../../Engine/Shaders/Private/ShaderComplexityApplyPixelShader.usf" 2679
"../../../Engine/Shaders/Private/QuadOverdraw.ush" 2680
"../../../Engine/Shaders/Private/PostProcessUpscale.usf" 2681
"../../../Engine/Shaders/Private/PostProcessTonemap.usf" 2682
"../../../Engine/Shaders/Private/PostProcessing/FilmGrainPackConstants.usf" 2683
"../../../Engine/Shaders/Private/PostProcessing/FilmGrainReduce.usf" 2684
"../../../Engine/Shaders/Private/PostProcessTestImage.usf" 2685
"../../../Engine/Shaders/Private/PostProcessSubsurface.usf" 2686
"../../../Engine/Shaders/Private/SeparableSSS.ush" 2687
"../../../Engine/Shaders/Private/SubsurfaceBurleyNormalized.ush" 2688
"../../../Engine/Shaders/Private/PostProcessSelectionOutline.usf" 2689
"../../../Engine/Shaders/Private/MotionBlur/MotionBlurVisualize.usf" 2690
"../../../Engine/Shaders/Private/MotionBlur/MotionBlurApply.usf" 2691
"../../../Engine/Shaders/Private/MotionBlur/MotionBlurFilterTileClassify.usf" 2692
"../../../Engine/Shaders/Private/MotionBlur/MotionBlurTileScatter.usf" 2693
"../../../Engine/Shaders/Private/MotionBlur/MotionBlurTileGather.usf" 2694
"../../../Engine/Shaders/Private/MotionBlur/MotionBlurVelocityFlatten.usf" 2695
"../../../Engine/Shaders/Private/PostProcessMobile.usf" 2696
"../../../Engine/Shaders/Private/PostProcessMitchellNetravali.usf" 2697
"../../../Engine/Shaders/Private/PostProcessMaterialShaders.usf" 2698
"../../../Engine/Shaders/Private/NeuralPostProcessCommon.usf" 2699
"../../../Engine/Shaders/Private/PostProcessLocalExposure.usf" 2700
"../../../Engine/Shaders/Private/PostProcessLensFlares.usf" 2701
"../../../Engine/Shaders/Private/PostProcessGBufferHints.usf" 2702
"../../../Engine/Shaders/Private/PostProcessHMD.usf" 2703
"../../../Engine/Shaders/Private/Histogram.usf" 2704
"../../../Engine/Shaders/Private/PostProcessHistogramReduce.usf" 2705
"../../../Engine/Shaders/Private/PostProcessHistogram.usf" 2706
"../../../Engine/Shaders/Private/Bloom/BloomFinalizeApplyConstants.usf" 2707
"../../../Engine/Shaders/Private/Bloom/BloomCommon.ush" 2708
"../../../Engine/Shaders/Private/Bloom/BloomResizeKernel.usf" 2709
"../../../Engine/Shaders/Private/Bloom/BloomDownsampleKernel.usf" 2710
"../../../Engine/Shaders/Private/Bloom/BloomClampKernel.usf" 2711
"../../../Engine/Shaders/Private/Bloom/BloomPackKernelConstants.usf" 2712
"../../../Engine/Shaders/Private/Bloom/BloomSumScatterDispersionEnergy.usf" 2713
"../../../Engine/Shaders/Private/Bloom/BloomReduceKernelSurvey.usf" 2714
"../../../Engine/Shaders/Private/Bloom/BloomSurveyKernelCenterEnergy.usf" 2715
"../../../Engine/Shaders/Private/Bloom/BloomSurveyMaxScatterDispersion.usf" 2716
"../../../Engine/Shaders/Private/Bloom/BloomFindKernelCenter.usf" 2717
"../../../Engine/Shaders/Private/PostProcessEyeAdaptation.usf" 2718
"../../../Engine/Shaders/Private/TranslucencyVolumeCommon.ush" 2719
"../../../Engine/Shaders/Private/PostProcessEyeAdaptationUtils.usf" 2720
"../../../Engine/Shaders/Private/PostProcessDownsample.usf" 2721
"../../../Engine/Shaders/Private/PostProcessDOF.usf" 2722
"../../../Engine/Shaders/Private/PostProcessDeviceEncodingOnly.usf" 2723
"../../../Engine/Shaders/Private/PostProcessCompositePrimitives.usf" 2724
"../../../Engine/Shaders/Private/PostProcessCombineLUTs.usf" 2725
"../../../Engine/Shaders/Private/PostProcessVisualizeDOF.usf" 2726
"../../../Engine/Shaders/Private/PostProcessBloom.usf" 2727
"../../../Engine/Shaders/Private/PostProcessAmbientOcclusionMobile.usf" 2728
"../../../Engine/Shaders/Private/PostProcessAmbientOcclusionCommon.ush" 2729
"../../../Engine/Shaders/Private/FXAAShader.usf" 2730
"../../../Engine/Shaders/Private/Fxaa3_11.ush" 2731
"../../../Engine/Shaders/Private/PaniniProjection.usf" 2732
"../../../Engine/Shaders/Private/DiaphragmDOF/DOFRecombine.usf" 2733
"../../../Engine/Shaders/Private/DiaphragmDOF/DOFHybridScatterPixelShader.usf" 2734
"../../../Engine/Shaders/Private/DiaphragmDOF/DOFHybridScatterCommon.ush" 2735
"../../../Engine/Shaders/Private/DiaphragmDOF/DOFVignetteCommon.ush" 2736
"../../../Engine/Shaders/Private/DiaphragmDOF/DOFHybridScatterVertexShader.usf" 2737
"../../../Engine/Shaders/Private/DiaphragmDOF/DOFPostfiltering.usf" 2738
"../../../Engine/Shaders/Private/DiaphragmDOF/DOFGatherTileSuggest.ush" 2739
"../../../Engine/Shaders/Private/DiaphragmDOF/DOFCocTileCommon.ush" 2740
"../../../Engine/Shaders/Private/DiaphragmDOF/DOFGatherPass.usf" 2741
"../../../Engine/Shaders/Private/DiaphragmDOF/DOFGatherCommon.ush" 2742
"../../../Engine/Shaders/Private/DiaphragmDOF/DOFGatherAccumulator.ush" 2743
"../../../Engine/Shaders/Private/DiaphragmDOF/DOFGatherKernel.ush" 2744
"../../../Engine/Shaders/Private/DiaphragmDOF/DOFBokehLUT.usf" 2745
"../../../Engine/Shaders/Private/DiaphragmDOF/DOFHybridScatterCompilation.usf" 2746
"../../../Engine/Shaders/Private/DiaphragmDOF/DOFReduce.usf" 2747
"../../../Engine/Shaders/Private/DiaphragmDOF/DOFDownsample.ush" 2748
"../../../Engine/Shaders/Private/DiaphragmDOF/DOFHybridScatterCompilation.ush" 2749
"../../../Engine/Shaders/Private/DiaphragmDOF/DOFDownsample.usf" 2750
"../../../Engine/Shaders/Private/DiaphragmDOF/DOFCocTileDilate.usf" 2751
"../../../Engine/Shaders/Private/DiaphragmDOF/DOFCocTileFlatten.usf" 2752
"../../../Engine/Shaders/Private/DiaphragmDOF/DOFSetup.usf" 2753
"../../../Engine/Shaders/Private/Tools/DebugAlphaChannel.usf" 2754
"../../../Engine/Shaders/Private/PostProcessAlphaInvert.usf" 2755
"../../../Engine/Shaders/Private/PlanarReflectionShaders.usf" 2756
"../../../Engine/Shaders/Private/PhysicsFieldVisualizer.usf" 2757
"../../../Engine/Shaders/Private/PathTracing/PathTracingSpatialTemporalDenoising.usf" 2758
"../../../Engine/Shaders/Private/ColorDifference.ush" 2759
"../../../Engine/Shaders/Private/PathTracing/PathTracingCompositingPixelShader.usf" 2760
"../../../Engine/Shaders/Private/PathTracing/PathTracingAdaptiveUtils.ush" 2761
"../../../Engine/Shaders/Private/PathTracing/PathTracingDefaultHitShader.usf" 2762
"../../../Engine/Shaders/Private/PathTracing/PathTracingGPULightmassMaterialHitShader.usf" 2763
"../../../Engine/Shaders/Private/PathTracing/PathTracingMaterialHitShader.usf" 2764
"../../../Engine/Shaders/Private/PathTracing/Material/PathTracingSubstrateCommon.ush" 2765
"../../../Engine/Shaders/Private/PathTracing/PathTracingLightingMissShader.usf" 2766
"../../../Engine/Shaders/Private/PathTracing/PathTracingMissShader.usf" 2767
"../../../Engine/Shaders/Private/PathTracing/PathTracingAdaptiveStart.usf" 2768
"../../../Engine/Shaders/Private/PathTracing/PathTracingBuildAdaptiveError.usf" 2769
"../../../Engine/Shaders/Private/PathTracing/PathTracingVolumetricCloudMaterialShader.usf" 2770
"../../../Engine/Shaders/Private/PathTracing/Volume/PathTracingCloudsMaterialCommon.ush" 2771
"../../../Engine/Shaders/Private/PathTracing/Volume/PathTracingVolumeCommon.ush" 2772
"../../../Engine/Shaders/Private/PathTracing/Volume/PathTracingCloudsCommon.ush" 2773
"../../../Engine/Shaders/Private/PathTracing/Volume/PathTracingFog.ush" 2774
"../../../Engine/Shaders/Private/PathTracing/Volume/PathTracingAtmosphere.ush" 2775
"../../../Engine/Shaders/Private/PathTracing/Volume/PathTracingAtmosphereCommon.ush" 2776
"../../../Engine/Shaders/Private/PathTracing/Volume/PathTracingVolumeSampling.ush" 2777
"../../../Engine/Shaders/Private/PathTracing/PathTracingBuildCloudAccelerationMap.usf" 2778
"../../../Engine/Shaders/Private/PathTracing/PathTracingBuildAtmosphereLUT.usf" 2779
"../../../Engine/Shaders/Private/PathTracing/PathTracingSwizzleScanlines.usf" 2780
"../../../Engine/Shaders/Private/PathTracing/PathTracingInitExtinctionCoefficient.usf" 2781
"../../../Engine/Shaders/Private/PathTracing/PathTracingCopyDepth.usf" 2782
"../../../Engine/Shaders/Private/PathTracing/PathTracingDebug.usf" 2783
"../../../Engine/Shaders/Private/RayTracing/RayTracingDecalGrid.ush" 2784
"../../../Engine/Shaders/Private/PathTracing/Material/PathTracingMaterialSampling.ush" 2785
"../../../Engine/Shaders/Private/PathTracing/Material/PathTracingLambert.ush" 2786
"../../../Engine/Shaders/Private/PathTracing/Material/PathTracingSubstrate.ush" 2787
"../../../Engine/Shaders/Private/PathTracing/Material/PathTracingSubstrateFoliage.ush" 2788
"../../../Engine/Shaders/Private/PathTracing/Material/PathTracingSubstrateSolidGlass.ush" 2789
"../../../Engine/Shaders/Private/PathTracing/Material/PathTracingSubstrateThinGlass.ush" 2790
"../../../Engine/Shaders/Private/PathTracing/Material/PathTracingSolidGlass.ush" 2791
"../../../Engine/Shaders/Private/PathTracing/Material/PathTracingEnergyConservation.ush" 2792
"../../../Engine/Shaders/Private/PathTracing/Material/PathTracingThinGlass.ush" 2793
"../../../Engine/Shaders/Private/PathTracing/Material/PathTracingDefaultLit.ush" 2794
"../../../Engine/Shaders/Private/PathTracing/Material/PathTracingClearCoat.ush" 2795
"../../../Engine/Shaders/Private/PathTracing/Material/PathTracingTwoSidedFoliage.ush" 2796
"../../../Engine/Shaders/Private/PathTracing/Material/PathTracingCloth.ush" 2797
"../../../Engine/Shaders/Private/PathTracing/Material/PathTracingSubsurfaceProfile.ush" 2798
"../../../Engine/Shaders/Private/PathTracing/Material/PathTracingEye.ush" 2799
"../../../Engine/Shaders/Private/PathTracing/Material/PathTracingHair.ush" 2800
"../../../Engine/Shaders/Private/PathTracing/Material/PathTracingMedium.ush" 2801
"../../../Engine/Shaders/Private/PathTracing/Light/PathTracingLightSampling.ush" 2802
"../../../Engine/Shaders/Private/PathTracing/Light/PathTracingLightCommon.ush" 2803
"../../../Engine/Shaders/Private/PathTracing/Light/PathTracingDirectionalLight.ush" 2804
"../../../Engine/Shaders/Private/PathTracing/Light/PathTracingPointLight.ush" 2805
"../../../Engine/Shaders/Private/PathTracing/Light/PathTracingCapsuleLight.ush" 2806
"../../../Engine/Shaders/Private/PathTracing/Light/PathTracingRectLight.ush" 2807
"../../../Engine/Shaders/Private/PathTracing/Light/PathTracingSkyLight.ush" 2808
"../../../Engine/Shaders/Private/PathTracing/Light/PathTracingLightGrid.ush" 2809
"../../../Engine/Shaders/Private/PathTracing/PathTracing.usf" 2810
"../../../Engine/Shaders/Private/PathTracing/PathTracingCore.ush" 2811
"../../../Engine/Shaders/Private/HeterogeneousVolumes/HeterogeneousVolumesVoxelGridTypes.ush" 2812
"../../../Engine/Shaders/Private/PathTracing/Volume/PathTracingVolume.ush" 2813
"../../../Engine/Shaders/Private/PathTracing/Volume/PathTracingClouds.ush" 2814
"../../../Engine/Shaders/Private/PathTracing/Volume/PathTracingHeterogeneousVolumes.ush" 2815
"../../../Engine/Shaders/Private/HeterogeneousVolumes/HeterogeneousVolumesVoxelGridTraversal.ush" 2816
"../../../Engine/Shaders/Private/HeterogeneousVolumes/HeterogeneousVolumesVoxelGridUtils.ush" 2817
"../../../Engine/Shaders/Private/HeterogeneousVolumes/HeterogeneousVolumesFrustumVoxelGridUtils.ush" 2818
"../../../Engine/Shaders/Private/PathTracing/PathTracingBuildLightGrid.usf" 2819
"../../../Engine/Shaders/Private/PathTracing/PathTracingSkylightMISCompensation.usf" 2820
"../../../Engine/Shaders/Private/PathTracing/PathTracingSkylightPrepare.usf" 2821
"../../../Engine/Shaders/Private/OIT/OITSorting.usf" 2822
"../../../Engine/Shaders/Private/OITCombine.usf" 2823
"../../../Engine/Shaders/Private/OITCommon.ush" 2824
"../../../Engine/Shaders/Private/Nanite/Voxel/RasterizeBricks.usf" 2825
"../../../Engine/Shaders/Private/Nanite/Voxel/Brick.ush" 2826
"../../../Engine/Shaders/Private/Nanite/Voxel/Voxel.ush" 2827
"../../../Engine/Shaders/Private/Nanite/Voxel/ScatterBricks.usf" 2828
"../../../Engine/Shaders/Private/Nanite/Voxel/TileBricks.usf" 2829
"../../../Engine/Shaders/Private/Nanite/Voxel/AutoVoxel.usf" 2830
"../../../Engine/Shaders/Private/Nanite/NaniteDebugViews.usf" 2831
"../../../Engine/Shaders/Private/Nanite/NaniteEditorCommon.ush" 2832
"../../../Engine/Shaders/Private/BinarySearch.ush" 2833
"../../../Engine/Shaders/Private/Nanite/NaniteDepthDecode.usf" 2834
"../../../Engine/Shaders/Private/HTileEncoding.ush" 2835
"../../../Engine/Shaders/Private/Nanite/NaniteVisualize.usf" 2836
"../../../Engine/Shaders/Private/Nanite/NaniteStreamOut.usf" 2837
"../../../Engine/Shaders/Private/Nanite/NaniteHierarchyTraversal.ush" 2838
"../../../Engine/Shaders/Private/Nanite/NaniteSkinningUpdateViewData.usf" 2839
"../../../Engine/Shaders/Private/Skinning/TransformProviders.usf" 2840
"../../../Engine/Shaders/Private/Nanite/NaniteShadeBinning.usf" 2841
"../../../Engine/Shaders/Private/Nanite/NaniteShadeCommon.ush" 2842
"../../../Engine/Shaders/Private/Nanite/NaniteFastClear.usf" 2843
"../../../Engine/Shaders/Private/Nanite/NaniteExportGBuffer.usf" 2844
"../../../Engine/Shaders/Private/Nanite/NaniteClusterCulling.usf" 2845
"../../../Engine/Shaders/Private/Nanite/NanitePrintStats.usf" 2846
"../../../Engine/Shaders/Private/Nanite/NaniteRasterizer.usf" 2847
"../../../Engine/Shaders/Private/Nanite/NaniteRasterizationCommon.ush" 2848
"../../../Engine/Shaders/Private/Nanite/NaniteRasterizer.ush" 2849
"../../../Engine/Shaders/Private/Nanite/NaniteWritePixel.ush" 2850
"../../../Engine/Shaders/Private/Nanite/NaniteTessellation.ush" 2851
"../../../Engine/Shaders/Private/WorkDistribution.ush" 2852
"../../../Engine/Shaders/Private/Nanite/NaniteDice.ush" 2853
"../../../Engine/Shaders/Private/ShaderBundleWorkGraphCommon.ush" 2854
"../../../Engine/Shaders/Public/RootConstants.ush" 2855
"../../../Engine/Shaders/Public/Platform/D3D/D3DRootConstants.ush" 2856
"../../../Engine/Shaders/Private/Nanite/NaniteSplit.usf" 2857
"../../../Engine/Shaders/Private/Nanite/NaniteRasterBinning.usf" 2858
"../../../Engine/Shaders/Private/Nanite/NaniteInstanceCulling.usf" 2859
"../../../Engine/Shaders/Private/Nanite/NaniteImposter.ush" 2860
"../../../Engine/Shaders/Private/Nanite/NaniteInstanceHierarchyCulling.usf" 2861
"../../../Engine/Shaders/Private/WorkGroupLoadBalancer.ush" 2862
"../../../Engine/Shaders/Private/Nanite/NanitePrimitiveFilter.usf" 2863
"../../../Engine/Shaders/Private/Nanite/NaniteRasterClear.usf" 2864
"../../../Engine/Shaders/Private/Nanite/NaniteDepthExport.usf" 2865
"../../../Engine/Shaders/Private/Nanite/NaniteEmitShadow.usf" 2866
"../../../Engine/Shaders/Private/MobileDeferredUtils.usf" 2867
"../../../Engine/Shaders/Private/MobileLocalLightsBuffer.usf" 2868
"../../../Engine/Shaders/Private/MobileFog.usf" 2869
"../../../Engine/Shaders/Private/DistortApplyScreenPS.usf" 2870
"../../../Engine/Shaders/Private/MobileDeferredShading.usf" 2871
"../../../Engine/Shaders/Private/MobileBasePassPixelShader.usf" 2872
"../../../Engine/Shaders/Private/MobileBasePassCommon.ush" 2873
"../../../Engine/Shaders/Private/BasePassCommon.ush" 2874
"../../../Engine/Shaders/Private/ShadingModelsMaterial.ush" 2875
"../../../Engine/Shaders/Private/ThinTranslucentCommon.ush" 2876
"../../../Engine/Shaders/Private/SingleLayerWaterShading.ush" 2877
"../../../Engine/Shaders/Private/DistortionCommon.ush" 2878
"../../../Engine/Shaders/Private/Substrate/SubstrateMobileForwardLighting.ush" 2879
"../../../Engine/Shaders/Private/MobileBasePassVertexShader.usf" 2880
"../../../Engine/Shaders/Private/MeshEdges.usf" 2881
"../../../Engine/Shaders/Private/MegaLights/MegaLightsVSMTracing.usf" 2882
"../../../Engine/Shaders/Private/MegaLights/MegaLights.ush" 2883
"../../../Engine/Shaders/Shared/MegaLightsDefinitions.h" 2884
"../../../Engine/Shaders/Private/HairStrands/HairStrandsVisibilityUtils.ush" 2885
"../../../Engine/Shaders/Private/MegaLights/MegaLightsRayTracing.ush" 2886
"../../../Engine/Shaders/Private/MegaLights/MegaLightsRayTracing.usf" 2887
"../../../Engine/Shaders/Private/DistanceField/GlobalDistanceFieldUtils.ush" 2888
"../../../Engine/Shaders/Private/Lumen/LumenScreenTracing.ush" 2889
"../../../Engine/Shaders/Private/MegaLights/MegaLightsVolumeRayTracing.usf" 2890
"../../../Engine/Shaders/Private/MegaLights/MegaLightsVolume.ush" 2891
"../../../Engine/Shaders/Private/MegaLights/MegaLightsVolumeHardwareRayTracing.usf" 2892
"../../../Engine/Shaders/Private/Lumen/LumenHardwareRayTracingCommon.ush" 2893
"../../../Engine/Shaders/Private/RayTracing/RayTracingReflectionEnvironment.ush" 2894
"../../../Engine/Shaders/Private/Lumen/LumenHardwareRayTracingPlatformCommon.ush" 2895
"../../../Engine/Shaders/Private/Lumen/LumenReflectionsCombine.ush" 2896
"../../../Engine/Shaders/Private/Lumen/LumenTracingCommon.ush" 2897
"../../../Engine/Shaders/Private/Lumen/SurfaceCache/LumenSurfaceCacheSampling.ush" 2898
"../../../Engine/Shaders/Private/Lumen/SurfaceCache/LumenSurfaceCache.ush" 2899
"../../../Engine/Shaders/Private/Lumen/LumenCardCommon.ush" 2900
"../../../Engine/Shaders/Private/Lumen/LumenCardTileShadowDownsampleFactor.ush" 2901
"../../../Engine/Shaders/Private/MegaLights/MegaLightsHardwareRayTracing.usf" 2902
"../../../Engine/Shaders/Private/MegaLights/MegaLights.usf" 2903
"../../../Engine/Shaders/Private/MegaLights/MegaLightsShading.ush" 2904
"../../../Engine/Shaders/Private/MegaLights/MegaLightsFilterVisibleLightHash.usf" 2905
"../../../Engine/Shaders/Private/MegaLights/MegaLightsDenoiserSpatial.usf" 2906
"../../../Engine/Shaders/Private/Lumen/LumenReflectionDenoiserCommon.ush" 2907
"../../../Engine/Shaders/Private/MegaLights/MegaLightsDenoiserTemporal.usf" 2908
"../../../Engine/Shaders/Private/MegaLights/MegaLightsShading.usf" 2909
"../../../Engine/Shaders/Private/StochasticLighting/StochasticLightingUpsample.ush" 2910
"../../../Engine/Shaders/Private/MegaLights/MegaLightsVisibleLightHash.usf" 2911
"../../../Engine/Shaders/Private/MegaLights/MegaLightsVolumeShading.usf" 2912
"../../../Engine/Shaders/Private/MegaLights/MegaLightsSampling.usf" 2913
"../../../Engine/Shaders/Private/MegaLights/MegaLightsSampling.ush" 2914
"../../../Engine/Shaders/Private/MegaLights/MegaLightsVolumeSampling.usf" 2915
"../../../Engine/Shaders/Private/MaterialCache/MaterialCacheABufferPages.usf" 2916
"../../../Engine/Shaders/Private/MaterialCache/MaterialCacheShade.usf" 2917
"../../../Engine/Shaders/Private/MaterialCache/MaterialCacheUnwrapNaniteShade.usf" 2918
"../../../Engine/Shaders/Private/MaterialCache/MaterialCacheUnwrapPixelShader.usf" 2919
"../../../Engine/Shaders/Private/MaterialCache/MaterialCacheUnwrapVertexShader.usf" 2920
"../../../Engine/Shaders/Private/Lumen/LumenVisualizeRadianceCache.usf" 2921
"../../../Engine/Shaders/Private/Lumen/LumenRadianceCacheCommon.ush" 2922
"../../../Engine/Shaders/Private/Lumen/LumenVisualizeHardwareRayTracing.usf" 2923
"../../../Engine/Shaders/Private/Lumen/LumenVisualize.ush" 2924
"../../../Engine/Shaders/Private/Lumen/LumenHairTracing.ush" 2925
"../../../Engine/Shaders/Private/Lumen/LumenVisualize.usf" 2926
"../../../Engine/Shaders/Private/Lumen/LumenSoftwareRayTracing.ush" 2927
"../../../Engine/Shaders/Private/DistanceField/GlobalDistanceFieldObjectGrid.ush" 2928
"../../../Engine/Shaders/Private/DistanceFieldLightingShared.ush" 2929
"../../../Engine/Shaders/Private/Lumen/LumenVisualizeTraces.ush" 2930
"../../../Engine/Shaders/Private/Lumen/LumenTranslucencyVolumeLighting.usf" 2931
"../../../Engine/Shaders/Private/Lumen/LumenRadianceCacheMarkCommon.ush" 2932
"../../../Engine/Shaders/Private/Lumen/LumenTranslucencyVolumeLightingShared.ush" 2933
"../../../Engine/Shaders/Private/Lumen/LumenScreenProbeCommon.ush" 2934
"../../../Engine/Shaders/Private/RayTracing/RayGenUtils.ush" 2935
"../../../Engine/Shaders/Private/Lumen/LumenRadianceCacheTracingCommon.ush" 2936
"../../../Engine/Shaders/Private/Lumen/LumenTranslucencyVolumeHardwareRayTracing.usf" 2937
"../../../Engine/Shaders/Private/Lumen/LumenTranslucencyRadianceCacheMarkShaders.usf" 2938
"../../../Engine/Shaders/Private/Lumen/SurfaceCache/LumenSurfaceCache.usf" 2939
"../../../Engine/Shaders/Private/Lumen/LumenShortRangeAOHardwareRayTracing.usf" 2940
"../../../Engine/Shaders/Private/Lumen/LumenScreenSpaceBentNormal.ush" 2941
"../../../Engine/Shaders/Private/Lumen/LumenScreenSpaceBentNormal.usf" 2942
"../../../Engine/Shaders/Private/Lumen/LumenScreenProbeTracing.usf" 2943
"../../../Engine/Shaders/Private/Lumen/LumenScreenProbeTracingCommon.ush" 2944
"../../../Engine/Shaders/Private/Lumen/LumenFloatQuantization.ush" 2945
"../../../Engine/Shaders/Private/Lumen/LumenScreenProbeImportanceSampling.usf" 2946
"../../../Engine/Shaders/Private/Lumen/LumenScreenProbeImportanceSamplingShared.ush" 2947
"../../../Engine/Shaders/Private/Lumen/LumenScreenProbeHardwareRayTracing.usf" 2948
"../../../Engine/Shaders/Private/Lumen/LumenScreenProbeDebug.usf" 2949
"../../../Engine/Shaders/Private/Lumen/LumenScreenProbeGather.usf" 2950
"../../../Engine/Shaders/Private/Lumen/LumenScreenProbeGatherTemporal.usf" 2951
"../../../Engine/Shaders/Private/Lumen/LumenScreenProbeFiltering.usf" 2952
"../../../Engine/Shaders/Private/Lumen/LumenSceneLighting.usf" 2953
"../../../Engine/Shaders/Private/Lumen/LumenCardTile.ush" 2954
"../../../Engine/Shaders/Private/Lumen/LumenSceneLighting.ush" 2955
"../../../Engine/Shaders/Private/Lumen/Radiosity/LumenRadiosity.ush" 2956
"../../../Engine/Shaders/Private/Lumen/LumenSceneLightingDebug.usf" 2957
"../../../Engine/Shaders/Private/Lumen/LumenScene.usf" 2958
"../../../Engine/Shaders/Private/Lumen/LumenSceneDirectLightingHardwareRayTracing.usf" 2959
"../../../Engine/Shaders/Private/Lumen/LumenSceneDirectLightingStochastic.ush" 2960
"../../../Engine/Shaders/Private/Lumen/LumenReflectionCommon.ush" 2961
"../../../Engine/Shaders/Private/Lumen/LumenSceneDirectLighting.ush" 2962
"../../../Engine/Shaders/Private/Lumen/LumenSceneDebugHardwareRayTracing.usf" 2963
"../../../Engine/Shaders/Private/Lumen/LumenSceneDirectLightingStochastic.usf" 2964
"../../../Engine/Shaders/Private/Lumen/LumenSceneDirectLightingSoftwareRayTracing.usf" 2965
"../../../Engine/Shaders/Private/DistanceFieldShadowingShared.ush" 2966
"../../../Engine/Shaders/Private/Lumen/LumenSceneDirectLightingPerLightShadowCommon.ush" 2967
"../../../Engine/Shaders/Private/Lumen/LumenSceneDirectLightingShadowMask.usf" 2968
"../../../Engine/Shaders/Private/Lumen/LumenSceneDirectLighting.usf" 2969
"../../../Engine/Shaders/Private/Lumen/LumenSceneDirectLightingCulling.usf" 2970
"../../../Engine/Shaders/Private/Lumen/LumenCardComputeShader.usf" 2971
"../../../Engine/Shaders/Private/Lumen/LumenCardBasePass.ush" 2972
"../../../Engine/Shaders/Private/Lumen/LumenCardPixelShader.usf" 2973
"../../../Engine/Shaders/Private/Lumen/LumenCardVertexShader.usf" 2974
"../../../Engine/Shaders/Private/Lumen/LumenReSTIRGather.usf" 2975
"../../../Engine/Shaders/Private/Lumen/LumenReflectionTracing.usf" 2976
"../../../Engine/Shaders/Private/Lumen/LumenReflectionDenoiserSpatial.usf" 2977
"../../../Engine/Shaders/Private/Lumen/LumenReflectionDenoiserClear.usf" 2978
"../../../Engine/Shaders/Private/Lumen/LumenReflectionDenoiserTemporal.usf" 2979
"../../../Engine/Shaders/Private/Lumen/LumenReflectionResolve.usf" 2980
"../../../Engine/Shaders/Private/Lumen/LumenReflections.usf" 2981
"../../../Engine/Shaders/Private/Lumen/RayTracedTranslucency.usf" 2982
"../../../Engine/Shaders/Private/Lumen/LumenReflectionHardwareRayTracing.usf" 2983
"../../../Engine/Shaders/Private/Lumen/Radiosity/LumenVisualizeRadiosityProbes.usf" 2984
"../../../Engine/Shaders/Private/Lumen/Radiosity/LumenRadiosity.usf" 2985
"../../../Engine/Shaders/Private/Lumen/Radiosity/LumenRadiosityHardwareRayTracing.usf" 2986
"../../../Engine/Shaders/Private/Lumen/Radiosity/LumenRadiosityCulling.usf" 2987
"../../../Engine/Shaders/Private/Lumen/LumenRadianceCacheHardwareRayTracing.usf" 2988
"../../../Engine/Shaders/Private/Lumen/LumenRadianceCache.usf" 2989
"../../../Engine/Shaders/Private/Lumen/LumenRadianceCacheUpdate.ush" 2990
"../../../Engine/Shaders/Private/Lumen/LumenRadianceCacheDebug.usf" 2991
"../../../Engine/Shaders/Private/Lumen/LumenRadianceCacheUpdate.usf" 2992
"../../../Engine/Shaders/Private/Lumen/LumenMeshSDFCulling.usf" 2993
"../../../Engine/Shaders/Private/HybridIndirectLighting.ush" 2994
"../../../Engine/Shaders/Private/MeshDistanceFieldCommon.ush" 2995
"../../../Engine/Shaders/Private/Lumen/LumenIrradianceFieldGather.usf" 2996
"../../../Engine/Shaders/Private/Lumen/LumenHardwareRayTracingMaterials.usf" 2997
"../../../Engine/Shaders/Private/Lumen/LumenFrontLayerTranslucency.usf" 2998
"../../../Engine/Shaders/Private/LocalFogVolumes/LocalFogVolumeSplat.usf" 2999
"../../../Engine/Shaders/Private/LocalFogVolumes/LocalFogVolumeTiledCulling.usf" 3000
"../../../Engine/Shaders/Private/LightShaftShader.usf" 3001
"../../../Engine/Shaders/Private/StationaryLightOverlapShaders.usf" 3002
"../../../Engine/Shaders/Private/DeferredLightPixelShaders.usf" 3003
"../../../Engine/Shaders/Private/DeferredLightVertexShaders.usf" 3004
"../../../Engine/Shaders/Private/LightMapDensityShader.usf" 3005
"../../../Engine/Shaders/Private/LightGridInjection.usf" 3006
"../../../Engine/Shaders/Shared/LightGridDefinitions.h" 3007
"../../../Engine/Shaders/Private/LightFunctionPixelShader.usf" 3008
"../../../Engine/Shaders/Private/LightFunctionVertexShader.usf" 3009
"../../../Engine/Shaders/Private/LightFunctionAtlas/LightFunctionAtlasRender.usf" 3010
"../../../Engine/Shaders/Private/InstanceCulling/InstanceCullingOcclusionQuery.usf" 3011
"../../../Engine/Shaders/Private/InstanceCulling/InstanceCullingSetup.ush" 3012
"../../../Engine/Shaders/Private/InstanceCulling/BuildInstanceDrawCommands.usf" 3013
"../../../Engine/Shaders/Private/InstanceCulling/InstanceCompactionCommon.ush" 3014
"../../../Engine/Shaders/Private/SceneDataMobileWriter.ush" 3015
"../../../Engine/Shaders/Private/InstanceCulling/CompactVisibleInstances.usf" 3016
"../../../Engine/Shaders/Private/ReflectionEnvironmentPixelShader.usf" 3017
"../../../Engine/Shaders/Private/AmbientCubemapComposite.usf" 3018
"../../../Engine/Shaders/Private/DiffuseIndirectComposite.usf" 3019
"../../../Engine/Shaders/Private/IESAtlas.usf" 3020
"../../../Engine/Shaders/Private/HeterogeneousVolumes/HeterogeneousVolumesVoxelGridShadows.usf" 3021
"../../../Engine/Shaders/Private/HeterogeneousVolumes/HeterogeneousVolumesStochasticFiltering.ush" 3022
"../../../Engine/Shaders/Private/HeterogeneousVolumes/HeterogeneousVolumesVoxelGridRenderingUtils.ush" 3023
"../../../Engine/Shaders/Private/HeterogeneousVolumes/HeterogeneousVolumesLightingUtils.ush" 3024
"../../../Engine/Shaders/Private/HeterogeneousVolumes/HeterogeneousVolumesVoxelGridRendering.usf" 3025
"../../../Engine/Shaders/Private/HeterogeneousVolumes/HeterogeneousVolumesVoxelGridPipeline.usf" 3026
"../../../Engine/Shaders/Private/HeterogeneousVolumes/HeterogeneousVolumesMaterialBakingPipeline.usf" 3027
"../../../Engine/Shaders/Private/HeterogeneousVolumes/HeterogeneousVolumesLiveShadingUtils.ush" 3028
"../../../Engine/Shaders/Private/HeterogeneousVolumes/HeterogeneousVolumesFrustumVoxelGrid.usf" 3029
"../../../Engine/Shaders/Private/HeterogeneousVolumes/HeterogeneousVolumesSparseVoxelPipeline.usf" 3030
"../../../Engine/Shaders/Private/HeterogeneousVolumes/HeterogeneousVolumesSparseVoxelUtils.ush" 3031
"../../../Engine/Shaders/Private/HeterogeneousVolumes/HeterogeneousVolumesSparseVoxelUniformBufferUtils.ush" 3032
"../../../Engine/Shaders/Private/HeterogeneousVolumes/HeterogeneousVolumesPreshadingPipeline.usf" 3033
"../../../Engine/Shaders/Private/HeterogeneousVolumes/HeterogeneousVolumesLiveShadingShadows.usf" 3034
"../../../Engine/Shaders/Private/HeterogeneousVolumes/HeterogeneousVolumesLiveShadingGlobalPipeline.usf" 3035
"../../../Engine/Shaders/Private/HeterogeneousVolumes/HeterogeneousVolumesLiveShadingPipeline.usf" 3036
"../../../Engine/Shaders/Private/HeterogeneousVolumes/HeterogeneousVolumesHardwareRayTracing.usf" 3037
"../../../Engine/Shaders/Private/HeterogeneousVolumes/HeterogeneousVolumesAmbientOcclusionPipeline.usf" 3038
"../../../Engine/Shaders/Private/HeterogeneousVolumes/HeterogeneousVolumesComposite.usf" 3039
"../../../Engine/Shaders/Private/HdrCustomResolveShaders.usf" 3040
"../../../Engine/Shaders/Private/HairStrands/RenderCurveRaster.usf" 3041
"../../../Engine/Shaders/Private/HairStrands/HairStrandsVoxelRasterCompute.usf" 3042
"../../../Engine/Shaders/Private/HairStrands/HairStrandsHitProxy.usf" 3043
"../../../Engine/Shaders/Private/HairStrands/HairStrandsVisibilityRasterComputeNaive.usf" 3044
"../../../Engine/Shaders/Private/HairStrands/HairStrandsVisibilityRasterHW.usf" 3045
"../../../Engine/Shaders/Private/HairStrands/HairStrandsVisibilityRasterCompute.usf" 3046
"../../../Engine/Shaders/Private/HairStrands/HairStrandsVisibilityRasterClassification.usf" 3047
"../../../Engine/Shaders/Private/HairStrands/HairStrandsCoverage.usf" 3048
"../../../Engine/Shaders/Private/HairStrands/HairStrandsVisibilityDepthPS.usf" 3049
"../../../Engine/Shaders/Private/HairStrands/HairStrandsVisibilityTransmittanceDepthPS.usf" 3050
"../../../Engine/Shaders/Private/HairStrands/HairStrandsVisibilityFillOpaqueDepthPS.usf" 3051
"../../../Engine/Shaders/Private/HairStrands/HairStrandsVisibilityCompactionComputeRaster.usf" 3052
"../../../Engine/Shaders/Private/HairStrands/HairStrandsVisibilityCompaction.usf" 3053
"../../../Engine/Shaders/Private/HairStrands/HairStrandsVisibilityCopyIndirectArg.usf" 3054
"../../../Engine/Shaders/Private/HairStrands/HairStrandsVisibilityClearPS.usf" 3055
"../../../Engine/Shaders/Private/HairStrands/HairStrandsVisibilityPS.usf" 3056
"../../../Engine/Shaders/Private/HairStrands/HairStrandsVisibilityVS.usf" 3057
"../../../Engine/Shaders/Private/HairStrands/HairStrandsVelocity.usf" 3058
"../../../Engine/Shaders/Private/HairStrands/HairStrandsVisibilityComputeSampleCoverage.usf" 3059
"../../../Engine/Shaders/Private/HairStrands/HairStrandsMaterialPS.usf" 3060
"../../../Engine/Shaders/Private/HairStrands/HairStrandsMaterialCommon.ush" 3061
"../../../Engine/Shaders/Private/HairStrands/HairStrandsMaterialVS.usf" 3062
"../../../Engine/Shaders/Private/HairStrands/HairStrandsLightSample.usf" 3063
"../../../Engine/Shaders/Private/HairStrands/HairStrandsDeepShadowMask.usf" 3064
"../../../Engine/Shaders/Private/HairStrands/HairStrandsDeepTransmittanceMask.usf" 3065
"../../../Engine/Shaders/Private/HairStrands/HairStrandsVisibilityTile.usf" 3066
"../../../Engine/Shaders/Private/HairStrands/HairStrandsDeepShadowPS.usf" 3067
"../../../Engine/Shaders/Private/HairStrands/HairStrandsDeepShadowVS.usf" 3068
"../../../Engine/Shaders/Private/HairStrands/HairStrandsAABB.usf" 3069
"../../../Engine/Shaders/Private/HairStrands/HairStrandsLUT.usf" 3070
"../../../Engine/Shaders/Private/HairStrands/HairStrandsForwardRaster.usf" 3071
"../../../Engine/Shaders/Private/HairStrands/HairStrandsForwardCulling.usf" 3072
"../../../Engine/Shaders/Private/HairStrands/HairStrandsEnvironmentLighting.usf" 3073
"../../../Engine/Shaders/Private/HairStrands/HairStrandsEnvironmentAO.usf" 3074
"../../../Engine/Shaders/Private/HairStrands/HairStrandsDeepShadowAllocation.usf" 3075
"../../../Engine/Shaders/Private/HairStrands/HairStrandsVoxelDebug.usf" 3076
"../../../Engine/Shaders/Private/HairStrands/HairStrandsComposition.usf" 3077
"../../../Engine/Shaders/Private/HairStrands/HairStrandsGBufferCommon.ush" 3078
"../../../Engine/Shaders/Private/GPUScene/GPUSceneDataManagement.usf" 3079
"../../../Engine/Shaders/Private/GPUSceneDebugRender.usf" 3080
"../../../Engine/Shaders/Private/GPUFeedbackCompaction.usf" 3081
"../../../Engine/Shaders/Private/GPUFastFourierTransform.usf" 3082
"../../../Engine/Shaders/Private/GPUFastFourierTransform2DCore.ush" 3083
"../../../Engine/Shaders/Private/GPUFastFourierTransformCore.ush" 3084
"../../../Engine/Shaders/Private/GPUBenchmark.usf" 3085
"../../../Engine/Shaders/Private/DistanceField/GlobalDistanceFieldDebug.usf" 3086
"../../../Engine/Shaders/Private/DistanceField/GlobalDistanceFieldUpdate.ush" 3087
"../../../Engine/Shaders/Private/DistanceField/GlobalDistanceFieldMip.usf" 3088
"../../../Engine/Shaders/Private/DistanceField/GlobalDistanceField.usf" 3089
"../../../Engine/Shaders/Private/DistanceField/GlobalDistanceFieldCompositeObjects.usf" 3090
"../../../Engine/Shaders/Private/DistanceField/GlobalDistanceFieldHeightfields.usf" 3091
"../../../Engine/Shaders/Private/HeightfieldLightingShared.ush" 3092
"../../../Engine/Shaders/Private/GenerateConservativeDepth.usf" 3093
"../../../Engine/Shaders/Private/HeightFogPixelShader.usf" 3094
"../../../Engine/Shaders/Private/HeightFogVertexShader.usf" 3095
"../../../Engine/Shaders/Private/DistortFiltering.usf" 3096
"../../../Engine/Shaders/Private/DistortAccumulatePS.usf" 3097
"../../../Engine/Shaders/Private/DistortAccumulateVS.usf" 3098
"../../../Engine/Shaders/Private/DistanceFieldVisualization.usf" 3099
"../../../Engine/Shaders/Private/DistanceFieldStreaming.usf" 3100
"../../../Engine/Shaders/Private/DistanceFieldShadowing.usf" 3101
"../../../Engine/Shaders/Private/DistanceFieldScreenGridLighting.usf" 3102
"../../../Engine/Shaders/Private/DistanceFieldObjectCulling.usf" 3103
"../../../Engine/Shaders/Private/DistanceFieldLightingPost.usf" 3104
"../../../Engine/Shaders/Private/DitheredTransitionStencil.usf" 3105
"../../../Engine/Shaders/Private/CopyDepthTexture.usf" 3106
"../../../Engine/Shaders/Private/CopyDepthTextureCS.usf" 3107
"../../../Engine/Shaders/Private/DeferredDecal.usf" 3108
"../../../Engine/Shaders/Private/DecalCommon.ush" 3109
"../../../Engine/Shaders/Private/DebugViewModeVertexShader.usf" 3110
"../../../Engine/Shaders/Private/DebugViewModeCommon.ush" 3111
"../../../Engine/Shaders/Private/DebugViewModePixelShader.usf" 3112
"../../../Engine/Shaders/Private/DebugProbes.usf" 3113
"../../../Engine/Shaders/Private/MeshDecals.usf" 3114
"../../../Engine/Shaders/Private/PostProcessAmbientOcclusion.usf" 3115
"../../../Engine/Shaders/Private/ClusteredDeferredShadingPixelShader.usf" 3116
"../../../Engine/Shaders/Private/ClusteredDeferredShadingVertexShader.usf" 3117
"../../../Engine/Shaders/Private/CapsuleShadowShaders.usf" 3118
"../../../Engine/Shaders/Private/BasePassPixelShader.usf" 3119
"../../../Engine/Shaders/Private/ForwardLightingCommon.ush" 3120
"../../../Engine/Shaders/Private/Substrate/SubstrateForwardLighting.ush" 3121
"../../../Engine/Shaders/Private/ComputeShaderOutputCommon.ush" 3122
"../../../Engine/Shaders/Private/BasePassVertexShader.usf" 3123
"../../../Engine/Shaders/Private/BasePassVertexCommon.ush" 3124
"../../../Engine/Shaders/Private/SimpleElementVolumeTexturePreviewPixelShader.usf" 3125
"../../../Engine/Shaders/Private/SimpleElementTexture2DPreviewPixelShader.usf" 3126
"../../../Engine/Shaders/Private/meshpaintdilatepixelshader.usf" 3127
"../../../Engine/Shaders/Private/meshpaintdilatevertexshader.usf" 3128
"../../../Engine/Shaders/Private/MeshPaintPixelShader.usf" 3129
"../../../Engine/Shaders/Private/MeshPaintVertexShader.usf" 3130
"../../../Engine/Shaders/Private/SlateElementPixelShader.usf" 3131
"../../../Engine/Shaders/Private/SlateShaderCommon.ush" 3132
"../../../Engine/Shaders/Private/SlateMaskingShader.usf" 3133
"../../../Engine/Shaders/Private/SlateVertexShader.usf" 3134
"../../../Engine/Shaders/Private/CompositeUIPixelShader.usf" 3135
"../../../Engine/Shaders/Private/ColorDeficiency.ush" 3136
"../../../Engine/Shaders/Private/SlatePostProcessColorDeficiencyPixelShader.usf" 3137
"../../../Engine/Shaders/Private/SlatePostProcessPixelShader.usf" 3138
"../../../Engine/Shaders/Private/Tools/VisualizeTexture.usf" 3139
"../../../Engine/Shaders/Private/UpdateDescriptorHandle.usf" 3140
"../../../Engine/Shaders/Private/ByteBuffer.usf" 3141
"../../../Engine/Shaders/Private/ShaderBundleWorkGraphDispatch.usf" 3142
"../../../Engine/Shaders/Private/ShaderBundleDispatch.usf" 3143
"../../../Engine/Shaders/Private/ResolveVertexShader.usf" 3144
"../../../Engine/Shaders/Private/ResolvePixelShader.usf" 3145
"../../../Engine/Shaders/Private/Tools/SetupIndirectArgs.usf" 3146
"../../../Engine/Shaders/Private/ClearReplacementShaders.usf" 3147
"../../../Engine/Shaders/Private/Tools/DrawTexture.usf" 3148
"../../../Engine/Shaders/Private/RayTracing/RayTracingValidation.usf" 3149
"../../../Engine/Shaders/Private/RenderGraphUtilities.usf" 3150
"../../../Engine/Shaders/Private/OneColorShader.usf" 3151
"../../../Engine/Shaders/Private/OculusShaders.usf" 3152
"../../../Engine/Shaders/Private/MediaShaders.usf" 3153
"../../../Engine/Shaders/Private/GPUMessaging.usf" 3154
"../../../Engine/Shaders/Private/Tools/GPUDebugCrashUtils.usf" 3155
"../../../Engine/Shaders/Private/NullPixelShader.usf" 3156
"../../../Engine/Shaders/Private/ComputeGenerateMips.usf" 3157
"../../../Engine/Shaders/Private/Tools/DumpTexture.usf" 3158
"../../../Engine/Shaders/Private/CopyTextureShaders.usf" 3159
"../../../Engine/Shaders/Private/Tools/FullscreenVertexShader.usf" 3160
"../../../Engine/Shaders/Private/RayTracing/RayTracingDispatchDesc.usf" 3161
"../../../Engine/Shaders/Private/Bink.usf" 3162
"../../../Engine/Shaders/Private/VelocityShader.usf" 3163
"../../../Engine/Shaders/Private/DepthOnlyPixelShader.usf" 3164
"../../../Engine/Shaders/Private/PositionOnlyDepthVertexShader.usf" 3165
"../../../Engine/Shaders/Private/DepthOnlyVertexShader.usf" 3166
"../../../Engine/Shaders/Private/AnisotropyPassShader.usf" 3167
"D:/CG/UE/VFX01/Slime/Content/Pickups/BP_pickup1.uasset" 3168
"D:/CG/UE/VFX01/Slime/Content/Pickups/BP_pickup.uasset" 3169
"D:/CG/UE/VFX01/Slime/Content/Pickups/HighLight.uasset" 3170
"D:/CG/UE/VFX01/Slime/Content/Pickups/BP_pickupBig.uasset" 3171
"D:/CG/UE/VFX01/Slime/Content/Pickups/BP_EndPoint.uasset" 3172
"D:/CG/UE/VFX01/Slime/Content/Pickups/HighLight_Inst.uasset" 3173
"D:/CG/UE/VFX01/Slime/Content/Music/737692__virgile_loiseau__sepharadic-sing-in-a-church-in-brussels.uasset" 3174
"D:/CG/UE/VFX01/Slime/Content/function/????.uasset" 3175
"D:/CG/UE/VFX01/Slime/Content/function/????_???.uasset" 3176
"D:/CG/UE/VFX01/Slime/Content/function/????UV??????.uasset" 3177
"D:/CG/UE/VFX01/Slime/Content/function/TexCoord?????????.uasset" 3178
"D:/CG/UE/VFX01/Slime/Content/function/ParticleColor.uasset" 3179
"D:/CG/UE/VFX01/Slime/Content/function/Displacement.uasset" 3180
"D:/CG/UE/VFX01/Slime/Content/enchanted-crystal/Crystal_Inst.uasset" 3181
"D:/CG/UE/VFX01/Slime/Content/enchanted-crystal/Crystal.uasset" 3182
"D:/CG/UE/VFX01/Slime/Content/Characters/BP_GM_Slime.uasset" 3183
"D:/CG/UE/VFX01/Slime/Content/RPGTinyFantasyForest/Wind/WindMat.uasset" 3184
"D:/CG/UE/VFX01/Slime/Content/RPGTinyFantasyForest/Wind/WindDIrMat.uasset" 3185
"D:/CG/UE/VFX01/Slime/Content/RPGTinyFantasyForest/Wind/WindO.uasset" 3186
"D:/CG/UE/VFX01/Slime/Content/RPGTinyFantasyForest/Wind/WindDir.uasset" 3187
"D:/CG/UE/VFX01/Slime/Content/RPGTinyFantasyForest/Wind/wind.uasset" 3188
"D:/CG/UE/VFX01/Slime/Content/RPGTinyFantasyForest/Wind/Smoke.uasset" 3189
"D:/CG/UE/VFX01/Slime/Content/RPGTinyFantasyForest/Wind/ForceWind.uasset" 3190
"D:/CG/UE/VFX01/Slime/Content/RPGTinyFantasyForest/Wind/FloatingWind.uasset" 3191
"D:/CG/UE/VFX01/Slime/Content/RPGTinyFantasyForest/Wind/BP_WindZone1.uasset" 3192
"D:/CG/UE/VFX01/Slime/Content/RPGTinyFantasyForest/Wind/BP_WindZone.uasset" 3193
"D:/CG/UE/VFX01/Slime/Content/RPGTinyFantasyForest/Wind/BP_AntiWindZone.uasset" 3194
"D:/CG/UE/VFX01/Slime/Content/RPGTinyFantasyForest/Texture/T_WaterNormal02.uasset" 3195
"D:/CG/UE/VFX01/Slime/Content/RPGTinyFantasyForest/Texture/T_WaterNormal03.uasset" 3196
"D:/CG/UE/VFX01/Slime/Content/RPGTinyFantasyForest/Texture/T_WaterNormal01.uasset" 3197
"D:/CG/UE/VFX01/Slime/Content/RPGTinyFantasyForest/Texture/T_Splash02.uasset" 3198
"D:/CG/UE/VFX01/Slime/Content/RPGTinyFantasyForest/Texture/T_Splash01.uasset" 3199
"D:/CG/UE/VFX01/Slime/Content/RPGTinyFantasyForest/Texture/T_RAM.uasset" 3200
"D:/CG/UE/VFX01/Slime/Content/RPGTinyFantasyForest/Texture/T_Portal01.uasset" 3201
"D:/CG/UE/VFX01/Slime/Content/RPGTinyFantasyForest/Texture/T_Portal02.uasset" 3202
"D:/CG/UE/VFX01/Slime/Content/RPGTinyFantasyForest/Texture/T_Fire.uasset" 3203
"D:/CG/UE/VFX01/Slime/Content/RPGTinyFantasyForest/Texture/T_EmissiveColor.uasset" 3204
"D:/CG/UE/VFX01/Slime/Content/RPGTinyFantasyForest/Texture/T_BaseColor.uasset" 3205
"D:/CG/UE/VFX01/Slime/Content/RPGTinyFantasyForest/Material/MI_WaterSplash.uasset" 3206
"D:/CG/UE/VFX01/Slime/Content/RPGTinyFantasyForest/Material/MI_WaterFall.uasset" 3207
"D:/CG/UE/VFX01/Slime/Content/RPGTinyFantasyForest/Material/MI_Tree.uasset" 3208
"D:/CG/UE/VFX01/Slime/Content/RPGTinyFantasyForest/Material/MI_River.uasset" 3209
"D:/CG/UE/VFX01/Slime/Content/RPGTinyFantasyForest/Material/MI_Portal02.uasset" 3210
"D:/CG/UE/VFX01/Slime/Content/RPGTinyFantasyForest/Material/MI_Portal01.uasset" 3211
"D:/CG/UE/VFX01/Slime/Content/RPGTinyFantasyForest/Material/MI_Ocean.uasset" 3212
"D:/CG/UE/VFX01/Slime/Content/RPGTinyFantasyForest/Material/MI_Grass02.uasset" 3213
"D:/CG/UE/VFX01/Slime/Content/RPGTinyFantasyForest/Material/MI_Grass01.uasset" 3214
"D:/CG/UE/VFX01/Slime/Content/RPGTinyFantasyForest/Material/MI_DefaultPBR.uasset" 3215
"D:/CG/UE/VFX01/Slime/Content/RPGTinyFantasyForest/Map/WindVelly.umap" 3216
"D:/CG/UE/VFX01/Slime/Content/RPGTinyFantasyForest/Map/MainMenuActor.uasset" 3217
"D:/CG/UE/VFX01/Slime/Content/RPGTinyFantasyForest/Map/MainMenuBG.uasset" 3218
"D:/CG/UE/VFX01/Slime/Content/RPGTinyFantasyForest/Map/MainMenu.umap" 3219
"D:/CG/UE/VFX01/Slime/Content/RPGTinyFantasyForest/MagicDoor/MagicDoor1.uasset" 3220
"D:/CG/UE/VFX01/Slime/Content/RPGTinyFantasyForest/MagicDoor/MagicDoor.uasset" 3221
"D:/CG/UE/VFX01/Slime/Content/RPGTinyFantasyForest/MagicDoor/BP_TransGate.uasset" 3222
"D:/CG/UE/VFX01/Slime/Content/RPGTinyFantasyForest/FloatingLeaf/FloatingLeaf1.uasset" 3223
"D:/CG/UE/VFX01/Slime/Content/RPGTinyFantasyForest/FloatingLeaf/FloatingLeaf.uasset" 3224
"D:/CG/UE/VFX01/Slime/Content/LevelPrototyping/Textures/T_GridChecker_A.uasset" 3225
"D:/CG/UE/VFX01/Slime/Content/LevelPrototyping/Meshes/SM_Ramp.uasset" 3226
"D:/CG/UE/VFX01/Slime/Content/LevelPrototyping/Meshes/SM_QuarterCylinder.uasset" 3227
"D:/CG/UE/VFX01/Slime/Content/LevelPrototyping/Meshes/SM_Cylinder.uasset" 3228
"D:/CG/UE/VFX01/Slime/Content/LevelPrototyping/Meshes/SM_Cube.uasset" 3229
"D:/CG/UE/VFX01/Slime/Content/LevelPrototyping/Meshes/SM_ChamferCube.uasset" 3230
"D:/CG/UE/VFX01/Slime/Content/LevelPrototyping/Materials/M_FlatCol.uasset" 3231
"D:/CG/UE/VFX01/Slime/Content/LevelPrototyping/Materials/M_PrototypeGrid.uasset" 3232
"D:/CG/UE/VFX01/Slime/Content/LevelPrototyping/Materials/MI_PrototypeGrid_TopDark.uasset" 3233
"D:/CG/UE/VFX01/Slime/Content/LevelPrototyping/Materials/MI_PrototypeGrid_Gray_02.uasset" 3234
"D:/CG/UE/VFX01/Slime/Content/LevelPrototyping/Materials/MI_PrototypeGrid_Gray.uasset" 3235
"D:/CG/UE/VFX01/Slime/Content/LevelPrototyping/Materials/MI_DefaultColorway.uasset" 3236
"D:/CG/UE/VFX01/Slime/Content/LevelPrototyping/Materials/MF_ProcGrid.uasset" 3237
"D:/CG/UE/VFX01/Slime/Content/enchanted-crystal/textures/DefaultMaterial_Normal_Raw.uasset" 3238
"D:/CG/UE/VFX01/Slime/Content/enchanted-crystal/textures/DefaultMaterial_BaseColor_sRGB.uasset" 3239
"D:/CG/UE/VFX01/Slime/Content/enchanted-crystal/textures/DefaultMaterial_Emission_sRGB.uasset" 3240
"D:/CG/UE/VFX01/Slime/Content/enchanted-crystal/textures/Crystal_Translucency_Raw.uasset" 3241
"D:/CG/UE/VFX01/Slime/Content/enchanted-crystal/textures/DefaultMaterial_Roughness_Raw.uasset" 3242
"D:/CG/UE/VFX01/Slime/Content/enchanted-crystal/source/Crystal.uasset" 3243
"D:/CG/UE/VFX01/Slime/Content/Characters/rhythm/PauseMenu.uasset" 3244
"D:/CG/UE/VFX01/Slime/Content/Characters/rhythm/pandingquanImage.uasset" 3245
"D:/CG/UE/VFX01/Slime/Content/Characters/rhythm/pandingquan.uasset" 3246
"D:/CG/UE/VFX01/Slime/Content/Characters/rhythm/neihuan.uasset" 3247
"D:/CG/UE/VFX01/Slime/Content/Characters/rhythm/MainMenu.uasset" 3248
"D:/CG/UE/VFX01/Slime/Content/Characters/rhythm/HUD_score.uasset" 3249
"D:/CG/UE/VFX01/Slime/Content/Characters/rhythm/HUD_pandingquan.uasset" 3250
"D:/CG/UE/VFX01/Slime/Content/Characters/rhythm/HUD_Rhythm.uasset" 3251
"D:/CG/UE/VFX01/Slime/Content/Characters/rhythm/EndMenu.uasset" 3252
"D:/CG/UE/VFX01/Slime/Content/Characters/rhythm/dongtaiquan.uasset" 3253
"D:/CG/UE/VFX01/Slime/Content/Characters/rhythm/BP_controller.uasset" 3254
"D:/CG/UE/VFX01/Slime/Content/Characters/rhythm/baomuTrigger.uasset" 3255
"D:/CG/UE/VFX01/Slime/Content/Characters/rhythm/baomu.uasset" 3256
"D:/CG/UE/VFX01/Slime/Content/Characters/Girl/Two_Handed_Sword_Death.uasset" 3257
"D:/CG/UE/VFX01/Slime/Content/Characters/Girl/Standing_Idle_02.uasset" 3258
"D:/CG/UE/VFX01/Slime/Content/Characters/Girl/Standing_1H_Magic_Attack_01.uasset" 3259
"D:/CG/UE/VFX01/Slime/Content/Characters/Girl/Slow_Run_inplace.uasset" 3260
"D:/CG/UE/VFX01/Slime/Content/Characters/Girl/Slow_Run.uasset" 3261
"D:/CG/UE/VFX01/Slime/Content/Characters/Girl/runningJump.uasset" 3262
"D:/CG/UE/VFX01/Slime/Content/Characters/Girl/Orc_Idle.uasset" 3263
"D:/CG/UE/VFX01/Slime/Content/Characters/Girl/Jumping_Up.uasset" 3264
"D:/CG/UE/VFX01/Slime/Content/Characters/Girl/Magic_Heal.uasset" 3265
"D:/CG/UE/VFX01/Slime/Content/Characters/Girl/Jumping.uasset" 3266
"D:/CG/UE/VFX01/Slime/Content/Characters/Girl/Happy_Idle.uasset" 3267
"D:/CG/UE/VFX01/Slime/Content/Characters/Girl/Floating.uasset" 3268
"D:/CG/UE/VFX01/Slime/Content/Characters/Girl/Falling_To_Landing.uasset" 3269
"D:/CG/UE/VFX01/Slime/Content/Characters/Girl/Ch03_nonPBR_Skeleton.uasset" 3270
"D:/CG/UE/VFX01/Slime/Content/Characters/Girl/Ch03_nonPBR.uasset" 3271
"D:/CG/UE/VFX01/Slime/Content/Characters/Girl/Ch03_nonPBR_Anim.uasset" 3272
"D:/CG/UE/VFX01/Slime/Content/Characters/Girl/BP_Girl.uasset" 3273
"D:/CG/UE/VFX01/Slime/Content/RPGTinyFantasyForest/Mesh/TreePlant/SM_TreeB.uasset" 3274
"D:/CG/UE/VFX01/Slime/Content/RPGTinyFantasyForest/Mesh/TreePlant/SM_GrassA.uasset" 3275
"D:/CG/UE/VFX01/Slime/Content/RPGTinyFantasyForest/Mesh/TreePlant/SM_FlowerA.uasset" 3276
"D:/CG/UE/VFX01/Slime/Content/RPGTinyFantasyForest/Mesh/Rock/SM_RockL.uasset" 3277
"D:/CG/UE/VFX01/Slime/Content/RPGTinyFantasyForest/Mesh/Rock/SM_RockG.uasset" 3278
"D:/CG/UE/VFX01/Slime/Content/RPGTinyFantasyForest/Mesh/Rock/SM_RockF.uasset" 3279
"D:/CG/UE/VFX01/Slime/Content/RPGTinyFantasyForest/Mesh/Rock/SM_RockCliffF.uasset" 3280
"D:/CG/UE/VFX01/Slime/Content/RPGTinyFantasyForest/Mesh/Rock/SM_RockCliffE.uasset" 3281
"D:/CG/UE/VFX01/Slime/Content/RPGTinyFantasyForest/Mesh/Rock/SM_RockA.uasset" 3282
"D:/CG/UE/VFX01/Slime/Content/RPGTinyFantasyForest/Mesh/Rock/SM_CobbleF.uasset" 3283
"D:/CG/UE/VFX01/Slime/Content/RPGTinyFantasyForest/Mesh/Rock/SM_CobbleE.uasset" 3284
"D:/CG/UE/VFX01/Slime/Content/RPGTinyFantasyForest/Mesh/Rock/SM_CobbleD.uasset" 3285
"D:/CG/UE/VFX01/Slime/Content/RPGTinyFantasyForest/Mesh/Rock/SM_CobbleC.uasset" 3286
"D:/CG/UE/VFX01/Slime/Content/RPGTinyFantasyForest/Mesh/Rock/SM_CobbleB.uasset" 3287
"D:/CG/UE/VFX01/Slime/Content/RPGTinyFantasyForest/Mesh/Rock/SM_CobbleA.uasset" 3288
"D:/CG/UE/VFX01/Slime/Content/RPGTinyFantasyForest/Mesh/RiverLakeRoadFall/SM_WaterSplash.uasset" 3289
"D:/CG/UE/VFX01/Slime/Content/RPGTinyFantasyForest/Mesh/RiverLakeRoadFall/SM_WaterFallABank.uasset" 3290
"D:/CG/UE/VFX01/Slime/Content/RPGTinyFantasyForest/Mesh/RiverLakeRoadFall/SM_WaterFallAWater.uasset" 3291
"D:/CG/UE/VFX01/Slime/Content/RPGTinyFantasyForest/Mesh/RiverLakeRoadFall/SM_RoadEA.uasset" 3292
"D:/CG/UE/VFX01/Slime/Content/RPGTinyFantasyForest/Mesh/RiverLakeRoadFall/SM_RoadDA.uasset" 3293
"D:/CG/UE/VFX01/Slime/Content/RPGTinyFantasyForest/Mesh/RiverLakeRoadFall/SM_RoadCA.uasset" 3294
"D:/CG/UE/VFX01/Slime/Content/RPGTinyFantasyForest/Mesh/RiverLakeRoadFall/SM_RoadAA.uasset" 3295
"D:/CG/UE/VFX01/Slime/Content/RPGTinyFantasyForest/Mesh/RiverLakeRoadFall/SM_RiverEAWater.uasset" 3296
"D:/CG/UE/VFX01/Slime/Content/RPGTinyFantasyForest/Mesh/RiverLakeRoadFall/SM_RiverEABank.uasset" 3297
"D:/CG/UE/VFX01/Slime/Content/RPGTinyFantasyForest/Mesh/Mountain/SM_RockMountainG.uasset" 3298
"D:/CG/UE/VFX01/Slime/Content/RPGTinyFantasyForest/Mesh/Mountain/SM_RockMountainE.uasset" 3299
"D:/CG/UE/VFX01/Slime/Content/RPGTinyFantasyForest/Mesh/LandMass/SM_Shore.uasset" 3300
"D:/CG/UE/VFX01/Slime/Content/RPGTinyFantasyForest/Mesh/LandMass/SM_LM20.uasset" 3301
"D:/CG/UE/VFX01/Slime/Content/RPGTinyFantasyForest/Mesh/LandMass/SM_LM40RND.uasset" 3302
"D:/CG/UE/VFX01/Slime/Content/RPGTinyFantasyForest/Mesh/LandMass/SM_LM100RND.uasset" 3303
"D:/CG/UE/VFX01/Slime/Content/RPGTinyFantasyForest/Mesh/GroundPadding/SM_GroundPaddingFD.uasset" 3304
"D:/CG/UE/VFX01/Slime/Content/RPGTinyFantasyForest/Mesh/GroundPadding/SM_GroundPaddingFC.uasset" 3305
"D:/CG/UE/VFX01/Slime/Content/RPGTinyFantasyForest/Mesh/GroundPadding/SM_GroundPaddingFB.uasset" 3306
"D:/CG/UE/VFX01/Slime/Content/RPGTinyFantasyForest/Mesh/GroundPadding/SM_GroundPaddingFA.uasset" 3307
"D:/CG/UE/VFX01/Slime/Content/RPGTinyFantasyForest/Mesh/BuildingUtilityDeco/SM_TreeStump.uasset" 3308
"D:/CG/UE/VFX01/Slime/Content/RPGTinyFantasyForest/Mesh/BuildingUtilityDeco/SM_StairB.uasset" 3309
"D:/CG/UE/VFX01/Slime/Content/RPGTinyFantasyForest/Mesh/BuildingUtilityDeco/SM_RampB.uasset" 3310
"D:/CG/UE/VFX01/Slime/Content/RPGTinyFantasyForest/Mesh/BuildingUtilityDeco/SM_RampA.uasset" 3311
"D:/CG/UE/VFX01/Slime/Content/RPGTinyFantasyForest/Mesh/BuildingUtilityDeco/SM_StairA.uasset" 3312
"D:/CG/UE/VFX01/Slime/Content/RPGTinyFantasyForest/Mesh/BuildingUtilityDeco/SM_PortalA.uasset" 3313
"D:/CG/UE/VFX01/Slime/Content/RPGTinyFantasyForest/Mesh/BuildingUtilityDeco/SM_GateC.uasset" 3314
"D:/CG/UE/VFX01/Slime/Content/RPGTinyFantasyForest/Mesh/BuildingUtilityDeco/SM_GateA.uasset" 3315
"D:/CG/UE/VFX01/Slime/Content/RPGTinyFantasyForest/Mesh/BuildingUtilityDeco/SM_BridgeF.uasset" 3316
"D:/CG/UE/VFX01/Slime/Content/RPGTinyFantasyForest/Material/BaseMAT/M_WaterSplash.uasset" 3317
"D:/CG/UE/VFX01/Slime/Content/RPGTinyFantasyForest/Material/BaseMAT/M_River.uasset" 3318
"D:/CG/UE/VFX01/Slime/Content/RPGTinyFantasyForest/Material/BaseMAT/M_WaterBase.uasset" 3319
"D:/CG/UE/VFX01/Slime/Content/RPGTinyFantasyForest/Material/BaseMAT/M_TreeGrass.uasset" 3320
"D:/CG/UE/VFX01/Slime/Content/RPGTinyFantasyForest/Material/BaseMAT/M_Portal.uasset" 3321
"D:/CG/UE/VFX01/Slime/Content/RPGTinyFantasyForest/Material/BaseMAT/M_WaterFall.uasset" 3322
"D:/CG/UE/VFX01/Slime/Content/RPGTinyFantasyForest/Material/BaseMAT/M_DefaultPBR.uasset" 3323
"D:/CG/UE/VFX01/Slime/Content/LevelPrototyping/Interactable/Target/BP_WobbleTarget.uasset" 3324
"D:/CG/UE/VFX01/Slime/Content/LevelPrototyping/Interactable/Door/BP_DoorFrame.uasset" 3325
"D:/CG/UE/VFX01/Slime/Content/enchanted-crystal/source/Crystal_fbm/DefaultMaterial_Roughness_Raw.uasset" 3326
"D:/CG/UE/VFX01/Slime/Content/LevelPrototyping/Interactable/JumpPad/BP_JumpPad.uasset" 3327
"D:/CG/UE/VFX01/Slime/Content/enchanted-crystal/source/Crystal_fbm/DefaultMaterial_Emission_sRGB.uasset" 3328
"D:/CG/UE/VFX01/Slime/Content/enchanted-crystal/source/Crystal_fbm/DefaultMaterial_Normal_Raw.uasset" 3329
"D:/CG/UE/VFX01/Slime/Content/enchanted-crystal/source/Crystal_fbm/DefaultMaterial_BaseColor_sRGB.uasset" 3330
"D:/CG/UE/VFX01/Slime/Content/Characters/Slime/VisualEffects/???.uasset" 3331
"D:/CG/UE/VFX01/Slime/Content/Characters/Slime/VisualEffects/????.uasset" 3332
"D:/CG/UE/VFX01/Slime/Content/Characters/Slime/VisualEffects/????_notify.uasset" 3333
"D:/CG/UE/VFX01/Slime/Content/Characters/Slime/VisualEffects/????.uasset" 3334
"D:/CG/UE/VFX01/Slime/Content/Characters/Slime/VisualEffects/????.uasset" 3335
"D:/CG/UE/VFX01/Slime/Content/Characters/Slime/VisualEffects/??.uasset" 3336
"D:/CG/UE/VFX01/Slime/Content/Characters/Slime/VisualEffects/??.uasset" 3337
"D:/CG/UE/VFX01/Slime/Content/Characters/Slime/VisualEffects/Water02_Inst.uasset" 3338
"D:/CG/UE/VFX01/Slime/Content/Characters/Slime/VisualEffects/Water02.uasset" 3339
"D:/CG/UE/VFX01/Slime/Content/Characters/Slime/VisualEffects/Water01_Inst.uasset" 3340
"D:/CG/UE/VFX01/Slime/Content/Characters/Slime/VisualEffects/Water00_Inst.uasset" 3341
"D:/CG/UE/VFX01/Slime/Content/Characters/Slime/VisualEffects/??.uasset" 3342
"D:/CG/UE/VFX01/Slime/Content/Characters/Slime/VisualEffects/Water00.uasset" 3343
"D:/CG/UE/VFX01/Slime/Content/Characters/Slime/VisualEffects/Water01.uasset" 3344
"D:/CG/UE/VFX01/Slime/Content/Characters/Slime/VisualEffects/mask.uasset" 3345
"D:/CG/UE/VFX01/Slime/Content/Characters/Slime/VisualEffects/????.uasset" 3346
"D:/CG/UE/VFX01/Slime/Content/Characters/Slime/VisualEffects/projectile.uasset" 3347
"D:/CG/UE/VFX01/Slime/Content/Characters/Slime/VisualEffects/crystalfade.uasset" 3348
"D:/CG/UE/VFX01/Slime/Content/Characters/Slime/VisualEffects/water.uasset" 3349
"D:/CG/UE/VFX01/Slime/Content/Characters/Slime/VisualEffects/BP_attack.uasset" 3350
"D:/CG/UE/VFX01/Slime/Content/Characters/Slime/VisualEffects/Blodmesh.uasset" 3351
"D:/CG/UE/VFX01/Slime/Content/Characters/Slime/VisualEffects/Attack_notify.uasset" 3352
"D:/CG/UE/VFX01/Slime/Content/Characters/Slime/VisualEffects/BP_??.uasset" 3353
"D:/CG/UE/VFX01/Slime/Content/Characters/Slime/VisualEffects/Attack_hit.uasset" 3354
"D:/CG/UE/VFX01/Slime/Content/Characters/Slime/VisualEffects/??????.uasset" 3355
"D:/CG/UE/VFX01/Slime/Content/Characters/Slime/VisualEffects/Attack.uasset" 3356
"D:/CG/UE/VFX01/Slime/Content/Characters/Slime/Tex/final_bake_002.uasset" 3357
"D:/CG/UE/VFX01/Slime/Content/Characters/Slime/Tex/final_bake_001.uasset" 3358
"D:/CG/UE/VFX01/Slime/Content/Characters/Slime/Tex/corn_bake.uasset" 3359
"D:/CG/UE/VFX01/Slime/Content/Characters/Slime/Controler/Girl.uasset" 3360
"D:/CG/UE/VFX01/Slime/Content/Characters/Girl/Two_Handed_Sword_Death_fbm/Ch03_1001_Specular.uasset" 3361
"D:/CG/UE/VFX01/Slime/Content/Characters/Slime/Controler/BP_slime.uasset" 3362
"D:/CG/UE/VFX01/Slime/Content/Characters/Girl/Two_Handed_Sword_Death_fbm/Ch03_1001_Glossiness.uasset" 3363
"D:/CG/UE/VFX01/Slime/Content/Characters/Girl/Two_Handed_Sword_Death_fbm/Ch03_1001_Diffuse.uasset" 3364
"D:/CG/UE/VFX01/Slime/Content/Characters/Girl/Standing_Idle_02_fbm/Ch03_1001_Specular.uasset" 3365
"D:/CG/UE/VFX01/Slime/Content/Characters/Girl/Standing_Idle_02_fbm/Ch03_1001_Normal.uasset" 3366
"D:/CG/UE/VFX01/Slime/Content/Characters/Girl/Standing_Idle_02_fbm/Ch03_1001_Glossiness.uasset" 3367
"D:/CG/UE/VFX01/Slime/Content/Characters/Slime/VisualEffects/??????.uasset" 3368
"D:/CG/UE/VFX01/Slime/Content/Characters/Slime/VisualEffects/water_para.uasset" 3369
"D:/CG/UE/VFX01/Slime/Content/Characters/Girl/Standing_Idle_02_fbm/Ch03_1001_Diffuse.uasset" 3370
"D:/CG/UE/VFX01/Slime/Content/Characters/Slime/VisualEffects/waternuts.uasset" 3371
"D:/CG/UE/VFX01/Slime/Content/Characters/Girl/Standing_1H_Magic_Attack_01_fbm/Ch03_1001_Glossiness.uasset" 3372
"D:/CG/UE/VFX01/Slime/Content/Characters/Girl/Slow_Run_inplace_fbm/Ch03_1001_Specular.uasset" 3373
"D:/CG/UE/VFX01/Slime/Content/Characters/Girl/Standing_1H_Magic_Attack_01_fbm/Ch03_1001_Normal.uasset" 3374
"D:/CG/UE/VFX01/Slime/Content/Characters/Girl/Standing_1H_Magic_Attack_01_fbm/Ch03_1001_Specular.uasset" 3375
"D:/CG/UE/VFX01/Slime/Content/Characters/Girl/Slow_Run_inplace_fbm/Ch03_1001_Normal.uasset" 3376
"D:/CG/UE/VFX01/Slime/Content/Characters/Girl/Slow_Run_inplace_fbm/Ch03_1001_Diffuse.uasset" 3377
"D:/CG/UE/VFX01/Slime/Content/Characters/Girl/Slow_Run_fbm/Ch03_1001_Specular.uasset" 3378
"D:/CG/UE/VFX01/Slime/Content/Characters/Girl/Two_Handed_Sword_Death_fbm/Ch03_1001_Normal.uasset" 3379
"D:/CG/UE/VFX01/Slime/Content/Characters/Girl/Standing_1H_Magic_Attack_01_fbm/Ch03_1001_Diffuse.uasset" 3380
"D:/CG/UE/VFX01/Slime/Content/Characters/Girl/Slow_Run_inplace_fbm/Ch03_1001_Glossiness.uasset" 3381
"D:/CG/UE/VFX01/Slime/Content/Characters/Girl/Slow_Run_fbm/Ch03_1001_Normal.uasset" 3382
"D:/CG/UE/VFX01/Slime/Content/Characters/Girl/Slow_Run_fbm/Ch03_1001_Glossiness.uasset" 3383
"D:/CG/UE/VFX01/Slime/Content/Characters/Girl/Slow_Run_fbm/Ch03_1001_Diffuse.uasset" 3384
"D:/CG/UE/VFX01/Slime/Content/Characters/Girl/runningJump_fbm/Ch03_1001_Normal.uasset" 3385
"D:/CG/UE/VFX01/Slime/Content/Characters/Girl/runningJump_fbm/Ch03_1001_Specular.uasset" 3386
"D:/CG/UE/VFX01/Slime/Content/Characters/Girl/runningJump_fbm/Ch03_1001_Glossiness.uasset" 3387
"D:/CG/UE/VFX01/Slime/Content/Characters/Girl/runningJump_fbm/Ch03_1001_Diffuse.uasset" 3388
"D:/CG/UE/VFX01/Slime/Content/Characters/Girl/Orc_Idle_fbm/Ch03_1001_Normal.uasset" 3389
"D:/CG/UE/VFX01/Slime/Content/Characters/Girl/Orc_Idle_fbm/Ch03_1001_Specular.uasset" 3390
"D:/CG/UE/VFX01/Slime/Content/Characters/Girl/Orc_Idle_fbm/Ch03_1001_Glossiness.uasset" 3391
"D:/CG/UE/VFX01/Slime/Content/Characters/Girl/Orc_Idle_fbm/Ch03_1001_Diffuse.uasset" 3392
"D:/CG/UE/VFX01/Slime/Content/Characters/Girl/Magic_Heal_fbm/Ch03_1001_Specular.uasset" 3393
"D:/CG/UE/VFX01/Slime/Content/Characters/Girl/Magic_Heal_fbm/Ch03_1001_Normal.uasset" 3394
"D:/CG/UE/VFX01/Slime/Content/Characters/Girl/Magic_Heal_fbm/Ch03_1001_Glossiness.uasset" 3395
"D:/CG/UE/VFX01/Slime/Content/Characters/Girl/Magic_Heal_fbm/Ch03_1001_Diffuse.uasset" 3396
"D:/CG/UE/VFX01/Slime/Content/Characters/Girl/Jumping_Up_fbm/Ch03_1001_Specular.uasset" 3397
"D:/CG/UE/VFX01/Slime/Content/Characters/Girl/Jumping_Up_fbm/Ch03_1001_Normal.uasset" 3398
"D:/CG/UE/VFX01/Slime/Content/Characters/Girl/Jumping_Up_fbm/Ch03_1001_Glossiness.uasset" 3399
"D:/CG/UE/VFX01/Slime/Content/Characters/Girl/Jumping_Up_fbm/Ch03_1001_Diffuse.uasset" 3400
"D:/CG/UE/VFX01/Slime/Content/Characters/Girl/Jumping_fbm/Ch03_1001_Specular.uasset" 3401
"D:/CG/UE/VFX01/Slime/Content/Characters/Girl/Jumping_fbm/Ch03_1001_Normal.uasset" 3402
"D:/CG/UE/VFX01/Slime/Content/Characters/Girl/Jumping_fbm/Ch03_1001_Glossiness.uasset" 3403
"D:/CG/UE/VFX01/Slime/Content/Characters/Girl/Jumping_fbm/Ch03_1001_Diffuse.uasset" 3404
"D:/CG/UE/VFX01/Slime/Content/Characters/Girl/Happy_Idle_fbm/Ch03_1001_Specular.uasset" 3405
"D:/CG/UE/VFX01/Slime/Content/Characters/Girl/Happy_Idle_fbm/Ch03_1001_Normal.uasset" 3406
"D:/CG/UE/VFX01/Slime/Content/Characters/Girl/Happy_Idle_fbm/Ch03_1001_Glossiness.uasset" 3407
"D:/CG/UE/VFX01/Slime/Content/Characters/Girl/Happy_Idle_fbm/Ch03_1001_Diffuse.uasset" 3408
"D:/CG/UE/VFX01/Slime/Content/Characters/Girl/Floating_fbm/Ch03_1001_Normal.uasset" 3409
"D:/CG/UE/VFX01/Slime/Content/Characters/Girl/Floating_fbm/Ch03_1001_Glossiness.uasset" 3410
"D:/CG/UE/VFX01/Slime/Content/Characters/Girl/Floating_fbm/Ch03_1001_Diffuse.uasset" 3411
"D:/CG/UE/VFX01/Slime/Content/Characters/Girl/Falling_To_Landing_fbm/Ch03_1001_Specular.uasset" 3412
"D:/CG/UE/VFX01/Slime/Content/Characters/Girl/Falling_To_Landing_fbm/Ch03_1001_Diffuse.uasset" 3413
"D:/CG/UE/VFX01/Slime/Content/Characters/Girl/Falling_To_Landing_fbm/Ch03_1001_Glossiness.uasset" 3414
"D:/CG/UE/VFX01/Slime/Content/Characters/Girl/Ch03_nonPBR_fbm/Character_girl.uasset" 3415
"D:/CG/UE/VFX01/Slime/Content/Characters/Girl/Ch03_nonPBR_fbm/Ch03_1001_Glossiness.uasset" 3416
"D:/CG/UE/VFX01/Slime/Content/Characters/Girl/Falling_To_Landing_fbm/Ch03_1001_Normal.uasset" 3417
"D:/CG/UE/VFX01/Slime/Content/Characters/Girl/Ch03_nonPBR_fbm/Ch03_1001_Diffuse.uasset" 3418
"D:/CG/UE/VFX01/Slime/Content/Characters/Girl/Ch03_nonPBR_fbm/Ch03_1001_Normal.uasset" 3419
"D:/CG/UE/VFX01/Slime/Content/Characters/Girl/Ch03_nonPBR_fbm/Ch03_1001_Specular.uasset" 3420
"D:/CG/UE/VFX01/Slime/Content/Characters/Girl/Floating_fbm/Ch03_1001_Specular.uasset" 3421
"D:/CG/UE/VFX01/Slime/Content/RPGTinyFantasyForest/Mesh/TreePlant/FoliageTypeAsset/SM_TreeB_FoliageType.uasset" 3422
"D:/CG/UE/VFX01/Slime/Content/RPGTinyFantasyForest/Mesh/TreePlant/FoliageTypeAsset/SM_GrassA_FoliageType.uasset" 3423
"D:/CG/UE/VFX01/Slime/Content/RPGTinyFantasyForest/Mesh/TreePlant/FoliageTypeAsset/SM_FlowerA_FoliageType.uasset" 3424
"D:/CG/UE/VFX01/Slime/Content/RPGTinyFantasyForest/Mesh/Rock/RockTypeAsset/SM_CobbleF_FoliageType.uasset" 3425
"D:/CG/UE/VFX01/Slime/Content/RPGTinyFantasyForest/Mesh/Rock/RockTypeAsset/SM_CobbleE_FoliageType.uasset" 3426
"D:/CG/UE/VFX01/Slime/Content/RPGTinyFantasyForest/Mesh/Rock/RockTypeAsset/SM_CobbleD_FoliageType.uasset" 3427
"D:/CG/UE/VFX01/Slime/Content/RPGTinyFantasyForest/Mesh/Rock/RockTypeAsset/SM_CobbleC_FoliageType.uasset" 3428
"D:/CG/UE/VFX01/Slime/Content/LevelPrototyping/Interactable/JumpPad/Assets/NS_JumpPad.uasset" 3429
"D:/CG/UE/VFX01/Slime/Content/Characters/Slime/Tex/Trail/Trail_028_tex.uasset" 3430
"D:/CG/UE/VFX01/Slime/Content/Characters/Slime/Tex/Trail/Trail_034_tex.uasset" 3431
"D:/CG/UE/VFX01/Slime/Content/Characters/Slime/Tex/Trail/Trail_029_tex.uasset" 3432
"D:/CG/UE/VFX01/Slime/Content/LevelPrototyping/Interactable/Target/Assets/SM_TargetBaseMesh.uasset" 3433
"D:/CG/UE/VFX01/Slime/Content/Characters/Slime/Tex/Trail/Trail_027_tex.uasset" 3434
"D:/CG/UE/VFX01/Slime/Content/Characters/Slime/Tex/Trail/Trail_025_tex.uasset" 3435
"D:/CG/UE/VFX01/Slime/Content/Characters/Slime/Tex/Trail/Trail_024_tex.uasset" 3436
"D:/CG/UE/VFX01/Slime/Content/Characters/Slime/Tex/Trail/Trail_032_tex.uasset" 3437
"D:/CG/UE/VFX01/Slime/Content/Characters/Slime/Tex/Trail/Trail_031_tex.uasset" 3438
"D:/CG/UE/VFX01/Slime/Content/Characters/Slime/Tex/Trail/Trail_022_tex.uasset" 3439
"D:/CG/UE/VFX01/Slime/Content/Characters/Slime/Tex/Trail/Trail_019_tex.uasset" 3440
"D:/CG/UE/VFX01/Slime/Content/Characters/Slime/Tex/Trail/Trail_020_tex.uasset" 3441
"D:/CG/UE/VFX01/Slime/Content/RPGTinyFantasyForest/Mesh/Rock/RockTypeAsset/SM_CobbleB_FoliageType.uasset" 3442
"D:/CG/UE/VFX01/Slime/Content/RPGTinyFantasyForest/Mesh/Rock/RockTypeAsset/SM_CobbleA_FoliageType.uasset" 3443
"D:/CG/UE/VFX01/Slime/Content/Characters/Slime/Tex/Trail/Trail_018_tex.uasset" 3444
"D:/CG/UE/VFX01/Slime/Content/Characters/Slime/Tex/Trail/Trail_026_tex.uasset" 3445
"D:/CG/UE/VFX01/Slime/Content/Characters/Slime/Tex/Trail/Trail_017_tex.uasset" 3446
"D:/CG/UE/VFX01/Slime/Content/Characters/Slime/Tex/Trail/Trail_015_tex.uasset" 3447
"D:/CG/UE/VFX01/Slime/Content/Characters/Slime/Tex/Trail/Trail_016_tex.uasset" 3448
"D:/CG/UE/VFX01/Slime/Content/Characters/Slime/Tex/Trail/Trail_013_tex.uasset" 3449
"D:/CG/UE/VFX01/Slime/Content/Characters/Slime/Tex/Trail/Trail_014_tex.uasset" 3450
"D:/CG/UE/VFX01/Slime/Content/Characters/Slime/Tex/Trail/Trail_011_tex.uasset" 3451
"D:/CG/UE/VFX01/Slime/Content/Characters/Slime/Tex/Trail/Trail_010_tex.uasset" 3452
"D:/CG/UE/VFX01/Slime/Content/Characters/Slime/Tex/Trail/Trail_012_tex.uasset" 3453
"D:/CG/UE/VFX01/Slime/Content/Characters/Slime/Tex/Trail/Trail_006_tex.uasset" 3454
"D:/CG/UE/VFX01/Slime/Content/Characters/Slime/Tex/Trail/Trail_021_tex.uasset" 3455
"D:/CG/UE/VFX01/Slime/Content/Characters/Slime/Tex/Trail/Trail_005_tex.uasset" 3456
"D:/CG/UE/VFX01/Slime/Content/Characters/Slime/Tex/Trail/Trail_009_tex.uasset" 3457
"D:/CG/UE/VFX01/Slime/Content/Characters/Slime/Tex/Tile/T_SoftDust_02.uasset" 3458
"D:/CG/UE/VFX01/Slime/Content/Characters/Slime/Tex/Trail/Trail_002_tex.uasset" 3459
"D:/CG/UE/VFX01/Slime/Content/Characters/Slime/Tex/Trail/Tile_035_tex.uasset" 3460
"D:/CG/UE/VFX01/Slime/Content/Characters/Slime/Tex/Trail/Trail_030_tex.uasset" 3461
"D:/CG/UE/VFX01/Slime/Content/Characters/Slime/Tex/Trail/Trail_023_tex.uasset" 3462
"D:/CG/UE/VFX01/Slime/Content/Characters/Slime/Tex/Tile/T_SoftDust.uasset" 3463
"D:/CG/UE/VFX01/Slime/Content/Characters/Slime/Tex/Tile/T_Cloud_M2.uasset" 3464
"D:/CG/UE/VFX01/Slime/Content/Characters/Slime/Tex/Tile/Tile_153_tex.uasset" 3465
"D:/CG/UE/VFX01/Slime/Content/Characters/Slime/Tex/Tile/Tile_154_tex.uasset" 3466
"D:/CG/UE/VFX01/Slime/Content/Characters/Slime/Tex/Tile/Tile_152_tex.uasset" 3467
"D:/CG/UE/VFX01/Slime/Content/Characters/Slime/Tex/Tile/Tile_151_tex.uasset" 3468
"D:/CG/UE/VFX01/Slime/Content/Characters/Slime/Tex/Tile/Tile_150_tex.uasset" 3469
"D:/CG/UE/VFX01/Slime/Content/Characters/Slime/Tex/Trail/Trail_003_tex.uasset" 3470
"D:/CG/UE/VFX01/Slime/Content/Characters/Slime/Tex/Trail/Trail_004_tex.uasset" 3471
"D:/CG/UE/VFX01/Slime/Content/Characters/Slime/Tex/Trail/Trail_008_tex.uasset" 3472
"D:/CG/UE/VFX01/Slime/Content/Characters/Slime/Tex/Trail/Trail_033_tex.uasset" 3473
"D:/CG/UE/VFX01/Slime/Content/Characters/Slime/Tex/Trail/Trail_001_tex.uasset" 3474
"D:/CG/UE/VFX01/Slime/Content/Characters/Slime/Tex/Trail/Trail_007_tex.uasset" 3475
"D:/CG/UE/VFX01/Slime/Content/Characters/Slime/Tex/Tile/Tile_147_tex.uasset" 3476
"D:/CG/UE/VFX01/Slime/Content/Characters/Slime/Tex/Tile/Tile_143_tex.uasset" 3477
"D:/CG/UE/VFX01/Slime/Content/Characters/Slime/Tex/Tile/Tile_146_tex.uasset" 3478
"D:/CG/UE/VFX01/Slime/Content/Characters/Slime/Tex/Tile/Tile_144_tex.uasset" 3479
"D:/CG/UE/VFX01/Slime/Content/Characters/Slime/Tex/Tile/Tile_145_tex.uasset" 3480
"D:/CG/UE/VFX01/Slime/Content/Characters/Slime/Tex/Tile/Tile_142_tex.uasset" 3481
"D:/CG/UE/VFX01/Slime/Content/Characters/Slime/Tex/Tile/Tile_141_tex.uasset" 3482
"D:/CG/UE/VFX01/Slime/Content/Characters/Slime/Tex/Tile/Tile_140_tex.uasset" 3483
"D:/CG/UE/VFX01/Slime/Content/Characters/Slime/Tex/Tile/Tile_139_tex.uasset" 3484
"D:/CG/UE/VFX01/Slime/Content/Characters/Slime/Tex/Tile/Tile_138_tex.uasset" 3485
"D:/CG/UE/VFX01/Slime/Content/Characters/Slime/Tex/Tile/Tile_136_tex.uasset" 3486
"D:/CG/UE/VFX01/Slime/Content/Characters/Slime/Tex/Tile/Tile_137_tex.uasset" 3487
"D:/CG/UE/VFX01/Slime/Content/Characters/Slime/Tex/Tile/Tile_135_tex.uasset" 3488
"D:/CG/UE/VFX01/Slime/Content/Characters/Slime/Tex/Tile/Tile_134_tex.uasset" 3489
"D:/CG/UE/VFX01/Slime/Content/Characters/Slime/Tex/Tile/Tile_133_tex.uasset" 3490
"D:/CG/UE/VFX01/Slime/Content/Characters/Slime/Tex/Tile/Tile_132_tex.uasset" 3491
"D:/CG/UE/VFX01/Slime/Content/Characters/Slime/Tex/Tile/Tile_130_tex.uasset" 3492
"D:/CG/UE/VFX01/Slime/Content/Characters/Slime/Tex/Tile/Tile_131_tex.uasset" 3493
"D:/CG/UE/VFX01/Slime/Content/Characters/Slime/Tex/Tile/Tile_128_tex.uasset" 3494
"D:/CG/UE/VFX01/Slime/Content/Characters/Slime/Tex/Tile/Tile_129_tex.uasset" 3495
"D:/CG/UE/VFX01/Slime/Content/Characters/Slime/Tex/Tile/Tile_127_tex.uasset" 3496
"D:/CG/UE/VFX01/Slime/Content/Characters/Slime/Tex/Tile/Tile_126_tex.uasset" 3497
"D:/CG/UE/VFX01/Slime/Content/Characters/Slime/Tex/Tile/Tile_125_tex.uasset" 3498
"D:/CG/UE/VFX01/Slime/Content/Characters/Slime/Tex/Tile/Tile_124_tex.uasset" 3499
"D:/CG/UE/VFX01/Slime/Content/Characters/Slime/Tex/Tile/Tile_123_tex.uasset" 3500
"D:/CG/UE/VFX01/Slime/Content/Characters/Slime/Tex/Tile/Tile_122_tex.uasset" 3501
"D:/CG/UE/VFX01/Slime/Content/Characters/Slime/Tex/Tile/Tile_121_tex.uasset" 3502
"D:/CG/UE/VFX01/Slime/Content/Characters/Slime/Tex/Tile/Tile_120_tex.uasset" 3503
"D:/CG/UE/VFX01/Slime/Content/Characters/Slime/Tex/Tile/Tile_119_tex.uasset" 3504
"D:/CG/UE/VFX01/Slime/Content/Characters/Slime/Tex/Tile/Tile_118_tex.uasset" 3505
"D:/CG/UE/VFX01/Slime/Content/Characters/Slime/Tex/Tile/Tile_116_tex.uasset" 3506
"D:/CG/UE/VFX01/Slime/Content/Characters/Slime/Tex/Tile/Tile_117_tex.uasset" 3507
"D:/CG/UE/VFX01/Slime/Content/Characters/Slime/Tex/Tile/Tile_114_tex.uasset" 3508
"D:/CG/UE/VFX01/Slime/Content/Characters/Slime/Tex/Tile/Tile_115_tex.uasset" 3509
"D:/CG/UE/VFX01/Slime/Content/Characters/Slime/Tex/Tile/Tile_113_tex.uasset" 3510
"D:/CG/UE/VFX01/Slime/Content/Characters/Slime/Tex/Tile/Tile_112_tex.uasset" 3511
"D:/CG/UE/VFX01/Slime/Content/Characters/Slime/Tex/Tile/Tile_111_tex.uasset" 3512
"D:/CG/UE/VFX01/Slime/Content/Characters/Slime/Tex/Tile/Tile_109_tex.uasset" 3513
"D:/CG/UE/VFX01/Slime/Content/Characters/Slime/Tex/Tile/Tile_110_tex.uasset" 3514
"D:/CG/UE/VFX01/Slime/Content/Characters/Slime/Tex/Tile/Tile_108_tex.uasset" 3515
"D:/CG/UE/VFX01/Slime/Content/Characters/Slime/Tex/Tile/Tile_106_tex.uasset" 3516
"D:/CG/UE/VFX01/Slime/Content/Characters/Slime/Tex/Tile/Tile_107_tex.uasset" 3517
"D:/CG/UE/VFX01/Slime/Content/Characters/Slime/Tex/Tile/Tile_105_tex.uasset" 3518
"D:/CG/UE/VFX01/Slime/Content/Characters/Slime/Tex/Tile/Tile_104_tex.uasset" 3519
"D:/CG/UE/VFX01/Slime/Content/Characters/Slime/Tex/Tile/Tile_103_tex.uasset" 3520
"D:/CG/UE/VFX01/Slime/Content/Characters/Slime/Tex/Tile/Tile_102_tex.uasset" 3521
"D:/CG/UE/VFX01/Slime/Content/Characters/Slime/Tex/Tile/Tile_101_tex.uasset" 3522
"D:/CG/UE/VFX01/Slime/Content/Characters/Slime/Tex/Tile/Tile_100_tex.uasset" 3523
"D:/CG/UE/VFX01/Slime/Content/Characters/Slime/Tex/Tile/Tile_099_tex.uasset" 3524
"D:/CG/UE/VFX01/Slime/Content/Characters/Slime/Tex/Tile/Tile_098_tex_1.uasset" 3525
"D:/CG/UE/VFX01/Slime/Content/Characters/Slime/Tex/Tile/Tile_098_tex.uasset" 3526
"D:/CG/UE/VFX01/Slime/Content/Characters/Slime/Tex/Tile/Tile_097_tex.uasset" 3527
"D:/CG/UE/VFX01/Slime/Content/Characters/Slime/Tex/Tile/Tile_095_tex.uasset" 3528
"D:/CG/UE/VFX01/Slime/Content/Characters/Slime/Tex/Tile/Tile_096_tex.uasset" 3529
"D:/CG/UE/VFX01/Slime/Content/Characters/Slime/Tex/Tile/Tile_094_tex.uasset" 3530
"D:/CG/UE/VFX01/Slime/Content/Characters/Slime/Tex/Tile/Tile_092_tex.uasset" 3531
"D:/CG/UE/VFX01/Slime/Content/Characters/Slime/Tex/Tile/Tile_091_tex.uasset" 3532
"D:/CG/UE/VFX01/Slime/Content/Characters/Slime/Tex/Tile/Tile_090_tex.uasset" 3533
"D:/CG/UE/VFX01/Slime/Content/Characters/Slime/Tex/Tile/Tile_093_tex.uasset" 3534
"D:/CG/UE/VFX01/Slime/Content/Characters/Slime/Tex/Tile/Tile_088_tex.uasset" 3535
"D:/CG/UE/VFX01/Slime/Content/Characters/Slime/Tex/Tile/Tile_089_tex.uasset" 3536
"D:/CG/UE/VFX01/Slime/Content/Characters/Slime/Tex/Tile/Tile_087_tex.uasset" 3537
"D:/CG/UE/VFX01/Slime/Content/Characters/Slime/Tex/Tile/Tile_086_tex.uasset" 3538
"D:/CG/UE/VFX01/Slime/Content/Characters/Slime/Tex/Tile/Tile_085_tex.uasset" 3539
"D:/CG/UE/VFX01/Slime/Content/Characters/Slime/Tex/Tile/Tile_084_tex.uasset" 3540
"D:/CG/UE/VFX01/Slime/Content/Characters/Slime/Tex/Tile/Tile_083_tex.uasset" 3541
"D:/CG/UE/VFX01/Slime/Content/Characters/Slime/Tex/Tile/Tile_082_tex.uasset" 3542
"D:/CG/UE/VFX01/Slime/Content/Characters/Slime/Tex/Tile/Tile_081_tex.uasset" 3543
"D:/CG/UE/VFX01/Slime/Content/Characters/Slime/Tex/Tile/Tile_080_tex.uasset" 3544
"D:/CG/UE/VFX01/Slime/Content/Characters/Slime/Tex/Tile/Tile_079_tex.uasset" 3545
"D:/CG/UE/VFX01/Slime/Content/Characters/Slime/Tex/Tile/Tile_077_tex.uasset" 3546
"D:/CG/UE/VFX01/Slime/Content/Characters/Slime/Tex/Tile/Tile_076_tex.uasset" 3547
"D:/CG/UE/VFX01/Slime/Content/Characters/Slime/Tex/Tile/Tile_075_tex.uasset" 3548
"D:/CG/UE/VFX01/Slime/Content/Characters/Slime/Tex/Tile/Tile_078_tex.uasset" 3549
"D:/CG/UE/VFX01/Slime/Content/Characters/Slime/Tex/Tile/Tile_074_tex.uasset" 3550
"D:/CG/UE/VFX01/Slime/Content/Characters/Slime/Tex/Tile/Tile_073_tex.uasset" 3551
"D:/CG/UE/VFX01/Slime/Content/Characters/Slime/Tex/Tile/Tile_070_tex.uasset" 3552
"D:/CG/UE/VFX01/Slime/Content/Characters/Slime/Tex/Tile/Tile_068_tex.uasset" 3553
"D:/CG/UE/VFX01/Slime/Content/Characters/Slime/Tex/Tile/Tile_071_tex.uasset" 3554
"D:/CG/UE/VFX01/Slime/Content/Characters/Slime/Tex/Tile/Tile_066_tex.uasset" 3555
"D:/CG/UE/VFX01/Slime/Content/Characters/Slime/Tex/Tile/Tile_067_tex.uasset" 3556
"D:/CG/UE/VFX01/Slime/Content/Characters/Slime/Tex/Tile/Tile_072_tex.uasset" 3557
"D:/CG/UE/VFX01/Slime/Content/Characters/Slime/Tex/Tile/Tile_069_tex.uasset" 3558
"D:/CG/UE/VFX01/Slime/Content/Characters/Slime/Tex/Tile/Tile_064_tex.uasset" 3559
"D:/CG/UE/VFX01/Slime/Content/Characters/Slime/Tex/Tile/Tile_063_tex.uasset" 3560
"D:/CG/UE/VFX01/Slime/Content/Characters/Slime/Tex/Tile/Tile_065_tex.uasset" 3561
"D:/CG/UE/VFX01/Slime/Content/Characters/Slime/Tex/Tile/Tile_062_tex.uasset" 3562
"D:/CG/UE/VFX01/Slime/Content/Characters/Slime/Tex/Tile/Tile_061_tex.uasset" 3563
"D:/CG/UE/VFX01/Slime/Content/Characters/Slime/Tex/Tile/Tile_060_tex.uasset" 3564
"D:/CG/UE/VFX01/Slime/Content/Characters/Slime/Tex/Tile/Tile_059_tex.uasset" 3565
"D:/CG/UE/VFX01/Slime/Content/Characters/Slime/Tex/Tile/Tile_057_tex.uasset" 3566
"D:/CG/UE/VFX01/Slime/Content/Characters/Slime/Tex/Tile/Tile_058_tex.uasset" 3567
"D:/CG/UE/VFX01/Slime/Content/Characters/Slime/Tex/Tile/Tile_054_tex.uasset" 3568
"D:/CG/UE/VFX01/Slime/Content/Characters/Slime/Tex/Tile/Tile_056_tex.uasset" 3569
"D:/CG/UE/VFX01/Slime/Content/Characters/Slime/Tex/Tile/Tile_055_tex.uasset" 3570
"D:/CG/UE/VFX01/Slime/Content/Characters/Slime/Tex/Tile/Tile_053_tex.uasset" 3571
"D:/CG/UE/VFX01/Slime/Content/Characters/Slime/Tex/Tile/Tile_051_tex.uasset" 3572
"D:/CG/UE/VFX01/Slime/Content/Characters/Slime/Tex/Tile/Tile_052_tex.uasset" 3573
"D:/CG/UE/VFX01/Slime/Content/Characters/Slime/Tex/Tile/Tile_049_tex.uasset" 3574
"D:/CG/UE/VFX01/Slime/Content/Characters/Slime/Tex/Tile/Tile_050_tex.uasset" 3575
"D:/CG/UE/VFX01/Slime/Content/Characters/Slime/Tex/Tile/Tile_048_tex.uasset" 3576
"D:/CG/UE/VFX01/Slime/Content/Characters/Slime/Tex/Tile/Tile_047_tex.uasset" 3577
"D:/CG/UE/VFX01/Slime/Content/Characters/Slime/Tex/Tile/Tile_046_tex.uasset" 3578
"D:/CG/UE/VFX01/Slime/Content/Characters/Slime/Tex/Tile/Tile_044_tex.uasset" 3579
"D:/CG/UE/VFX01/Slime/Content/Characters/Slime/Tex/Tile/Tile_043_tex.uasset" 3580
"D:/CG/UE/VFX01/Slime/Content/Characters/Slime/Tex/Tile/Tile_041_tex.uasset" 3581
"D:/CG/UE/VFX01/Slime/Content/Characters/Slime/Tex/Tile/Tile_042_tex.uasset" 3582
"D:/CG/UE/VFX01/Slime/Content/Characters/Slime/Tex/Tile/Tile_045_tex.uasset" 3583
"D:/CG/UE/VFX01/Slime/Content/LevelPrototyping/Interactable/JumpPad/Assets/Meshes/SM_CircularGlow.uasset" 3584
"D:/CG/UE/VFX01/Slime/Content/LevelPrototyping/Interactable/JumpPad/Assets/Meshes/SM_CircularBand.uasset" 3585
"D:/CG/UE/VFX01/Slime/Content/LevelPrototyping/Interactable/JumpPad/Assets/Materials/M_SimpleGlow.uasset" 3586
"D:/CG/UE/VFX01/Slime/Content/LevelPrototyping/Interactable/JumpPad/Assets/Materials/M_GradientGlow.uasset" 3587
"D:/CG/UE/VFX01/Slime/Content/LevelPrototyping/Interactable/Door/Assets/Meshes/SM_DoorFrame_Edge.uasset" 3588
"D:/CG/UE/VFX01/Slime/Content/LevelPrototyping/Interactable/Door/Assets/Meshes/SM_DoorFrame_Corner.uasset" 3589
"D:/CG/UE/VFX01/Slime/Content/LevelPrototyping/Interactable/Door/Assets/Meshes/SM_Door.uasset" 3590
"D:/CG/UE/VFX01/Slime/Content/LevelPrototyping/Interactable/JumpPad/Assets/Materials/MI_GlowNT.uasset" 3591
"D:/CG/UE/VFX01/Slime/Content/Characters/Slime/Tex/Tile/Tile_038_tex.uasset" 3592
"D:/CG/UE/VFX01/Slime/Content/Characters/Slime/Tex/Tile/Tile_037_tex.uasset" 3593
"D:/CG/UE/VFX01/Slime/Content/Characters/Slime/Tex/Tile/Tile_040_tex.uasset" 3594
"D:/CG/UE/VFX01/Slime/Content/Characters/Slime/Tex/Tile/Tile_034_tex.uasset" 3595
"D:/CG/UE/VFX01/Slime/Content/Characters/Slime/Tex/Tile/Tile_033_tex.uasset" 3596
"D:/CG/UE/VFX01/Slime/Content/Characters/Slime/Tex/Tile/Tile_035_tex.uasset" 3597
"D:/CG/UE/VFX01/Slime/Content/Characters/Slime/Tex/Tile/Tile_039_tex.uasset" 3598
"D:/CG/UE/VFX01/Slime/Content/Characters/Slime/Tex/Tile/Tile_031_tex.uasset" 3599
"D:/CG/UE/VFX01/Slime/Content/Characters/Slime/Tex/Tile/Tile_036_tex.uasset" 3600
"D:/CG/UE/VFX01/Slime/Content/Characters/Slime/Tex/Tile/Tile_030_tex.uasset" 3601
"D:/CG/UE/VFX01/Slime/Content/Characters/Slime/Tex/Tile/Tile_029_tex.uasset" 3602
"D:/CG/UE/VFX01/Slime/Content/Characters/Slime/Tex/Tile/Tile_028_tex.uasset" 3603
"D:/CG/UE/VFX01/Slime/Content/Characters/Slime/Tex/Tile/Tile_024_tex.uasset" 3604
"D:/CG/UE/VFX01/Slime/Content/Characters/Slime/Tex/Tile/Tile_026_tex.uasset" 3605
"D:/CG/UE/VFX01/Slime/Content/Characters/Slime/Tex/Tile/Tile_023_tex.uasset" 3606
"D:/CG/UE/VFX01/Slime/Content/Characters/Slime/Tex/Tile/Tile_027_tex.uasset" 3607
"D:/CG/UE/VFX01/Slime/Content/Characters/Slime/Tex/Tile/Tile_022_tex.uasset" 3608
"D:/CG/UE/VFX01/Slime/Content/Characters/Slime/Tex/Tile/Tile_020_tex.uasset" 3609
"D:/CG/UE/VFX01/Slime/Content/Characters/Slime/Tex/Tile/Tile_017_tex.uasset" 3610
"D:/CG/UE/VFX01/Slime/Content/Characters/Slime/Tex/Tile/Tile_018_tex.uasset" 3611
"D:/CG/UE/VFX01/Slime/Content/Characters/Slime/Tex/Tile/Tile_032_tex.uasset" 3612
"D:/CG/UE/VFX01/Slime/Content/Characters/Slime/Tex/Tile/Tile_013_tex.uasset" 3613
"D:/CG/UE/VFX01/Slime/Content/Characters/Slime/Tex/Tile/Tile_019_tex.uasset" 3614
"D:/CG/UE/VFX01/Slime/Content/Characters/Slime/Tex/Tile/Tile_011_tex.uasset" 3615
"D:/CG/UE/VFX01/Slime/Content/Characters/Slime/Tex/Tile/Tile_015_tex.uasset" 3616
"D:/CG/UE/VFX01/Slime/Content/Characters/Slime/Tex/Tile/Tile_025_tex.uasset" 3617
"D:/CG/UE/VFX01/Slime/Content/Characters/Slime/Tex/Tile/Tile_009_tex.uasset" 3618
"D:/CG/UE/VFX01/Slime/Content/Characters/Slime/Tex/Tile/Tile_010_tex.uasset" 3619
"D:/CG/UE/VFX01/Slime/Content/Characters/Slime/Tex/Tile/Tile_008_tex.uasset" 3620
"D:/CG/UE/VFX01/Slime/Content/Characters/Slime/Tex/Tile/Tile_007_tex.uasset" 3621
"D:/CG/UE/VFX01/Slime/Content/Characters/Slime/Tex/Tile/Tile_006_tex.uasset" 3622
"D:/CG/UE/VFX01/Slime/Content/Characters/Slime/Tex/Tile/Tile_005_tex.uasset" 3623
"D:/CG/UE/VFX01/Slime/Content/Characters/Slime/Tex/Tile/Tile_002_tex.uasset" 3624
"D:/CG/UE/VFX01/Slime/Content/Characters/Slime/Tex/Tile/Tile_003_tex.uasset" 3625
"D:/CG/UE/VFX01/Slime/Content/Characters/Slime/Tex/Tile/Tile_004_tex.uasset" 3626
"D:/CG/UE/VFX01/Slime/Content/Characters/Slime/Tex/Smoke/Smoke_073_tex.uasset" 3627
"D:/CG/UE/VFX01/Slime/Content/Characters/Slime/Tex/Smoke/Smoke_072_tex_normal.uasset" 3628
"D:/CG/UE/VFX01/Slime/Content/Characters/Slime/Tex/Tile/Tile_001_tex.uasset" 3629
"D:/CG/UE/VFX01/Slime/Content/Characters/Slime/Tex/Smoke/Smoke_069_tex_normal.uasset" 3630
"D:/CG/UE/VFX01/Slime/Content/Characters/Slime/Tex/Tile/Tile_014_tex.uasset" 3631
"D:/CG/UE/VFX01/Slime/Content/Characters/Slime/Tex/Smoke/Smoke_072_tex.uasset" 3632
"D:/CG/UE/VFX01/Slime/Content/Characters/Slime/Tex/Tile/Tile_021_tex.uasset" 3633
"D:/CG/UE/VFX01/Slime/Content/Characters/Slime/Tex/Tile/Tile_012_tex.uasset" 3634
"D:/CG/UE/VFX01/Slime/Content/Characters/Slime/Tex/Smoke/Smoke_069_tex.uasset" 3635
"D:/CG/UE/VFX01/Slime/Content/Characters/Slime/Tex/Smoke/Smoke_068_tex.uasset" 3636
"D:/CG/UE/VFX01/Slime/Content/Characters/Slime/Tex/Tile/Tile_016_tex.uasset" 3637
"D:/CG/UE/VFX01/Slime/Content/Characters/Slime/Tex/Smoke/Smoke_067_tex.uasset" 3638
"D:/CG/UE/VFX01/Slime/Content/Characters/Slime/Tex/Smoke/Smoke_065_tex_normal.uasset" 3639
"D:/CG/UE/VFX01/Slime/Content/Characters/Slime/Tex/Smoke/Smoke_065_tex.uasset" 3640
"D:/CG/UE/VFX01/Slime/Content/Characters/Slime/Tex/Smoke/Smoke_063_tex.uasset" 3641
"D:/CG/UE/VFX01/Slime/Content/Characters/Slime/Tex/Smoke/Smoke_064_tex.uasset" 3642
"D:/CG/UE/VFX01/Slime/Content/Characters/Slime/Tex/Smoke/Smoke_057_tex_normal.uasset" 3643
"D:/CG/UE/VFX01/Slime/Content/Characters/Slime/Tex/Smoke/Smoke_060_tex_normal.uasset" 3644
"D:/CG/UE/VFX01/Slime/Content/Characters/Slime/Tex/Smoke/Smoke_057_tex.uasset" 3645
"D:/CG/UE/VFX01/Slime/Content/Characters/Slime/Tex/Smoke/Smoke_060_tex_normal_detail.uasset" 3646
"D:/CG/UE/VFX01/Slime/Content/Characters/Slime/Tex/Smoke/Smoke_057_tex_bright.uasset" 3647
"D:/CG/UE/VFX01/Slime/Content/Characters/Slime/Tex/Smoke/Smoke_060_tex.uasset" 3648
"D:/CG/UE/VFX01/Slime/Content/Characters/Slime/Tex/Smoke/Smoke_055_tex.uasset" 3649
"D:/CG/UE/VFX01/Slime/Content/Characters/Slime/Tex/Smoke/Smoke_053_tex.uasset" 3650
"D:/CG/UE/VFX01/Slime/Content/Characters/Slime/Tex/Smoke/Smoke_062_tex.uasset" 3651
"D:/CG/UE/VFX01/Slime/Content/Characters/Slime/Tex/Smoke/Smoke_052_tex.uasset" 3652
"D:/CG/UE/VFX01/Slime/Content/Characters/Slime/Tex/Smoke/Smoke_052_tex_NRM.uasset" 3653
"D:/CG/UE/VFX01/Slime/Content/Characters/Slime/Tex/Smoke/Smoke_049_tex.uasset" 3654
"D:/CG/UE/VFX01/Slime/Content/Characters/Slime/Tex/Smoke/Smoke_047_tex.uasset" 3655
"D:/CG/UE/VFX01/Slime/Content/Characters/Slime/Tex/Smoke/Smoke_050_tex.uasset" 3656
"D:/CG/UE/VFX01/Slime/Content/Characters/Slime/Tex/Smoke/Smoke_048_tex.uasset" 3657
"D:/CG/UE/VFX01/Slime/Content/Characters/Slime/Tex/Smoke/Smoke_046_tex.uasset" 3658
"D:/CG/UE/VFX01/Slime/Content/Characters/Slime/Tex/Smoke/Smoke_051_tex.uasset" 3659
"D:/CG/UE/VFX01/Slime/Content/Characters/Slime/Tex/Smoke/Smoke_045_tex.uasset" 3660
"D:/CG/UE/VFX01/Slime/Content/Characters/Slime/Tex/Smoke/Smoke_044_tex.uasset" 3661
"D:/CG/UE/VFX01/Slime/Content/Characters/Slime/Tex/Smoke/Smoke_043_tex.uasset" 3662
"D:/CG/UE/VFX01/Slime/Content/Characters/Slime/Tex/Smoke/Smoke_042_tex.uasset" 3663
"D:/CG/UE/VFX01/Slime/Content/Characters/Slime/Tex/Smoke/Smoke_041_tex.uasset" 3664
"D:/CG/UE/VFX01/Slime/Content/Characters/Slime/Tex/Smoke/Smoke_039_tex.uasset" 3665
"D:/CG/UE/VFX01/Slime/Content/Characters/Slime/Tex/Smoke/Smoke_040_tex.uasset" 3666
"D:/CG/UE/VFX01/Slime/Content/Characters/Slime/Tex/Smoke/Smoke_036_tex.uasset" 3667
"D:/CG/UE/VFX01/Slime/Content/Characters/Slime/Tex/Smoke/Smoke_037_tex.uasset" 3668
"D:/CG/UE/VFX01/Slime/Content/Characters/Slime/Tex/Smoke/Smoke_033_tex.uasset" 3669
"D:/CG/UE/VFX01/Slime/Content/Characters/Slime/Tex/Smoke/Smoke_032_tex.uasset" 3670
"D:/CG/UE/VFX01/Slime/Content/Characters/Slime/Tex/Smoke/Smoke_034_tex.uasset" 3671
"D:/CG/UE/VFX01/Slime/Content/Characters/Slime/Tex/Smoke/Smoke_030_tex.uasset" 3672
"D:/CG/UE/VFX01/Slime/Content/Characters/Slime/Tex/Smoke/Smoke_038_tex.uasset" 3673
"D:/CG/UE/VFX01/Slime/Content/Characters/Slime/Tex/Smoke/Smoke_028_tex.uasset" 3674
"D:/CG/UE/VFX01/Slime/Content/Characters/Slime/Tex/Smoke/Smoke_027_tex.uasset" 3675
"D:/CG/UE/VFX01/Slime/Content/Characters/Slime/Tex/Smoke/Smoke_026_tex_NRM.uasset" 3676
"D:/CG/UE/VFX01/Slime/Content/Characters/Slime/Tex/Smoke/Smoke_031_tex.uasset" 3677
"D:/CG/UE/VFX01/Slime/Content/Characters/Slime/Tex/Smoke/Smoke_022_tex.uasset" 3678
"D:/CG/UE/VFX01/Slime/Content/Characters/Slime/Tex/Smoke/Smoke_018_tex.uasset" 3679
"D:/CG/UE/VFX01/Slime/Content/Characters/Slime/Tex/Smoke/Smoke_024_tex.uasset" 3680
"D:/CG/UE/VFX01/Slime/Content/Characters/Slime/Tex/Smoke/Smoke_029_tex.uasset" 3681
"D:/CG/UE/VFX01/Slime/Content/Characters/Slime/Tex/Smoke/Smoke_016_tex.uasset" 3682
"D:/CG/UE/VFX01/Slime/Content/Characters/Slime/Tex/Smoke/Smoke_035_tex.uasset" 3683
"D:/CG/UE/VFX01/Slime/Content/Characters/Slime/Tex/Smoke/Smoke_025_tex.uasset" 3684
"D:/CG/UE/VFX01/Slime/Content/Characters/Slime/Tex/Smoke/Smoke_020_tex.uasset" 3685
"D:/CG/UE/VFX01/Slime/Content/Characters/Slime/Tex/Smoke/Smoke_021_tex.uasset" 3686
"D:/CG/UE/VFX01/Slime/Content/Characters/Slime/Tex/Smoke/Smoke_026_tex.uasset" 3687
"D:/CG/UE/VFX01/Slime/Content/Characters/Slime/Tex/Smoke/Smoke_054_tex.uasset" 3688
"D:/CG/UE/VFX01/Slime/Content/Characters/Slime/Tex/Smoke/Smoke_017_tex.uasset" 3689
"D:/CG/UE/VFX01/Slime/Content/Characters/Slime/Tex/Smoke/Smoke_023_tex.uasset" 3690
"D:/CG/UE/VFX01/Slime/Content/Characters/Slime/Tex/Smoke/Smoke_019_tex.uasset" 3691
"D:/CG/UE/VFX01/Slime/Content/Characters/Slime/Tex/Smoke/Smoke_015_tex.uasset" 3692
"D:/CG/UE/VFX01/Slime/Content/Characters/Slime/Tex/Smoke/Smoke_012_tex_NRM.uasset" 3693
"D:/CG/UE/VFX01/Slime/Content/Characters/Slime/Tex/Smoke/Smoke_014_tex.uasset" 3694
"D:/CG/UE/VFX01/Slime/Content/Characters/Slime/Tex/Smoke/Smoke_012_tex.uasset" 3695
"D:/CG/UE/VFX01/Slime/Content/Characters/Slime/Tex/Smoke/Smoke_011_tex.uasset" 3696
"D:/CG/UE/VFX01/Slime/Content/Characters/Slime/Tex/Smoke/Smoke_010_tex.uasset" 3697
"D:/CG/UE/VFX01/Slime/Content/Characters/Slime/Tex/Smoke/Smoke_009_tex.uasset" 3698
"D:/CG/UE/VFX01/Slime/Content/Characters/Slime/Tex/Smoke/Smoke_004_tex.uasset" 3699
"D:/CG/UE/VFX01/Slime/Content/Characters/Slime/Tex/Smoke/Smoke_013_tex.uasset" 3700
"D:/CG/UE/VFX01/Slime/Content/Characters/Slime/Tex/Smoke/Smoke_008_tex.uasset" 3701
"D:/CG/UE/VFX01/Slime/Content/Characters/Slime/Tex/Smoke/Smoke_003_tex.uasset" 3702
"D:/CG/UE/VFX01/Slime/Content/Characters/Slime/Tex/Smoke/Smoke_006_tex.uasset" 3703
"D:/CG/UE/VFX01/Slime/Content/Characters/Slime/Tex/Smoke/Smoke_005_tex.uasset" 3704
"D:/CG/UE/VFX01/Slime/Content/Characters/Slime/Tex/Smoke/Smoke_007_tex.uasset" 3705
"D:/CG/UE/VFX01/Slime/Content/Characters/Slime/Tex/Ring/Ring_044_tex.uasset" 3706
"D:/CG/UE/VFX01/Slime/Content/Characters/Slime/Tex/Ring/Ring_042_tex.uasset" 3707
"D:/CG/UE/VFX01/Slime/Content/Characters/Slime/Tex/Ring/Ring_045_tex.uasset" 3708
"D:/CG/UE/VFX01/Slime/Content/Characters/Slime/Tex/Smoke/Smoke_002_tex.uasset" 3709
"D:/CG/UE/VFX01/Slime/Content/Characters/Slime/Tex/Ring/Ring_043_tex.uasset" 3710
"D:/CG/UE/VFX01/Slime/Content/Characters/Slime/Tex/Ring/Ring_041_tex.uasset" 3711
"D:/CG/UE/VFX01/Slime/Content/Characters/Slime/Tex/Smoke/Smoke_001_tex.uasset" 3712
"D:/CG/UE/VFX01/Slime/Content/Characters/Slime/Tex/Ring/Ring_048_tex.uasset" 3713
"D:/CG/UE/VFX01/Slime/Content/Characters/Slime/Tex/Ring/Ring_036_tex.uasset" 3714
"D:/CG/UE/VFX01/Slime/Content/Characters/Slime/Tex/Ring/Ring_038_tex.uasset" 3715
"D:/CG/UE/VFX01/Slime/Content/Characters/Slime/Tex/Ring/Ring_034_tex.uasset" 3716
"D:/CG/UE/VFX01/Slime/Content/Characters/Slime/Tex/Ring/Ring_040_tex.uasset" 3717
"D:/CG/UE/VFX01/Slime/Content/Characters/Slime/Tex/Ring/Ring_032_tex.uasset" 3718
"D:/CG/UE/VFX01/Slime/Content/Characters/Slime/Tex/Ring/Ring_035_tex.uasset" 3719
"D:/CG/UE/VFX01/Slime/Content/Characters/Slime/Tex/Ring/Ring_031_tex.uasset" 3720
"D:/CG/UE/VFX01/Slime/Content/Characters/Slime/Tex/Ring/Ring_033_tex.uasset" 3721
"D:/CG/UE/VFX01/Slime/Content/Characters/Slime/Tex/Ring/Ring_029_tex.uasset" 3722
"D:/CG/UE/VFX01/Slime/Content/Characters/Slime/Tex/Ring/Ring_030_tex.uasset" 3723
"D:/CG/UE/VFX01/Slime/Content/Characters/Slime/Tex/Ring/Ring_027_tex.uasset" 3724
"D:/CG/UE/VFX01/Slime/Content/Characters/Slime/Tex/Ring/Ring_026_tex.uasset" 3725
"D:/CG/UE/VFX01/Slime/Content/Characters/Slime/Tex/Ring/Ring_028_tex.uasset" 3726
"D:/CG/UE/VFX01/Slime/Content/Characters/Slime/Tex/Ring/Ring_025_tex.uasset" 3727
"D:/CG/UE/VFX01/Slime/Content/Characters/Slime/Tex/Ring/Ring_024_tex.uasset" 3728
"D:/CG/UE/VFX01/Slime/Content/Characters/Slime/Tex/Ring/Ring_047_tex.uasset" 3729
"D:/CG/UE/VFX01/Slime/Content/Characters/Slime/Tex/Ring/Ring_019_tex.uasset" 3730
"D:/CG/UE/VFX01/Slime/Content/Characters/Slime/Tex/Ring/Ring_023_tex.uasset" 3731
"D:/CG/UE/VFX01/Slime/Content/Characters/Slime/Tex/Ring/Ring_022_tex.uasset" 3732
"D:/CG/UE/VFX01/Slime/Content/Characters/Slime/Tex/Ring/Ring_020_tex.uasset" 3733
"D:/CG/UE/VFX01/Slime/Content/Characters/Slime/Tex/Ring/Ring_039_tex.uasset" 3734
"D:/CG/UE/VFX01/Slime/Content/Characters/Slime/Tex/Ring/Ring_015_tex.uasset" 3735
"D:/CG/UE/VFX01/Slime/Content/Characters/Slime/Tex/Ring/Ring_017_tex.uasset" 3736
"D:/CG/UE/VFX01/Slime/Content/Characters/Slime/Tex/Ring/Ring_016_tex.uasset" 3737
"D:/CG/UE/VFX01/Slime/Content/Characters/Slime/Tex/Ring/Ring_014_tex.uasset" 3738
"D:/CG/UE/VFX01/Slime/Content/Characters/Slime/Tex/Ring/Ring_037_tex.uasset" 3739
"D:/CG/UE/VFX01/Slime/Content/Characters/Slime/Tex/Ring/Ring_013_tex.uasset" 3740
"D:/CG/UE/VFX01/Slime/Content/Characters/Slime/Tex/Ring/Ring_012_tex.uasset" 3741
"D:/CG/UE/VFX01/Slime/Content/Characters/Slime/Tex/Ring/Ring_011_tex.uasset" 3742
"D:/CG/UE/VFX01/Slime/Content/Characters/Slime/Tex/Ring/Ring_018_tex.uasset" 3743
"D:/CG/UE/VFX01/Slime/Content/Characters/Slime/Tex/Ring/Ring_046_tex.uasset" 3744
"D:/CG/UE/VFX01/Slime/Content/Characters/Slime/Tex/Ring/Ring_021_tex.uasset" 3745
"D:/CG/UE/VFX01/Slime/Content/Characters/Slime/Tex/Ring/Ring_010_tex.uasset" 3746
"D:/CG/UE/VFX01/Slime/Content/Characters/Slime/Tex/Ring/Ring_009_tex.uasset" 3747
"D:/CG/UE/VFX01/Slime/Content/Characters/Slime/Tex/Ring/Ring_008_tex.uasset" 3748
"D:/CG/UE/VFX01/Slime/Content/Characters/Slime/Tex/Ring/Ring_006_tex.uasset" 3749
"D:/CG/UE/VFX01/Slime/Content/Characters/Slime/Tex/Ring/Ring_007_tex.uasset" 3750
"D:/CG/UE/VFX01/Slime/Content/Characters/Slime/Tex/Ring/Ring_003_tex.uasset" 3751
"D:/CG/UE/VFX01/Slime/Content/Characters/Slime/Tex/Ring/Ring_005_tex.uasset" 3752
"D:/CG/UE/VFX01/Slime/Content/Characters/Slime/Tex/Ring/Ring_004_tex.uasset" 3753
"D:/CG/UE/VFX01/Slime/Content/Characters/Slime/Tex/Radial/Radial_061_tex.uasset" 3754
"D:/CG/UE/VFX01/Slime/Content/Characters/Slime/Tex/Radial/Radial_060_tex.uasset" 3755
"D:/CG/UE/VFX01/Slime/Content/Characters/Slime/Tex/Ring/Ring_002_tex.uasset" 3756
"D:/CG/UE/VFX01/Slime/Content/Characters/Slime/Tex/Radial/Radial_058_tex.uasset" 3757
"D:/CG/UE/VFX01/Slime/Content/Characters/Slime/Tex/Radial/Radial_059_tex.uasset" 3758
"D:/CG/UE/VFX01/Slime/Content/Characters/Slime/Tex/Ring/Ring_001_tex.uasset" 3759
"D:/CG/UE/VFX01/Slime/Content/Characters/Slime/Tex/Radial/Radial_057_tex.uasset" 3760
"D:/CG/UE/VFX01/Slime/Content/Characters/Slime/Tex/Radial/Radial_055_tex.uasset" 3761
"D:/CG/UE/VFX01/Slime/Content/Characters/Slime/Tex/Radial/Radial_056_tex.uasset" 3762
"D:/CG/UE/VFX01/Slime/Content/Characters/Slime/Tex/Radial/Radial_054_tex.uasset" 3763
"D:/CG/UE/VFX01/Slime/Content/Characters/Slime/Tex/Radial/Radial_053_tex.uasset" 3764
"D:/CG/UE/VFX01/Slime/Content/Characters/Slime/Tex/Radial/Radial_051_tex.uasset" 3765
"D:/CG/UE/VFX01/Slime/Content/Characters/Slime/Tex/Radial/Radial_048_tex.uasset" 3766
"D:/CG/UE/VFX01/Slime/Content/Characters/Slime/Tex/Radial/Radial_047_tex.uasset" 3767
"D:/CG/UE/VFX01/Slime/Content/Characters/Slime/Tex/Radial/Radial_049_tex.uasset" 3768
"D:/CG/UE/VFX01/Slime/Content/Characters/Slime/Tex/Radial/Radial_046_tex.uasset" 3769
"D:/CG/UE/VFX01/Slime/Content/Characters/Slime/Tex/Radial/Radial_052_tex.uasset" 3770
"D:/CG/UE/VFX01/Slime/Content/Characters/Slime/Tex/Radial/Radial_050_tex.uasset" 3771
"D:/CG/UE/VFX01/Slime/Content/Characters/Slime/Tex/Radial/Radial_044_tex.uasset" 3772
"D:/CG/UE/VFX01/Slime/Content/Characters/Slime/Tex/Radial/Radial_041_tex.uasset" 3773
"D:/CG/UE/VFX01/Slime/Content/Characters/Slime/Tex/Radial/Radial_043_tex.uasset" 3774
"D:/CG/UE/VFX01/Slime/Content/Characters/Slime/Tex/Radial/Radial_042_tex.uasset" 3775
"D:/CG/UE/VFX01/Slime/Content/Characters/Slime/Tex/Radial/Radial_045_tex.uasset" 3776
"D:/CG/UE/VFX01/Slime/Content/Characters/Slime/Tex/Radial/Radial_039_tex.uasset" 3777
"D:/CG/UE/VFX01/Slime/Content/Characters/Slime/Tex/Radial/Radial_038_tex.uasset" 3778
"D:/CG/UE/VFX01/Slime/Content/Characters/Slime/Tex/Radial/Radial_037_tex.uasset" 3779
"D:/CG/UE/VFX01/Slime/Content/Characters/Slime/Tex/Radial/Radial_036_tex.uasset" 3780
"D:/CG/UE/VFX01/Slime/Content/Characters/Slime/Tex/Radial/Radial_034_tex.uasset" 3781
"D:/CG/UE/VFX01/Slime/Content/Characters/Slime/Tex/Radial/Radial_040_tex.uasset" 3782
"D:/CG/UE/VFX01/Slime/Content/Characters/Slime/Tex/Radial/Radial_035_tex.uasset" 3783
"D:/CG/UE/VFX01/Slime/Content/Characters/Slime/Tex/Radial/Radial_032_tex.uasset" 3784
"D:/CG/UE/VFX01/Slime/Content/Characters/Slime/Tex/Radial/Radial_033_tex.uasset" 3785
"D:/CG/UE/VFX01/Slime/Content/Characters/Slime/Tex/Radial/Radial_031_tex.uasset" 3786
"D:/CG/UE/VFX01/Slime/Content/Characters/Slime/Tex/Radial/Radial_030_tex.uasset" 3787
"D:/CG/UE/VFX01/Slime/Content/Characters/Slime/Tex/Radial/Radial_029_tex.uasset" 3788
"D:/CG/UE/VFX01/Slime/Content/Characters/Slime/Tex/Radial/Radial_028_tex.uasset" 3789
"D:/CG/UE/VFX01/Slime/Content/Characters/Slime/Tex/Radial/Radial_027_tex.uasset" 3790
"D:/CG/UE/VFX01/Slime/Content/Characters/Slime/Tex/Radial/Radial_023_tex.uasset" 3791
"D:/CG/UE/VFX01/Slime/Content/Characters/Slime/Tex/Radial/Radial_022_tex.uasset" 3792
"D:/CG/UE/VFX01/Slime/Content/Characters/Slime/Tex/Radial/Radial_025_tex.uasset" 3793
"D:/CG/UE/VFX01/Slime/Content/Characters/Slime/Tex/Radial/Radial_024_tex.uasset" 3794
"D:/CG/UE/VFX01/Slime/Content/Characters/Slime/Tex/Radial/Radial_019_tex.uasset" 3795
"D:/CG/UE/VFX01/Slime/Content/Characters/Slime/Tex/Radial/Radial_020_tex.uasset" 3796
"D:/CG/UE/VFX01/Slime/Content/Characters/Slime/Tex/Radial/Radial_021_tex.uasset" 3797
"D:/CG/UE/VFX01/Slime/Content/Characters/Slime/Tex/Radial/Radial_026_tex.uasset" 3798
"D:/CG/UE/VFX01/Slime/Content/Characters/Slime/Tex/Radial/Radial_018_tex.uasset" 3799
"D:/CG/UE/VFX01/Slime/Content/Characters/Slime/Tex/Radial/Radial_017_tex.uasset" 3800
"D:/CG/UE/VFX01/Slime/Content/Characters/Slime/Tex/Radial/Radial_015_tex.uasset" 3801
"D:/CG/UE/VFX01/Slime/Content/Characters/Slime/Tex/Radial/Radial_016_tex.uasset" 3802
"D:/CG/UE/VFX01/Slime/Content/Characters/Slime/Tex/Radial/Radial_013_tex.uasset" 3803
"D:/CG/UE/VFX01/Slime/Content/Characters/Slime/Tex/Radial/Radial_014_tex.uasset" 3804
"D:/CG/UE/VFX01/Slime/Content/Characters/Slime/Tex/Radial/Radial_012_tex.uasset" 3805
"D:/CG/UE/VFX01/Slime/Content/Characters/Slime/Tex/Radial/Radial_009_tex.uasset" 3806
"D:/CG/UE/VFX01/Slime/Content/Characters/Slime/Tex/Radial/Radial_007_tex.uasset" 3807
"D:/CG/UE/VFX01/Slime/Content/Characters/Slime/Tex/Radial/Radial_003_tex.uasset" 3808
"D:/CG/UE/VFX01/Slime/Content/Characters/Slime/Tex/Radial/Radial_011_tex.uasset" 3809
"D:/CG/UE/VFX01/Slime/Content/Characters/Slime/Tex/Radial/Radial_006_tex.uasset" 3810
"D:/CG/UE/VFX01/Slime/Content/Characters/Slime/Tex/Mask/T_SoftDust_Mask_01.uasset" 3811
"D:/CG/UE/VFX01/Slime/Content/Characters/Slime/Tex/Mask/T_CloudScape_08_Mask.uasset" 3812
"D:/CG/UE/VFX01/Slime/Content/Characters/Slime/Tex/Radial/Radial_005_tex.uasset" 3813
"D:/CG/UE/VFX01/Slime/Content/Characters/Slime/Tex/Radial/Radial_008_tex.uasset" 3814
"D:/CG/UE/VFX01/Slime/Content/Characters/Slime/Tex/Mask/Mask_063_tex.uasset" 3815
"D:/CG/UE/VFX01/Slime/Content/Characters/Slime/Tex/Radial/Radial_001_tex.uasset" 3816
"D:/CG/UE/VFX01/Slime/Content/Characters/Slime/Tex/Radial/Radial_004_tex.uasset" 3817
"D:/CG/UE/VFX01/Slime/Content/Characters/Slime/Tex/Mask/Mask_061_tex.uasset" 3818
"D:/CG/UE/VFX01/Slime/Content/Characters/Slime/Tex/Mask/Mask_062_tex.uasset" 3819
"D:/CG/UE/VFX01/Slime/Content/Characters/Slime/Tex/Mask/Mask_060_tex.uasset" 3820
"D:/CG/UE/VFX01/Slime/Content/Characters/Slime/Tex/Mask/Mask_057_tex.uasset" 3821
"D:/CG/UE/VFX01/Slime/Content/Characters/Slime/Tex/Mask/Mask_059_tex.uasset" 3822
"D:/CG/UE/VFX01/Slime/Content/Characters/Slime/Tex/Mask/Mask_058_tex.uasset" 3823
"D:/CG/UE/VFX01/Slime/Content/Characters/Slime/Tex/Mask/Mask_056_tex.uasset" 3824
"D:/CG/UE/VFX01/Slime/Content/Characters/Slime/Tex/Mask/Mask_055_tex.uasset" 3825
"D:/CG/UE/VFX01/Slime/Content/Characters/Slime/Tex/Mask/Mask_054_tex.uasset" 3826
"D:/CG/UE/VFX01/Slime/Content/Characters/Slime/Tex/Mask/Mask_053_tex.uasset" 3827
"D:/CG/UE/VFX01/Slime/Content/Characters/Slime/Tex/Mask/Mask_052_tex.uasset" 3828
"D:/CG/UE/VFX01/Slime/Content/Characters/Slime/Tex/Radial/Radial_002_tex.uasset" 3829
"D:/CG/UE/VFX01/Slime/Content/Characters/Slime/Tex/Mask/Mask_050_tex.uasset" 3830
"D:/CG/UE/VFX01/Slime/Content/Characters/Slime/Tex/Mask/Mask_048_tex.uasset" 3831
"D:/CG/UE/VFX01/Slime/Content/Characters/Slime/Tex/Mask/T_SplashMask.uasset" 3832
"D:/CG/UE/VFX01/Slime/Content/Characters/Slime/Tex/Mask/Mask_049_tex.uasset" 3833
"D:/CG/UE/VFX01/Slime/Content/Characters/Slime/Tex/Mask/Mask_045_tex.uasset" 3834
"D:/CG/UE/VFX01/Slime/Content/Characters/Slime/Tex/Mask/Mask_051_tex.uasset" 3835
"D:/CG/UE/VFX01/Slime/Content/Characters/Slime/Tex/Mask/Mask_044_tex.uasset" 3836
"D:/CG/UE/VFX01/Slime/Content/Characters/Slime/Tex/Mask/Mask_046_tex.uasset" 3837
"D:/CG/UE/VFX01/Slime/Content/Characters/Slime/Tex/Mask/Mask_043_tex.uasset" 3838
"D:/CG/UE/VFX01/Slime/Content/Characters/Slime/Tex/Mask/Mask_042_tex.uasset" 3839
"D:/CG/UE/VFX01/Slime/Content/Characters/Slime/Tex/Mask/Mask_035_1_tex.uasset" 3840
"D:/CG/UE/VFX01/Slime/Content/Characters/Slime/Tex/Mask/Mask_036_tex.uasset" 3841
"D:/CG/UE/VFX01/Slime/Content/Characters/Slime/Tex/Mask/Mask_034_tex.uasset" 3842
"D:/CG/UE/VFX01/Slime/Content/Characters/Slime/Tex/Mask/Mask_035_tex.uasset" 3843
"D:/CG/UE/VFX01/Slime/Content/Characters/Slime/Tex/Mask/Mask_047_tex.uasset" 3844
"D:/CG/UE/VFX01/Slime/Content/Characters/Slime/Tex/Mask/Mask_033_tex.uasset" 3845
"D:/CG/UE/VFX01/Slime/Content/Characters/Slime/Tex/Radial/Radial_010_tex.uasset" 3846
"D:/CG/UE/VFX01/Slime/Content/Characters/Slime/Tex/Mask/Mask_032_tex.uasset" 3847
"D:/CG/UE/VFX01/Slime/Content/Characters/Slime/Tex/Mask/Mask_031_tex.uasset" 3848
"D:/CG/UE/VFX01/Slime/Content/Characters/Slime/Tex/Mask/Mask_030_tex.uasset" 3849
"D:/CG/UE/VFX01/Slime/Content/Characters/Slime/Tex/Mask/Mask_029_tex.uasset" 3850
"D:/CG/UE/VFX01/Slime/Content/Characters/Slime/Tex/Mask/Mask_029_tex_1.uasset" 3851
"D:/CG/UE/VFX01/Slime/Content/Characters/Slime/Tex/Mask/Mask_027_tex.uasset" 3852
"D:/CG/UE/VFX01/Slime/Content/Characters/Slime/Tex/Mask/Mask_028_tex.uasset" 3853
"D:/CG/UE/VFX01/Slime/Content/Characters/Slime/Tex/Mask/Mask_026_tex.uasset" 3854
"D:/CG/UE/VFX01/Slime/Content/Characters/Slime/Tex/Mask/Mask_025_tex.uasset" 3855
"D:/CG/UE/VFX01/Slime/Content/Characters/Slime/Tex/Mask/Mask_021_tex.uasset" 3856
"D:/CG/UE/VFX01/Slime/Content/Characters/Slime/Tex/Mask/Mask_024_tex.uasset" 3857
"D:/CG/UE/VFX01/Slime/Content/Characters/Slime/Tex/Mask/Mask_022_tex.uasset" 3858
"D:/CG/UE/VFX01/Slime/Content/Characters/Slime/Tex/Mask/Mask_018_tex.uasset" 3859
"D:/CG/UE/VFX01/Slime/Content/Characters/Slime/Tex/Mask/Mask_023_tex.uasset" 3860
"D:/CG/UE/VFX01/Slime/Content/Characters/Slime/Tex/Mask/Mask_019_tex.uasset" 3861
"D:/CG/UE/VFX01/Slime/Content/Characters/Slime/Tex/Mask/Mask_016_tex.uasset" 3862
"D:/CG/UE/VFX01/Slime/Content/Characters/Slime/Tex/Mask/Mask_020_tex.uasset" 3863
"D:/CG/UE/VFX01/Slime/Content/Characters/Slime/Tex/Mask/Mask_015_tex.uasset" 3864
"D:/CG/UE/VFX01/Slime/Content/Characters/Slime/Tex/Mask/Mask_017_tex.uasset" 3865
"D:/CG/UE/VFX01/Slime/Content/Characters/Slime/Tex/Mask/Mask_014_tex.uasset" 3866
"D:/CG/UE/VFX01/Slime/Content/Characters/Slime/Tex/Mask/Mask_013_tex.uasset" 3867
"D:/CG/UE/VFX01/Slime/Content/Characters/Slime/Tex/Mask/Mask_011_tex.uasset" 3868
"D:/CG/UE/VFX01/Slime/Content/Characters/Slime/Tex/Mask/Mask_010_tex.uasset" 3869
"D:/CG/UE/VFX01/Slime/Content/Characters/Slime/Tex/Mask/Mask_009_tex.uasset" 3870
"D:/CG/UE/VFX01/Slime/Content/Characters/Slime/Tex/Mask/Mask_012_tex.uasset" 3871
"D:/CG/UE/VFX01/Slime/Content/Characters/Slime/Tex/Mask/Mask_008_tex.uasset" 3872
"D:/CG/UE/VFX01/Slime/Content/Characters/Slime/Tex/Mask/Mask_007_tex.uasset" 3873
"D:/CG/UE/VFX01/Slime/Content/Characters/Slime/Tex/Mask/Mask_006_tex.uasset" 3874
"D:/CG/UE/VFX01/Slime/Content/Characters/Slime/Tex/Mask/Mask_005_tex.uasset" 3875
"D:/CG/UE/VFX01/Slime/Content/Characters/Slime/Tex/Mask/Mask_004_tex.uasset" 3876
"D:/CG/UE/VFX01/Slime/Content/Characters/Slime/Tex/Mask/Mask_002_tex.uasset" 3877
"D:/CG/UE/VFX01/Slime/Content/Characters/Slime/Tex/Mask/Mask_003_tex.uasset" 3878
"D:/CG/UE/VFX01/Slime/Content/Characters/Slime/Tex/Mask/Mask_001_tex.uasset" 3879
"/Engine/EngineResources/WhiteSquareTexture" 3880
"../../../Engine/Content/EngineResources/WhiteSquareTexture.uasset" 3881
"/Engine/EngineResources/GradientTexture0" 3882
"../../../Engine/Content/EngineResources/GradientTexture0.uasset" 3883
"/Engine/EngineResources/Black" 3884
"../../../Engine/Content/EngineResources/Black.uasset" 3885
"/Engine/EditorResources/S_Actor" 3886
"../../../Engine/Content/EditorResources/S_Actor.uasset" 3887
"/Engine/EngineFonts/RobotoDistanceField" 3888
"../../../Engine/Content/EngineFonts/RobotoDistanceField.uasset" 3889
"/Engine/EngineMaterials/DefaultTextMaterialOpaque" 3890
"../../../Engine/Content/EngineMaterials/DefaultTextMaterialOpaque.uasset" 3891
"/Engine/Functions/Engine_MaterialFunctions01/Shading/PowerToRoughness" 3892
"../../../Engine/Content/Functions/Engine_MaterialFunctions01/Shading/PowerToRoughness.uasset" 3893
"/Engine/Functions/Engine_MaterialFunctions01/Shading/ConvertFromDiffSpec" 3894
"../../../Engine/Content/Functions/Engine_MaterialFunctions01/Shading/ConvertFromDiffSpec.uasset" 3895
"/Engine/EngineMaterials/WorldGridMaterial" 3896
"../../../Engine/Content/EngineMaterials/WorldGridMaterial.uasset" 3897
"../../../Engine/Content/Functions/Engine_MaterialFunctions01/Opacity/CameraDepthFade.uasset" 3898
"../../../Engine/Content/EngineMaterials/T_Default_Material_Grid_M.uasset" 3899
"../../../Engine/Content/EngineMaterials/T_Default_Material_Grid_N.uasset" 3900
"/Engine/EngineMaterials/DefaultDeferredDecalMaterial" 3901
"../../../Engine/Content/EngineMaterials/DefaultDeferredDecalMaterial.uasset" 3902
"../../../Engine/Content/EngineMaterials/DefaultDiffuse.uasset" 3903
"/Engine/EngineMaterials/DefaultLightFunctionMaterial" 3904
"../../../Engine/Content/EngineMaterials/DefaultLightFunctionMaterial.uasset" 3905
"/Engine/EngineMaterials/DefaultPostProcessMaterial" 3906
"../../../Engine/Content/EngineMaterials/DefaultPostProcessMaterial.uasset" 3907
"../../../Engine/Content/Functions/Engine_MaterialFunctions02/Utility/BreakOutFloat2Components.uasset" 3908
"/Engine/EditorResources/S_Trigger" 3909
"../../../Engine/Content/EditorResources/S_Trigger.uasset" 3910
"/Engine/EditorResources/S_BoxReflectionCapture" 3911
"../../../Engine/Content/EditorResources/S_BoxReflectionCapture.uasset" 3912
"/Engine/EngineResources/DefaultTexture" 3913
"../../../Engine/Content/EngineResources/DefaultTexture.uasset" 3914
"/Engine/EditorResources/S_TriggerBox" 3915
"../../../Engine/Content/EditorResources/S_TriggerBox.uasset" 3916
"/Engine/EditorResources/S_TriggerCapsule" 3917
"../../../Engine/Content/EditorResources/S_TriggerCapsule.uasset" 3918
"/Engine/EditorResources/S_TriggerSphere" 3919
"../../../Engine/Content/EditorResources/S_TriggerSphere.uasset" 3920
"/Engine/EngineDamageTypes/DmgTypeBP_Environmental" 3921
"../../../Engine/Content/EngineDamageTypes/DmgTypeBP_Environmental.uasset" 3922
"/Engine/EngineMeshes/Sphere" 3923
"../../../Engine/Content/EngineMeshes/Sphere.uasset" 3924
"/Engine/EngineResources/DefaultTextureCube" 3925
"../../../Engine/Content/EngineResources/DefaultTextureCube.uasset" 3926
"/Engine/EngineResources/DefaultVolumeTexture" 3927
"../../../Engine/Content/EngineResources/DefaultVolumeTexture.uasset" 3928
"../../../Engine/Content/EngineResources/DefaultVolumeTexture2D.uasset" 3929
"/Engine/VREditor/TransformGizmo/SM_Sequencer_Node" 3930
"../../../Engine/Content/VREditor/TransformGizmo/SM_Sequencer_Node.uasset" 3931
"../../../Engine/Content/VREditor/TransformGizmo/Main.uasset" 3932
"../../../Engine/Content/VREditor/TransformGizmo/Xray.uasset" 3933
"/Engine/EditorResources/S_Solver" 3934
"../../../Engine/Content/EditorResources/S_Solver.uasset" 3935
"/Engine/EngineDebugMaterials/VolumeToRender" 3936
"../../../Engine/Content/EngineDebugMaterials/VolumeToRender.uasset" 3937
"/Engine/EngineDebugMaterials/M_VolumeRenderSphereTracePP" 3938
"../../../Engine/Content/EngineDebugMaterials/M_VolumeRenderSphereTracePP.uasset" 3939
"../../../Engine/Content/Functions/Engine_MaterialFunctions02/Utility/CameraDirectionVector.uasset" 3940
"/Engine/EditorMeshes/Camera/SM_CraneRig_Base" 3941
"../../../Engine/Content/EditorMeshes/Camera/SM_CraneRig_Base.uasset" 3942
"../../../Engine/Content/EditorMaterials/Camera/MI_CineMat_Rig.uasset" 3943
"../../../Engine/Content/EditorMaterials/Camera/CineMat.uasset" 3944
"/Engine/EditorMeshes/Camera/SM_CraneRig_Arm" 3945
"../../../Engine/Content/EditorMeshes/Camera/SM_CraneRig_Arm.uasset" 3946
"/Engine/EditorMeshes/Camera/SM_CraneRig_Mount" 3947
"../../../Engine/Content/EditorMeshes/Camera/SM_CraneRig_Mount.uasset" 3948
"/Engine/EditorMeshes/Camera/SM_CraneRig_Body" 3949
"../../../Engine/Content/EditorMeshes/Camera/SM_CraneRig_Body.uasset" 3950
"/Engine/EditorMeshes/Camera/SM_RailRig_Track" 3951
"../../../Engine/Content/EditorMeshes/Camera/SM_RailRig_Track.uasset" 3952
"/Engine/EditorMeshes/Camera/SM_RailRig_Mount" 3953
"../../../Engine/Content/EditorMeshes/Camera/SM_RailRig_Mount.uasset" 3954
"/Engine/EditorLandscapeResources/SplineEditorMesh" 3955
"../../../Engine/Content/EditorLandscapeResources/SplineEditorMesh.uasset" 3956
"../../../Engine/Content/EditorLandscapeResources/SplineEditorMeshMat.uasset" 3957
"/Engine/BasicShapes/Cube" 3958
"../../../Engine/Content/BasicShapes/Cube.uasset" 3959
"/CameraCalibrationCore/Materials/M_DefaultOddSquare" 3960
"../../Plugins/VirtualProduction/CameraCalibrationCore/Content/Materials/M_DefaultOddSquare.uasset" 3961
"/CameraCalibrationCore/Materials/M_DefaultEvenSquare" 3962
"../../Plugins/VirtualProduction/CameraCalibrationCore/Content/Materials/M_DefaultEvenSquare.uasset" 3963
"/HairStrands/Materials/HairDebugMaterial" 3964
"../../Plugins/Runtime/HairStrands/Content/Materials/HairDebugMaterial.uasset" 3965
"../../../Engine/Content/Functions/Engine_MaterialFunctions02/Utility/MakeFloat2.uasset" 3966
"../../../Engine/Content/Functions/Engine_MaterialFunctions02/Utility/MakeFloat3.uasset" 3967
"../../../Engine/Content/EngineMaterials/HairColorMap.uasset" 3968
"../../../Engine/Content/EngineMaterials/HairDebugColor.uasset" 3969
"../../Plugins/Runtime/HairStrands/Content/Materials/HairGroupColors.uasset" 3970
"/HairStrands/Materials/HairDefaultMaterial" 3971
"../../Plugins/Runtime/HairStrands/Content/Materials/HairDefaultMaterial.uasset" 3972
"/HairStrands/Materials/HairCardsDefaultMaterial" 3973
"../../Plugins/Runtime/HairStrands/Content/Materials/HairCardsDefaultMaterial.uasset" 3974
"/HairStrands/Materials/HairMeshesDefaultMaterial" 3975
"../../Plugins/Runtime/HairStrands/Content/Materials/HairMeshesDefaultMaterial.uasset" 3976
"/Engine/EngineMaterials/Widget3DPassThrough_Translucent" 3977
"../../../Engine/Content/EngineMaterials/Widget3DPassThrough_Translucent.uasset" 3978
"../../../Engine/Content/EngineMaterials/Widget3DPassThrough.uasset" 3979
"/Engine/EngineMaterials/Widget3DPassThrough_Translucent_OneSided" 3980
"../../../Engine/Content/EngineMaterials/Widget3DPassThrough_Translucent_OneSided.uasset" 3981
"/Engine/EngineMaterials/Widget3DPassThrough_Opaque" 3982
"../../../Engine/Content/EngineMaterials/Widget3DPassThrough_Opaque.uasset" 3983
"/Engine/EngineMaterials/Widget3DPassThrough_Opaque_OneSided" 3984
"../../../Engine/Content/EngineMaterials/Widget3DPassThrough_Opaque_OneSided.uasset" 3985
"/Engine/EngineMaterials/Widget3DPassThrough_Masked" 3986
"../../../Engine/Content/EngineMaterials/Widget3DPassThrough_Masked.uasset" 3987
"/Engine/EngineMaterials/Widget3DPassThrough_Masked_OneSided" 3988
"../../../Engine/Content/EngineMaterials/Widget3DPassThrough_Masked_OneSided.uasset" 3989
"/Engine/VREditor/ViewportInteractionAssetContainerData" 3990
"../../../Engine/Content/VREditor/ViewportInteractionAssetContainerData.uasset" 3991
"../../../Engine/Content/VREditor/SnapGrid/SnapGridMaterial.uasset" 3992
"../../../Engine/Content/VREditor/TransformGizmo/TransformGizmoMaterial_Inst.uasset" 3993
"../../../Engine/Content/VREditor/TransformGizmo/TranslucentTransformGizmoMaterial_Inst.uasset" 3994
"../../../Engine/Content/VREditor/SnapGrid/SnapGridPlaneMesh.uasset" 3995
"../../../Engine/Content/VREditor/Sounds/UI/Drop_Item_From_ContentBrowser.uasset" 3996
"../../../Engine/Content/VREditor/Sounds/UI/Gizmo_Handle_Clicked.uasset" 3997
"../../../Engine/Content/VREditor/Sounds/UI/Object_PickUp.uasset" 3998
"../../../Engine/Content/VREditor/Sounds/UI/Object_Snaps_To_Another_Actor.uasset" 3999
"../../../Engine/Content/VREditor/Sounds/UI/Object_Snaps_To_Grid.uasset" 4000
"../../../Engine/Content/VREditor/Sounds/UI/Scaling_Down.uasset" 4001
"../../../Engine/Content/VREditor/Sounds/UI/Scaling_Up.uasset" 4002
"../../../Engine/Content/VREditor/Sounds/UI/Selection_Changes.uasset" 4003
"../../../Engine/Content/VREditor/TransformGizmo/PlaneTranslationHandle.uasset" 4004
"../../../Engine/Content/VREditor/TransformGizmo/RotationHandleFull.uasset" 4005
"../../../Engine/Content/VREditor/TransformGizmo/RotationHandleIndicator.uasset" 4006
"../../../Engine/Content/VREditor/TransformGizmo/RotationHandleQuarter.uasset" 4007
"../../../Engine/Content/VREditor/TransformGizmo/StartRotationHandleIndicator.uasset" 4008
"../../../Engine/Content/VREditor/TransformGizmo/TransformGizmoFreeRotation.uasset" 4009
"../../../Engine/Content/VREditor/TransformGizmo/TranslateArrowHandle.uasset" 4010
"../../../Engine/Content/VREditor/TransformGizmo/UniformScaleHandle.uasset" 4011
"../../../Engine/Content/Functions/Engine_MaterialFunctions02/Math/Transform3x3Matrix.uasset" 4012
"../../../Engine/Content/Functions/Engine_MaterialFunctions02/SplitComponents.uasset" 4013
"../../../Engine/Content/VREditor/TransformGizmo/TransformGizmoMaterial.uasset" 4014
"../../../Engine/Content/VREditor/TransformGizmo/TranslucentTransformGizmoMaterial.uasset" 4015
"../../../Engine/Content/Functions/Engine_MaterialFunctions02/Utility/BreakOutFloat3Components.uasset" 4016
"../../../Engine/Content/VREditor/LaserPointer/VR_LaserPower_01.uasset" 4017
"/Engine/VREditor/TransformGizmo/BoundingBoxCorner" 4018
"../../../Engine/Content/VREditor/TransformGizmo/BoundingBoxCorner.uasset" 4019
"/Engine/VREditor/TransformGizmo/BoundingBoxEdge" 4020
"../../../Engine/Content/VREditor/TransformGizmo/BoundingBoxEdge.uasset" 4021
"/Engine/ArtTools/RenderToTexture/Meshes/S_1_Unit_Plane" 4022
"../../../Engine/Content/ArtTools/RenderToTexture/Meshes/S_1_Unit_Plane.uasset" 4023
"/Engine/EngineDebugMaterials/M_SimpleUnlitTranslucent" 4024
"../../../Engine/Content/EngineDebugMaterials/M_SimpleUnlitTranslucent.uasset" 4025
"/Engine/EngineFonts/Roboto" 4026
"../../../Engine/Content/EngineFonts/Roboto.uasset" 4027
"../../../Engine/Content/EngineFonts/Faces/DroidSansFallback.uasset" 4028
"../../../Engine/Content/EngineFonts/Faces/RobotoBold.uasset" 4029
"../../../Engine/Content/EngineFonts/Faces/RobotoBoldItalic.uasset" 4030
"../../../Engine/Content/EngineFonts/Faces/RobotoItalic.uasset" 4031
"../../../Engine/Content/EngineFonts/Faces/RobotoLight.uasset" 4032
"../../../Engine/Content/EngineFonts/Faces/RobotoRegular.uasset" 4033
"/Engine/EditorMaterials/ParticleSystems/PSysThumbnail_NoImage" 4034
"../../../Engine/Content/EditorMaterials/ParticleSystems/PSysThumbnail_NoImage.uasset" 4035
"/Engine/EditorMaterials/ParticleSystems/PSysThumbnail_OOD" 4036
"../../../Engine/Content/EditorMaterials/ParticleSystems/PSysThumbnail_OOD.uasset" 4037
"/Engine/EngineResources/LandscapeVisibilityLayerInfo" 4038
"../../../Engine/Content/EngineResources/LandscapeVisibilityLayerInfo.uasset" 4039
"/ACLPlugin/ACLAnimBoneCompressionSettings" 4040
"../../Plugins/Animation/ACLPlugin/Content/ACLAnimBoneCompressionSettings.uasset" 4041
"/Engine/Animation/DefaultRecorderBoneCompression" 4042
"../../../Engine/Content/Animation/DefaultRecorderBoneCompression.uasset" 4043
"/ACLPlugin/ACLAnimCurveCompressionSettings" 4044
"../../Plugins/Animation/ACLPlugin/Content/ACLAnimCurveCompressionSettings.uasset" 4045
"/Engine/Animation/DefaultVariableFrameStrippingSettings" 4046
"../../../Engine/Content/Animation/DefaultVariableFrameStrippingSettings.uasset" 4047
"/ControlRig/Controls/ControlRigXRayMaterial" 4048
"../../Plugins/Animation/ControlRig/Content/Controls/ControlRigXRayMaterial.uasset" 4049
"/ControlRig/Controls/DefaultGizmoLibraryNormalized" 4050
"../../Plugins/Animation/ControlRig/Content/Controls/DefaultGizmoLibraryNormalized.uasset" 4051
"/Paper2D/MaskedUnlitSpriteMaterial" 4052
"../../Plugins/2D/Paper2D/Content/MaskedUnlitSpriteMaterial.uasset" 4053
"../../Plugins/2D/Paper2D/Content/DefaultSpriteMaterial.uasset" 4054
"../../Plugins/2D/Paper2D/Content/PlaceholderTextures/DummySpriteTexture.uasset" 4055
"/Paper2D/OpaqueUnlitSpriteMaterial" 4056
"../../Plugins/2D/Paper2D/Content/OpaqueUnlitSpriteMaterial.uasset" 4057
"/Paper2D/DefaultPaperTerrainMaterial" 4058
"../../Plugins/2D/Paper2D/Content/DefaultPaperTerrainMaterial.uasset" 4059
"../../Plugins/2D/Paper2D/Content/DummySprite.uasset" 4060
"/ControlRig/M_Manip" 4061
"../../Plugins/Animation/ControlRig/Content/M_Manip.uasset" 4062
"../../../Engine/Content/Functions/Engine_MaterialFunctions02/WorldPositionOffset/CameraOffset.uasset" 4063
"/AudioWidgets/Resources/ScrubHandleDown_Clamped" 4064
"../../Plugins/Runtime/AudioWidgets/Content/Resources/ScrubHandleDown_Clamped.uasset" 4065
"/SpeedTreeImporter/SpeedTree9/SpeedTreeMaster" 4066
"../../Plugins/Editor/SpeedTreeImporter/Content/SpeedTree9/SpeedTreeMaster.uasset" 4067
"../../../Engine/Content/Functions/Engine_MaterialFunctions02/ObjectLocalBounds.uasset" 4068
"../../../Engine/Content/Functions/Engine_MaterialFunctions02/SafeNormalize.uasset" 4069
"../../../Engine/Content/Functions/Engine_MaterialFunctions02/Utility/VectorLength.uasset" 4070
"../../../Engine/Content/Functions/Engine_MaterialFunctions02/UVs/BoundingBoxBased_0-1_UVW.uasset" 4071
"../../../Engine/Content/Functions/Engine_MaterialFunctions02/WorldPositionOffset/ObjectScale.uasset" 4072
"../../Plugins/Editor/SpeedTreeImporter/Content/SpeedTree9/SpeedTreeBranchMotion.uasset" 4073
"../../Plugins/Editor/SpeedTreeImporter/Content/SpeedTree9/SpeedTreeCameraFacing.uasset" 4074
"../../Plugins/Editor/SpeedTreeImporter/Content/SpeedTree9/SpeedTreeWind.uasset" 4075
"../../Plugins/Editor/SpeedTreeImporter/Content/SpeedTree9/SpeedTreeWindMotion.uasset" 4076
"../../Plugins/Editor/SpeedTreeImporter/Content/SpeedTree9/UnpackDirection.uasset" 4077
"../../Plugins/Editor/SpeedTreeImporter/Content/SpeedTree9/UnpackInteger3.uasset" 4078
"../../Plugins/Editor/SpeedTreeImporter/Content/SpeedTree9/Empty.uasset" 4079
"../../Plugins/Editor/SpeedTreeImporter/Content/SpeedTree9/EmptyNormal.uasset" 4080
"../../Plugins/Editor/SpeedTreeImporter/Content/SpeedTree9/game_wind_noise.uasset" 4081
"/SpeedTreeImporter/SpeedTree9/SpeedTreeBillboardMaster" 4082
"../../Plugins/Editor/SpeedTreeImporter/Content/SpeedTree9/SpeedTreeBillboardMaster.uasset" 4083
"../../Plugins/Editor/SpeedTreeImporter/Content/SpeedTree9/SpeedTreeBillboard.uasset" 4084
"/MediaPlate/SM_MediaPlateScreen" 4085
"../../Plugins/Media/MediaPlate/Content/SM_MediaPlateScreen.uasset" 4086
"/Engine/BasicShapes/BasicShapeMaterial" 4087
"../../../Engine/Content/BasicShapes/BasicShapeMaterial.uasset" 4088
"/Engine/EditorMaterials/Dataflow/DataflowVertexMaterial" 4089
"../../../Engine/Content/EditorMaterials/Dataflow/DataflowVertexMaterial.uasset" 4090
"/Engine/EditorMaterials/Dataflow/DataflowTwoSidedVertexMaterial" 4091
"../../../Engine/Content/EditorMaterials/Dataflow/DataflowTwoSidedVertexMaterial.uasset" 4092
"/Engine/EditorLandscapeResources/LayerVisMaterial" 4093
"../../../Engine/Content/EditorLandscapeResources/LayerVisMaterial.uasset" 4094
"../../../Engine/Content/EditorLandscapeResources/WhiteSquareTexture.uasset" 4095
"/Engine/EditorLandscapeResources/SelectBrushMaterial_Selected" 4096
"../../../Engine/Content/EditorLandscapeResources/SelectBrushMaterial_Selected.uasset" 4097
"../../../Engine/Content/EditorLandscapeResources/SelectBrushMaterial.uasset" 4098
"../../../Engine/Content/Functions/Engine_MaterialFunctions03/Math/WithinRangeFloat2.uasset" 4099
"../../../Engine/Content/EditorLandscapeResources/DefaultAlphaTexture.uasset" 4100
"/Engine/EditorLandscapeResources/SelectBrushMaterial_SelectedRegion" 4101
"../../../Engine/Content/EditorLandscapeResources/SelectBrushMaterial_SelectedRegion.uasset" 4102
"/Engine/EditorLandscapeResources/MaskBrushMaterial_MaskedRegion" 4103
"../../../Engine/Content/EditorLandscapeResources/MaskBrushMaterial_MaskedRegion.uasset" 4104
"../../../Engine/Content/EditorLandscapeResources/MaskBrushMaterial.uasset" 4105
"/Engine/EditorLandscapeResources/ColorMaskBrushMaterial_MaskedRegion" 4106
"../../../Engine/Content/EditorLandscapeResources/ColorMaskBrushMaterial_MaskedRegion.uasset" 4107
"../../../Engine/Content/EditorLandscapeResources/ColorMaskBrushMaterial.uasset" 4108
"/Engine/EditorLandscapeResources/LandscapeDirtyMaterial" 4109
"../../../Engine/Content/EditorLandscapeResources/LandscapeDirtyMaterial.uasset" 4110
"/Engine/EditorLandscapeResources/LandscapeLayerUsageMaterial" 4111
"../../../Engine/Content/EditorLandscapeResources/LandscapeLayerUsageMaterial.uasset" 4112
"../../../Engine/Content/Functions/Engine_MaterialFunctions01/Debug/DebugIntValues.uasset" 4113
"../../../Engine/Content/Functions/Engine_MaterialFunctions01/Texturing/ScaleUVsByCenter.uasset" 4114
"../../../Engine/Content/Functions/Engine_MaterialFunctions02/WorldPositionOffset/LocalPosition.uasset" 4115
"../../../Engine/Content/Functions/Engine_MaterialFunctions01/Texturing/TextureCropping.uasset" 4116
"../../../Engine/Content/Functions/Engine_MaterialFunctions02/ExampleContent/DebugNumberStrip.uasset" 4117
"C:/Users/11141/AppData/Local/UnrealEngine/Editor/UInteractiveToolsPresetCollectionAsset_DefaultCollection.json" 4118
"/Engine/EngineMaterials/NaniteHiddenSectionMaterial" 4119
"../../../Engine/Content/EngineMaterials/NaniteHiddenSectionMaterial.uasset" 4120
"/Engine/EngineMaterials/RemoveSurfaceMaterial" 4121
"../../../Engine/Content/EngineMaterials/RemoveSurfaceMaterial.uasset" 4122
"/Engine/EngineDebugMaterials/DebugMeshMaterial" 4123
"../../../Engine/Content/EngineDebugMaterials/DebugMeshMaterial.uasset" 4124
"/Engine/EngineMaterials/EmissiveMeshMaterial" 4125
"../../../Engine/Content/EngineMaterials/EmissiveMeshMaterial.uasset" 4126
"../../../Engine/Content/EngineMaterials/DefaultWhiteGrid_Low.uasset" 4127
"/Engine/EngineMaterials/M_InvalidLightmapSettings" 4128
"../../../Engine/Content/EngineMaterials/M_InvalidLightmapSettings.uasset" 4129
"../../../Engine/Content/EngineMaterials/InvalidLightmapSettings.uasset" 4130
"/Engine/EngineMaterials/GizmoMaterial" 4131
"../../../Engine/Content/EngineMaterials/GizmoMaterial.uasset" 4132
"/Engine/EngineMaterials/PhAT_JointLimitMaterial" 4133
"../../../Engine/Content/EngineMaterials/PhAT_JointLimitMaterial.uasset" 4134
"/Engine/EngineMaterials/FlattenMaterial" 4135
"../../../Engine/Content/EngineMaterials/FlattenMaterial.uasset" 4136
"../../../Engine/Content/EngineMaterials/BaseFlattenDiffuseMap.uasset" 4137
"../../../Engine/Content/EngineMaterials/BaseFlattenEmissiveMap.uasset" 4138
"../../../Engine/Content/EngineMaterials/BaseFlattenGrayscaleMap.uasset" 4139
"../../../Engine/Content/EngineMaterials/BaseFlattenLinearColor.uasset" 4140
"../../../Engine/Content/EngineMaterials/BaseFlattenNormalMap.uasset" 4141
"../../../Engine/Content/Functions/Engine_MaterialFunctions02/PivotPainter2/Black_1x1_EXR_Texture.uasset" 4142
"/Engine/EngineMaterials/FlattenMaterial_VT" 4143
"../../../Engine/Content/EngineMaterials/FlattenMaterial_VT.uasset" 4144
"../../../Engine/Content/EngineMaterials/BaseFlattenDiffuseMap_VT.uasset" 4145
"../../../Engine/Content/EngineMaterials/BaseFlattenEmissiveMap_VT.uasset" 4146
"../../../Engine/Content/EngineMaterials/BaseFlattenGrayscaleMap_VT.uasset" 4147
"../../../Engine/Content/EngineMaterials/BaseFlattenLinearColor_VT.uasset" 4148
"../../../Engine/Content/EngineMaterials/BaseFlattenNormalMap_VT.uasset" 4149
"../../../Engine/Content/EngineMaterials/Black_1x1_EXR_Texture_VT.uasset" 4150
"/Engine/EngineMaterials/FlattenMaterial_WS_Normal_VT" 4151
"../../../Engine/Content/EngineMaterials/FlattenMaterial_WS_Normal_VT.uasset" 4152
"/Engine/EngineMaterials/Good64x64TilingNoiseHighFreq" 4153
"../../../Engine/Content/EngineMaterials/Good64x64TilingNoiseHighFreq.uasset" 4154
"/Engine/EngineMaterials/DefaultBokeh" 4155
"../../../Engine/Content/EngineMaterials/DefaultBokeh.uasset" 4156
"/Engine/EngineMaterials/MiniFont" 4157
"../../../Engine/Content/EngineMaterials/MiniFont.uasset" 4158
"/Engine/EngineMaterials/WeightMapPlaceholderTexture" 4159
"../../../Engine/Content/EngineMaterials/WeightMapPlaceholderTexture.uasset" 4160
"/Engine/EngineMaterials/WeightMapArrayPlaceholderTexture" 4161
"../../../Engine/Content/EngineMaterials/WeightMapArrayPlaceholderTexture.uasset" 4162
"/Engine/EngineMaterials/DefaultWhiteGrid" 4163
"../../../Engine/Content/EngineMaterials/DefaultWhiteGrid.uasset" 4164
"/Engine/EngineMaterials/PreintegratedSkinBRDF" 4165
"../../../Engine/Content/EngineMaterials/PreintegratedSkinBRDF.uasset" 4166
"/Engine/EngineMaterials/LTC/GGX_LTCAmp" 4167
"../../../Engine/Content/EngineMaterials/LTC/GGX_LTCAmp.uasset" 4168
"/Engine/EngineMaterials/LTC/GGX_LTCMat" 4169
"../../../Engine/Content/EngineMaterials/LTC/GGX_LTCMat.uasset" 4170
"/Engine/EngineMaterials/EnergyConservation/GGX_ReflectionEnergy" 4171
"../../../Engine/Content/EngineMaterials/EnergyConservation/GGX_ReflectionEnergy.uasset" 4172
"/Engine/EngineMaterials/EnergyConservation/GGX_TransmissionEnergyArray" 4173
"../../../Engine/Content/EngineMaterials/EnergyConservation/GGX_TransmissionEnergyArray.uasset" 4174
"/Engine/EngineMaterials/EnergyConservation/SheenLegacy_Energy" 4175
"../../../Engine/Content/EngineMaterials/EnergyConservation/SheenLegacy_Energy.uasset" 4176
"/Engine/EngineMaterials/DefaultPhysicalMaterial" 4177
"../../../Engine/Content/EngineMaterials/DefaultPhysicalMaterial.uasset" 4178
"/Engine/EngineMaterials/DefaultDestructiblePhysicalMaterial" 4179
"../../../Engine/Content/EngineMaterials/DefaultDestructiblePhysicalMaterial.uasset" 4180
"C:/Users/11141/AppData/Local/UnrealEngine/Editor/ProjectEditorRecords.json" 4181
"/Niagara/ParameterDefinitions/SpriteRenderer" 4182
"../../Plugins/FX/Niagara/Content/ParameterDefinitions/SpriteRenderer.uasset" 4183
"/Niagara/ParameterDefinitions/RibbonRenderer" 4184
"../../Plugins/FX/Niagara/Content/ParameterDefinitions/RibbonRenderer.uasset" 4185
"/Niagara/ParameterDefinitions/MeshRenderer" 4186
"../../Plugins/FX/Niagara/Content/ParameterDefinitions/MeshRenderer.uasset" 4187
"/Niagara/ParameterDefinitions/LightRenderer" 4188
"../../Plugins/FX/Niagara/Content/ParameterDefinitions/LightRenderer.uasset" 4189
"/Niagara/ParameterDefinitions/DecalRenderer" 4190
"../../Plugins/FX/Niagara/Content/ParameterDefinitions/DecalRenderer.uasset" 4191
"/Niagara/ParameterDefinitions/CoreParameters" 4192
"../../Plugins/FX/Niagara/Content/ParameterDefinitions/CoreParameters.uasset" 4193
"/DeformerGraph/Deformers/DG_LinearBlendSkin_Morph_Cloth" 4194
"../../Plugins/Animation/DeformerGraph/Content/Deformers/DG_LinearBlendSkin_Morph_Cloth.uasset" 4195
"../../Plugins/Animation/DeformerGraph/Content/DeformerFunctions/DG_Function_LinearBlendSkin_Morph_Cloth.uasset" 4196
"/DeformerGraph/Deformers/DG_LinearBlendSkin_Morph_Cloth_RecomputeNormals" 4197
"../../Plugins/Animation/DeformerGraph/Content/Deformers/DG_LinearBlendSkin_Morph_Cloth_RecomputeNormals.uasset" 4198
"../../Plugins/Animation/DeformerGraph/Content/DeformerFunctions/DG_Function_ComputeNormalsTangents.uasset" 4199
"../../Plugins/Animation/DeformerGraph/Content/DeformerFunctions/DG_Function_LinearBlendSkin_Morph_Cloth_PositionOnly.uasset" 4200
"/Engine/BasicShapes/Sphere" 4201
"../../../Engine/Content/BasicShapes/Sphere.uasset" 4202
"../../../Engine/Content/EngineMaterials/DefaultMaterial.uasset" 4203
"/Engine/BasicShapes/Cylinder" 4204
"../../../Engine/Content/BasicShapes/Cylinder.uasset" 4205
"/Engine/BasicShapes/Cone" 4206
"../../../Engine/Content/BasicShapes/Cone.uasset" 4207
"/Engine/BasicShapes/Plane" 4208
"../../../Engine/Content/BasicShapes/Plane.uasset" 4209
"../../../Engine/Documentation/Source/Shared/Types/ABrush/ABrush.INT.udn" 4210
"../../../Engine/Content/Internationalization/icudt64l/brkitr/zh.res" 4211
"../../../Engine/Content/Internationalization/icudt64l/brkitr/root.res" 4212
"../../../Engine/Content/Internationalization/icudt64l/brkitr/char.brk" 4213
"../../../Engine/Content/Internationalization/icudt64l/brkitr/word.brk" 4214
"/Engine/EditorResources/SequenceRecorder/Countdown" 4215
"../../../Engine/Content/EditorResources/SequenceRecorder/Countdown.uasset" 4216
"/Engine/EditorResources/SequenceRecorder/RecordingIndicator" 4217
"../../../Engine/Content/EditorResources/SequenceRecorder/RecordingIndicator.uasset" 4218
"/Engine/EditorMaterials/PhAT_UnselectedMaterial" 4219
"../../../Engine/Content/EditorMaterials/PhAT_UnselectedMaterial.uasset" 4220
"/Engine/EditorMaterials/PhAT_NoCollisionMaterial" 4221
"../../../Engine/Content/EditorMaterials/PhAT_NoCollisionMaterial.uasset" 4222
"/Engine/EngineFonts/DroidSansMono" 4223
"../../../Engine/Content/EngineFonts/DroidSansMono.uasset" 4224
"../../../Engine/Content/EngineFonts/Faces/DroidSansMono.uasset" 4225
"/Engine/EditorResources/S_Terrain" 4226
"../../../Engine/Content/EditorResources/S_Terrain.uasset" 4227
"../../../Engine/Plugins/FX/Niagara/Shaders/Private/NiagaraDataInterfaceTexture2DArrayTemplate.ush" 4228
"../../../Engine/Plugins/FX/Niagara/Shaders/Private/NiagaraDataInterfaceActorComponentTemplate.ush" 4229
"../../../Engine/Plugins/FX/Niagara/Shaders/Private/NiagaraDataInterfaceArrayTemplate.ush" 4230
"../../../Engine/Plugins/FX/Niagara/Shaders/Private/NiagaraDataInterfaceArrayRWTemplate.ush" 4231
"../../../Engine/Plugins/FX/Niagara/Shaders/Private/NiagaraDataInterfaceAsyncGpuTrace.ush" 4232
"../../../Engine/Plugins/FX/Niagara/Shaders/Private/NiagaraDataInterfaceAsyncGpuTraceTemplate.ush" 4233
"../../../Engine/Plugins/FX/Niagara/Shaders/Private/NiagaraDataInterfaceCamera.ush" 4234
"../../../Engine/Plugins/Experimental/ChaosNiagara/Shaders/NiagaraDataInterfaceChaosDestruction.ush" 4235
"../../../Engine/Plugins/FX/Niagara/Shaders/Private/NiagaraDataInterfaceCollisionQuery.ush" 4236
"D:/CG/UE/VFX01/Slime/Intermediate/ShaderAutogen/PCD3D_SM5/AutogenShaderHeaders.ush" 4237
"../../../Engine/Plugins/FX/Niagara/Shaders/Private/NiagaraDataInterfaceCollisionQueryTemplate.ush" 4238
"../../../Engine/Plugins/FX/Niagara/Shaders/Private/NiagaraDataInterfaceCurveTemplate.ush" 4239
"../../../Engine/Plugins/FX/Niagara/Shaders/Private/NiagaraDataInterfaceCubeTextureTemplate.ush" 4240
"../../../Engine/Plugins/FX/Niagara/Shaders/Private/DataChannel/NiagaraDataInterfaceDataChannelCommon.ush" 4241
"../../../Engine/Plugins/FX/Niagara/Shaders/Private/DataChannel/NiagaraDataInterfaceDataChannelTemplateCommon.ush" 4242
"../../../Engine/Plugins/FX/Niagara/Shaders/Private/DataChannel/NiagaraDataInterfaceDataChannelTemplateReadCommon.ush" 4243
"../../../Engine/Plugins/FX/Niagara/Shaders/Private/DataChannel/NiagaraDataInterfaceDataChannelTemplate_Read.ush" 4244
"../../../Engine/Plugins/FX/Niagara/Shaders/Private/DataChannel/NiagaraDataInterfaceDataChannelTemplate_Consume.ush" 4245
"../../../Engine/Plugins/FX/Niagara/Shaders/Private/DataChannel/NiagaraDataInterfaceDataChannelTemplateWriteCommon.ush" 4246
"../../../Engine/Plugins/FX/Niagara/Shaders/Private/DataChannel/NiagaraDataInterfaceDataChannelTemplate_Append.ush" 4247
"../../../Engine/Plugins/FX/Niagara/Shaders/Private/NiagaraDataInterfaceDataTableTemplate.ush" 4248
"../../../Engine/Plugins/FX/Niagara/Shaders/Private/NiagaraDataInterfaceDebugDraw.ush" 4249
"../../../Engine/Plugins/FX/Niagara/Shaders/Private/NiagaraDataInterfaceDebugDrawTemplate.ush" 4250
"../../../Engine/Plugins/FX/Niagara/Shaders/Private/NiagaraDataInterfaceDynamicMeshTemplate.ush" 4251
"../../../Engine/Plugins/FX/Niagara/Shaders/Private/NiagaraDataInterfaceEmitterPropertiesTemplate.ush" 4252
"../../../Engine/Plugins/FX/Niagara/Shaders/Private/NiagaraDataInterfaceExportTemplate.ush" 4253
"../../../Engine/Plugins/FX/Niagara/Shaders/Private/NiagaraDataInterfaceGBufferTemplate.ush" 4254
"../../../Engine/Plugins/Experimental/ChaosNiagara/Shaders/NiagaraDataInterfaceGeometryCollection.ush" 4255
"../../../Engine/Plugins/FX/Niagara/Shaders/Private/NiagaraTransformUtils.ush" 4256
"../../../Engine/Plugins/Runtime/HairStrands/Shaders/Private/NiagaraStrandsExternalForce.ush" 4257
"../../../Engine/Plugins/Runtime/HairStrands/Shaders/Private/NiagaraHookeSpringMaterial.ush" 4258
"../../../Engine/Plugins/Runtime/HairStrands/Shaders/Private/NiagaraAngularSpringMaterial.ush" 4259
"../../../Engine/Plugins/Runtime/HairStrands/Shaders/Private/NiagaraConstantVolumeMaterial.ush" 4260
"../../../Engine/Plugins/Runtime/HairStrands/Shaders/Private/NiagaraCosseratRodMaterial.ush" 4261
"../../../Engine/Plugins/Runtime/HairStrands/Shaders/Private/NiagaraStaticCollisionConstraint.ush" 4262
"../../../Engine/Plugins/Runtime/HairStrands/Shaders/Private/NiagaraDataInterfaceHairStrands.ush" 4263
"../../../Engine/Plugins/Runtime/HairStrands/Shaders/Private/NiagaraDataInterfaceHairStrandsTemplate.ush" 4264
"../../../Engine/Plugins/FX/Niagara/Shaders/Private/NiagaraDataInterfaceIntRenderTarget2D.ush" 4265
"../../../Engine/Plugins/FX/Niagara/Shaders/Private/NiagaraDataInterfaceLandscape.ush" 4266
"../../../Engine/Plugins/FX/Niagara/Shaders/Private/NiagaraDataInterfaceMemoryBufferTemplate.ush" 4267
"../../../Engine/Plugins/FX/Niagara/Shaders/Private/NiagaraDataInterfaceMeshRendererInfoTemplate.ush" 4268
"../../../Engine/Plugins/FX/Niagara/Shaders/Private/NiagaraDataInterfaceOcclusion.ush" 4269
"../../../Engine/Plugins/FX/Niagara/Shaders/Private/NiagaraDataInterfacePhysicsAsset.ush" 4270
"../../../Engine/Plugins/Experimental/ChaosNiagara/Shaders/NiagaraDataInterfacePhysicsField.ush" 4271
"../../../Engine/Plugins/FX/Niagara/Shaders/Private/NiagaraDataInterfacePlatformSetTemplate.ush" 4272
"../../../Engine/Plugins/Runtime/HairStrands/Shaders/Private/NiagaraDataInterfaceVelocityGrid.ush" 4273
"../../../Engine/Plugins/Runtime/HairStrands/Shaders/Private/NiagaraDataInterfaceVelocityGridTemplate.ush" 4274
"../../../Engine/Plugins/Runtime/HairStrands/Shaders/Private/NiagaraDataInterfacePressureGrid.ush" 4275
"../../../Engine/Plugins/Runtime/HairStrands/Shaders/Private/NiagaraDataInterfacePressureGridTemplate.ush" 4276
"../../../Engine/Plugins/FX/Niagara/Shaders/Private/NiagaraDataInterfaceRenderTarget2DTemplate.ush" 4277
"../../../Engine/Plugins/FX/Niagara/Shaders/Private/NiagaraDataInterfaceRenderTarget2DArrayTemplate.ush" 4278
"../../../Engine/Plugins/FX/Niagara/Shaders/Private/NiagaraDataInterfaceRenderTargetCubeTemplate.ush" 4279
"../../../Engine/Plugins/FX/Niagara/Shaders/Private/NiagaraDataInterfaceRenderTargetVolumeTemplate.ush" 4280
"../../../Engine/Plugins/FX/Niagara/Shaders/Private/NiagaraDataInterfaceRigidMeshCollisionQuery.ush" 4281
"../../../Engine/Plugins/FX/Niagara/Shaders/Private/NiagaraDistanceFieldQueries.ush" 4282
"../../../Engine/Plugins/FX/Niagara/Shaders/Private/NiagaraDataInterfaceSceneCapture2DTemplate.ush" 4283
"../../../Engine/Plugins/FX/Niagara/Shaders/Private/NiagaraDataInterfaceSimCacheReaderTemplate.ush" 4284
"../../../Engine/Plugins/FX/Niagara/Shaders/Private/NiagaraDataInterfaceSimpleCounterTemplate.ush" 4285
"../../../Engine/Plugins/FX/Niagara/Shaders/Private/NiagaraDataInterfaceSkeletalMesh.ush" 4286
"../../../Engine/Plugins/FX/Niagara/Shaders/Private/NiagaraBaryCentricUtils.ush" 4287
"../../../Engine/Plugins/FX/Niagara/Shaders/Private/NiagaraDataInterfaceSkeletalMeshTemplate.ush" 4288
"../../../Engine/Plugins/FX/Niagara/Shaders/Private/NiagaraDataInterfaceSocketReaderTemplate.ush" 4289
"../../../Engine/Plugins/FX/Niagara/Shaders/Private/NiagaraDataInterfaceSparseVolumeTextureTemplate.ush" 4290
"../../../Engine/Plugins/FX/Niagara/Shaders/Private/NiagaraDataInterfaceSplineTemplate.ush" 4291
"../../../Engine/Plugins/FX/Niagara/Shaders/Private/NiagaraDataInterfaceSpriteRendererInfoTemplate.ush" 4292
"../../../Engine/Plugins/FX/Niagara/Shaders/Private/NiagaraDataInterfaceStaticMeshTemplate.ush" 4293
"../../../Engine/Plugins/FX/Niagara/Shaders/Private/NiagaraDataInterfaceTextureTemplate.ush" 4294
"../../../Engine/Plugins/FX/Niagara/Shaders/Private/NiagaraDataInterfaceVirtualTexture.ush" 4295
"../../../Engine/Plugins/FX/Niagara/Shaders/Private/NiagaraDataInterfaceVirtualTextureTemplate.ush" 4296
"../../../Engine/Plugins/FX/Niagara/Shaders/Private/NiagaraDataInterfaceVolumeCache.ush" 4297
"../../../Engine/Plugins/FX/Niagara/Shaders/Private/NiagaraDataInterfaceVolumeTextureTemplate.ush" 4298
"../../../Engine/Content/EngineSounds/Submixes/MasterReverbEffectPreset.uasset" 4299
"../../../Engine/Content/EngineSounds/Submixes/MasterEQEffectPreset.uasset" 4300
"../../../Engine/Content/EngineSounds/Submixes/MasterEQSubmixDefault.uasset" 4301
"../../../Engine/Content/EngineSounds/Submixes/MasterReverbSubmixDefault.uasset" 4302
"../../../Engine/Content/EngineSounds/Submixes/MasterSubmixDefault.uasset" 4303
"../../../Engine/Content/Functions/Engine_MaterialFunctions02/WorldPositionOffset/ObjectPivotPoint.uasset" 4304
"/Engine/EngineSounds/Submixes/MasterReverbEffectPreset" 4305
"/Engine/EngineSounds/Submixes/MasterEQEffectPreset" 4306
"/Engine/EngineSounds/Submixes/MasterEQSubmixDefault" 4307
"/Game/RPGTinyFantasyForest/Mesh/Rock/SM_RockL" 4308
"/Game/RPGTinyFantasyForest/Mesh/Rock/SM_RockG" 4309
"/Game/RPGTinyFantasyForest/Mesh/Rock/SM_RockF" 4310
"/Game/RPGTinyFantasyForest/Mesh/Rock/SM_RockCliffF" 4311
"/Game/RPGTinyFantasyForest/Mesh/Rock/SM_RockCliffE" 4312
"/Game/RPGTinyFantasyForest/Mesh/Rock/SM_RockA" 4313
"/Game/RPGTinyFantasyForest/Mesh/Rock/RockTypeAsset/SM_CobbleF_FoliageType" 4314
"/Game/RPGTinyFantasyForest/Mesh/Rock/SM_CobbleE" 4315
"/Game/RPGTinyFantasyForest/Mesh/Rock/RockTypeAsset/SM_CobbleE_FoliageType" 4316
"/Game/RPGTinyFantasyForest/Mesh/Rock/SM_CobbleD" 4317
"/Game/RPGTinyFantasyForest/Mesh/Rock/RockTypeAsset/SM_CobbleD_FoliageType" 4318
"/Game/RPGTinyFantasyForest/Mesh/Rock/SM_CobbleB" 4319
"/Game/RPGTinyFantasyForest/Mesh/Rock/RockTypeAsset/SM_CobbleB_FoliageType" 4320
"/Game/RPGTinyFantasyForest/Mesh/Rock/SM_CobbleA" 4321
"/Game/LevelPrototyping/Interactable/Door/BP_DoorFrame" 4322
"../../../Engine/Content/EditorBlueprintResources/StandardMacros.uasset" 4323
"../../Plugins/FX/Niagara/Content/DynamicInputs/TypeConversions/VectorFromFloat.uasset" 4324
"../../Plugins/FX/Niagara/Content/DynamicInputs/UniformRange/V2/RandomRangeFloat.uasset" 4325
"../../Plugins/FX/Niagara/Content/DynamicInputs/ValueFromCurve/FloatFromCurve.uasset" 4326
"../../Plugins/FX/Niagara/Content/Modules/Emitter/EmitterState.uasset" 4327
"../../Plugins/FX/Niagara/Content/Modules/Emitter/SpawnBurst_Instantaneous.uasset" 4328
"../../Plugins/FX/Niagara/Content/Modules/Emitter/SpawnRate.uasset" 4329
"../../Plugins/FX/Niagara/Content/Modules/Solvers/SolveForcesAndVelocity.uasset" 4330
"../../Plugins/FX/Niagara/Content/Modules/Spawn/Initialization/V2/InitializeParticle.uasset" 4331
"../../Plugins/FX/Niagara/Content/Modules/Spawn/Location/StaticMeshLocation.uasset" 4332
"../../Plugins/FX/Niagara/Content/Modules/Spawn/Velocity/AddVelocity.uasset" 4333
"../../Plugins/FX/Niagara/Content/Modules/System/SystemState.uasset" 4334
"../../Plugins/FX/Niagara/Content/Modules/Update/Color/ScaleColor.uasset" 4335
"../../Plugins/FX/Niagara/Content/Modules/Update/Forces/Drag.uasset" 4336
"../../Plugins/FX/Niagara/Content/Modules/Update/Lifetime/ParticleState.uasset" 4337
"../../Plugins/FX/Niagara/Content/Modules/Update/Orientation/V2/MeshRotationForce.uasset" 4338
"../../Plugins/FX/Niagara/Content/Modules/Update/Size/ScaleMeshSize.uasset" 4339
"../../Plugins/FX/Niagara/Content/Enums/Angles/ENiagara_AngleInput.uasset" 4340
"../../Plugins/FX/Niagara/Content/Enums/ENiagara_AttributeSamplingApplyOutput.uasset" 4341
"../../Plugins/FX/Niagara/Content/Enums/ENiagara_ColorInitializationMode.uasset" 4342
"../../Plugins/FX/Niagara/Content/Enums/ENiagara_EmitterStateOptions.uasset" 4343
"../../Plugins/FX/Niagara/Content/Enums/ENiagara_InfiniteLoopDuration.uasset" 4344
"../../Plugins/FX/Niagara/Content/Enums/ENiagara_LifetimeMode.uasset" 4345
"../../Plugins/FX/Niagara/Content/Enums/ENiagara_MassInitializationMode.uasset" 4346
"../../Plugins/FX/Niagara/Content/Enums/ENiagara_PositionInitializationMode.uasset" 4347
"../../Plugins/FX/Niagara/Content/Enums/ENiagara_SizeScaleMode.uasset" 4348
"../../Plugins/FX/Niagara/Content/Enums/ENiagara_SpriteRotationMode.uasset" 4349
"../../Plugins/FX/Niagara/Content/Enums/ENiagara_UVFlippingMode.uasset" 4350
"../../Plugins/FX/Niagara/Content/Enums/ENiagaraChannelCorrelation.uasset" 4351
"../../Plugins/FX/Niagara/Content/Enums/ENiagaraEmitterLifeCycleMode.uasset" 4352
"../../Plugins/FX/Niagara/Content/Enums/ENiagaraEmitterScalabilityMode_Limited.uasset" 4353
"../../Plugins/FX/Niagara/Content/Enums/ENiagaraInactiveMode.uasset" 4354
"../../Plugins/FX/Niagara/Content/Enums/ENiagaraMeshTransforms.uasset" 4355
"../../Plugins/FX/Niagara/Content/Enums/ENiagaraRandomnessEvaluation.uasset" 4356
"../../Plugins/FX/Niagara/Content/Enums/ENiagaraRandomnessMode.uasset" 4357
"../../Plugins/FX/Niagara/Content/Enums/ENiagaraScaleColorMode.uasset" 4358
"../../Plugins/FX/Niagara/Content/Enums/ENiagaraSkelMeshPositionSamplingMode.uasset" 4359
"../../Plugins/FX/Niagara/Content/Enums/ENiagaraSkelMeshTransforms.uasset" 4360
"../../Plugins/FX/Niagara/Content/Enums/ENiagaraSystemInactiveMode.uasset" 4361
"../../Plugins/FX/Niagara/Content/Enums/Ribbons/ENiagara_UnsetDirectSet.uasset" 4362
"../../Plugins/FX/Niagara/Content/Enums/Ribbons/ENiagara_UnsetDirectSetRandom.uasset" 4363
"../../Plugins/FX/Niagara/Content/Enums/StaticMesh/ENiagara_StaticSamplingMode.uasset" 4364
"../../Plugins/FX/Niagara/Content/Enums/StaticMesh/ENiagara_StaticSocketMode.uasset" 4365
"../../Plugins/FX/Niagara/Content/Enums/StaticMesh/ENiagara_StaticTriangleMode.uasset" 4366
"../../Plugins/FX/Niagara/Content/Enums/StaticMesh/ENiagara_StaticVertexMode.uasset" 4367
"../../Plugins/FX/Niagara/Content/Enums/Transforms/ENiagara_RotationMode.uasset" 4368
"../../Plugins/FX/Niagara/Content/Enums/Utility/ENiagara_VelocityMode.uasset" 4369
"../../Plugins/FX/Niagara/Content/DynamicInputs/Multiply/Multiply_Vector.uasset" 4370
"../../Plugins/FX/Niagara/Content/DynamicInputs/Subtract/Subtract_Position.uasset" 4371
"../../Plugins/FX/Niagara/Content/DynamicInputs/Vectors/CrossProduct.uasset" 4372
"../../Plugins/FX/Niagara/Content/Modules/Spawn/Location/V2/ShapeLocation.uasset" 4373
"../../Plugins/FX/Niagara/Content/Modules/Update/SubUV/V2/SubUVAnimation.uasset" 4374
"../../Plugins/FX/Niagara/Content/Enums/ENiagara_SubUVLookupModeV2.uasset" 4375
"../../Plugins/FX/Niagara/Content/Enums/ENiagara_WrapClamp.uasset" 4376
"../../Plugins/FX/Niagara/Content/Enums/ENiagaraMeshOrSprite.uasset" 4377
"../../Plugins/FX/Niagara/Content/Enums/ENiagaraShapeTorusMode.uasset" 4378
"../../Plugins/FX/Niagara/Content/Enums/ENiagaraSphereDistributionMode.uasset" 4379
"../../Plugins/FX/Niagara/Content/Enums/ENiagaraTorusDistributionMode.uasset" 4380
"../../Plugins/FX/Niagara/Content/Enums/Location/ENiagara_BoxPlaneMode.uasset" 4381
"../../Plugins/FX/Niagara/Content/Enums/Location/ENiagara_ConeMode.uasset" 4382
"../../Plugins/FX/Niagara/Content/Enums/Location/ENiagara_CylinderMode.uasset" 4383
"../../Plugins/FX/Niagara/Content/Enums/Location/ENiagara_LocationShapes.uasset" 4384
"../../Plugins/FX/Niagara/Content/Enums/Location/ENiagaraRingDiscMode.uasset" 4385
"../../Plugins/FX/Niagara/Content/Enums/SpriteRenderer/ENiagara_AutomaticManual.uasset" 4386
"../../Plugins/FX/Niagara/Content/Enums/SpriteRenderer/ENiagara_FPSPlayrate.uasset" 4387
"../../Plugins/FX/Niagara/Content/Enums/Transforms/ENiagara_OffsetMode.uasset" 4388
"../../Plugins/FX/Niagara/Content/Enums/Transforms/ENiagara_ScaleMode.uasset" 4389
"../../Plugins/FX/Niagara/Content/Enums/Transforms/ENiagara_TransformOrder.uasset" 4390
"../../Plugins/FX/Niagara/Content/Enums/Transforms/ENiagara_TransformType.uasset" 4391
"../../Plugins/FX/Niagara/Content/DefaultAssets/DefaultRIbbonMaterial.uasset" 4392
"../../Plugins/FX/Niagara/Content/DefaultAssets/DefaultSpriteMaterial.uasset" 4393
"../../Plugins/FX/Niagara/Content/DynamicInputs/UniformRange/V2/RandomRangeVector.uasset" 4394
"../../Plugins/FX/Niagara/Content/DynamicInputs/ValueFromCurve/VectorFromCurve.uasset" 4395
"../../Plugins/FX/Niagara/Content/DynamicInputs/Vectors/Position/AddVectorToPosition.uasset" 4396
"../../Plugins/FX/Niagara/Content/Modules/Events/GenerateLocationEvent.uasset" 4397
"../../Plugins/FX/Niagara/Content/Modules/Events/ReceiveLocationEvent.uasset" 4398
"../../Plugins/FX/Niagara/Content/Modules/Spawn/Velocity/AddVelocityInCone.uasset" 4399
"../../Plugins/FX/Niagara/Content/Modules/Update/Size/ScaleSpriteSizeBySpeed.uasset" 4400
"../../Plugins/FX/Niagara/Content/Enums/Events/ENiagara_LocEventType.uasset" 4401
"../../Plugins/FX/Niagara/Content/Functions/V2/CalculateRandomRangeFloat.uasset" 4402
"../../Plugins/FX/Niagara/Content/Functions/Emitter/EmitterChangeState.uasset" 4403
"../../Plugins/FX/Niagara/Content/Icons/Modules/T_Icon_Scalability_Emitter.uasset" 4404
"../../Plugins/FX/Niagara/Content/Icons/Modules/T_Icon_Scalability_System.uasset" 4405
"../../Plugins/FX/Niagara/Content/Functions/RandomRangeFloat.uasset" 4406
"../../Plugins/FX/Niagara/Content/Functions/DirectionAndLengthSafe.uasset" 4407
"../../Plugins/FX/Niagara/Content/Functions/Drag/DragVelocity.uasset" 4408
"../../Plugins/FX/Niagara/Content/Functions/Math/CentimeterMeterConversion.uasset" 4409
"../../Plugins/FX/Niagara/Content/Functions/Rotation/MultiplyVectorWithQuaternion.uasset" 4410
"../../Plugins/FX/Niagara/Content/Modules/Solvers/ApplyRotationVector.uasset" 4411
"../../Plugins/FX/Niagara/Content/Icons/Modules/T_Icon_Solver_LimitAccel.uasset" 4412
"../../Plugins/FX/Niagara/Content/Icons/Modules/T_Icon_Solver_LimitSpeed.uasset" 4413
"../../Plugins/FX/Niagara/Content/Icons/Modules/T_Icon_Solver_RotationalSolve.uasset" 4414
"../../Plugins/FX/Niagara/Content/Functions/LinearColor/HueShiftLinearColor.uasset" 4415
"../../Plugins/FX/Niagara/Content/Functions/Localspace/SimulationPosition.uasset" 4416
"../../Plugins/FX/Niagara/Content/Functions/Localspace/TransformVector.uasset" 4417
"../../Plugins/FX/Niagara/Content/Functions/V2/CalculateRandomBool.uasset" 4418
"../../Plugins/FX/Niagara/Content/Functions/V2/CalculateRandomRange.uasset" 4419
"../../Plugins/FX/Niagara/Content/Functions/V2/CalculateRandomRangeInteger.uasset" 4420
"../../Plugins/FX/Niagara/Content/Functions/Localspace/TransformPosition.uasset" 4421
"../../Plugins/FX/Niagara/Content/Functions/Rotation/MakeQuaternionFrom3BasisVectors.uasset" 4422
"../../Plugins/FX/Niagara/Content/Functions/Rotation/MultiplyQuaternion.uasset" 4423
"../../Plugins/FX/Niagara/Content/Functions/Math/CalculateRandomPointInConeSphereIntersection.uasset" 4424
"../../Plugins/FX/Niagara/Content/Functions/Math/SaturateFloat.uasset" 4425
"../../Plugins/FX/Niagara/Content/Functions/Rotation/AngleUnitConverter.uasset" 4426
"../../Plugins/FX/Niagara/Content/Functions/Rotation/AxisAngleToQuaternion.uasset" 4427
"../../Plugins/FX/Niagara/Content/Functions/Rotation/FindQuatBetween.uasset" 4428
"../../Plugins/FX/Niagara/Content/Functions/Rotation/InvertQuaternion.uasset" 4429
"../../Plugins/FX/Niagara/Content/Functions/Rotation/TransformStack/TransformStack_Rotation.uasset" 4430
"../../Plugins/FX/Niagara/Content/Functions/Rotation/XYZRotationToQuaternion.uasset" 4431
"../../Plugins/FX/Niagara/Content/Functions/V2/CalculateRandomUnitVector.uasset" 4432
"../../Plugins/FX/Niagara/Content/Functions/V2/DistanceBasedFalloff.uasset" 4433
"../../Plugins/FX/Niagara/Content/Functions/System/SystemChangeState.uasset" 4434
"../../Plugins/FX/Niagara/Content/Icons/Modules/T_Icon_Particle_InfiniteLife.uasset" 4435
"../../Plugins/FX/Niagara/Content/Functions/NormalizedExecutionIndex.uasset" 4436
"../../Plugins/FX/Niagara/Content/Functions/ParametricTorus.uasset" 4437
"../../Plugins/FX/Niagara/Content/Functions/ParametricTorusKnot.uasset" 4438
"../../Plugins/FX/Niagara/Content/Functions/PolarToCartesianCoordinates.uasset" 4439
"../../Plugins/FX/Niagara/Content/Functions/RandomPointInBox.uasset" 4440
"../../Plugins/FX/Niagara/Content/Functions/Rotation/RotateVector2D.uasset" 4441
"../../Plugins/FX/Niagara/Content/Functions/SphericalToCartesianCoordinates.uasset" 4442
"../../Plugins/FX/Niagara/Content/Functions/V2/RemapRange.uasset" 4443
"../../Plugins/FX/Niagara/Content/Enums/ENiagaraExpansionMode.uasset" 4444
"../../Plugins/FX/Niagara/Content/Functions/Helpers/SetBoolByTimer.uasset" 4445
"../../Plugins/FX/Niagara/Content/Functions/RandomRangeInteger.uasset" 4446
"../../Plugins/FX/Niagara/Content/Enums/ENiagara_SubUVLookupMode.uasset" 4447
"../../Plugins/FX/Niagara/Content/Functions/Helpers/AdvancePositionWithAcceleration.uasset" 4448
"../../Plugins/FX/Niagara/Content/DefaultAssets/Structs/LocationEvent_V2.uasset" 4449
"../../Plugins/FX/Niagara/Content/Functions/Math/RemapValueRange.uasset" 4450
"../../Plugins/FX/Niagara/Content/Functions/RandomVectorInCone.uasset" 4451
"../../Plugins/FX/Niagara/Content/Functions/GetRandomInfo.uasset" 4452
"../../Plugins/FX/Niagara/Content/Functions/Localspace/TransformBase.uasset" 4453
"../../Plugins/FX/Niagara/Content/Functions/Rotation/MatrixToQuaternion.uasset" 4454
"../../Plugins/FX/Niagara/Content/Functions/NormalizeDistanceRange.uasset" 4455
"../../Plugins/FX/Niagara/Content/Functions/IsolateLongestVectorComponent.uasset" 4456
"/Game/RPGTinyFantasyForest/Mesh/BuildingUtilityDeco/SM_GateA" 4457
"/Game/RPGTinyFantasyForest/Mesh/BuildingUtilityDeco/SM_RampA" 4458
"/Game/RPGTinyFantasyForest/Material/MI_Tree" 4459
"/Game/RPGTinyFantasyForest/Mesh/TreePlant/SM_TreeB" 4460
"/Game/RPGTinyFantasyForest/Mesh/TreePlant/FoliageTypeAsset/SM_TreeB_FoliageType" 4461
"/Game/RPGTinyFantasyForest/Mesh/TreePlant/SM_GrassA" 4462
"/Game/RPGTinyFantasyForest/Mesh/TreePlant/FoliageTypeAsset/SM_GrassA_FoliageType" 4463
"/Game/RPGTinyFantasyForest/Mesh/TreePlant/SM_FlowerA" 4464
"/Game/RPGTinyFantasyForest/Mesh/TreePlant/FoliageTypeAsset/SM_FlowerA_FoliageType" 4465
"/Game/RPGTinyFantasyForest/Mesh/BuildingUtilityDeco/SM_StairA" 4466
"/Game/RPGTinyFantasyForest/Mesh/BuildingUtilityDeco/SM_TreeStump" 4467
"/Game/RPGTinyFantasyForest/Mesh/GroundPadding/SM_GroundPaddingFA" 4468
"/Game/RPGTinyFantasyForest/Mesh/GroundPadding/SM_GroundPaddingFB" 4469
"/Game/RPGTinyFantasyForest/Mesh/GroundPadding/SM_GroundPaddingFC" 4470
"/Game/RPGTinyFantasyForest/Mesh/GroundPadding/SM_GroundPaddingFD" 4471
"/Game/RPGTinyFantasyForest/Mesh/LandMass/SM_LM100RND" 4472
"/Game/RPGTinyFantasyForest/Mesh/LandMass/SM_LM20" 4473
"/Game/RPGTinyFantasyForest/Mesh/LandMass/SM_LM40RND" 4474
"/Game/RPGTinyFantasyForest/Mesh/Mountain/SM_RockMountainE" 4475
"/Game/RPGTinyFantasyForest/Mesh/Mountain/SM_RockMountainG" 4476
"/Game/RPGTinyFantasyForest/Mesh/Rock/SM_CobbleC" 4477
"/Game/RPGTinyFantasyForest/Mesh/Rock/RockTypeAsset/SM_CobbleC_FoliageType" 4478
"/Game/RPGTinyFantasyForest/Mesh/RiverLakeRoadFall/SM_RoadAA" 4479
"/Game/RPGTinyFantasyForest/Mesh/RiverLakeRoadFall/SM_RoadCA" 4480
"/Game/RPGTinyFantasyForest/Mesh/RiverLakeRoadFall/SM_RoadEA" 4481
"/Game/RPGTinyFantasyForest/Mesh/Rock/RockTypeAsset/SM_CobbleA_FoliageType" 4482
"../../../Engine/Content/EditorMeshes/ArcadeEditorSphere.uasset" 4483
"../../../Engine/Content/Functions/Engine_MaterialFunctions01/Density/ExponentialDensity.uasset" 4484
"../../../Engine/Content/Functions/Engine_MaterialFunctions01/Gradient/RadialGradientExponential.uasset" 4485
"../../../Engine/Content/EngineSky/C_Sky_Horizon_Color.uasset" 4486
"../../../Engine/Content/EngineSky/SM_SkySphere.uasset" 4487
"../../../Engine/Content/EngineSky/T_Sky_Blue.uasset" 4488
"../../../Engine/Content/EngineSky/C_Sky_Zenith_Color.uasset" 4489
"../../../Engine/Content/EngineSky/C_Sky_Cloud_Color.uasset" 4490
"/Game/RPGTinyFantasyForest/Material/MI_Portal01" 4491
"/Game/RPGTinyFantasyForest/MagicDoor/MagicDoor" 4492
"/Game/RPGTinyFantasyForest/MagicDoor/BP_TransGate" 4493
"/Game/RPGTinyFantasyForest/FloatingLeaf/FloatingLeaf1" 4494
"/Game/RPGTinyFantasyForest/FloatingLeaf/FloatingLeaf" 4495
"../../../Engine/Plugins/Interchange/Assets/Content/gltf/MaterialFunctions/MF_Clearcoat.uasset" 4496
"../../../Engine/Content/EngineSky/BP_Sky_Sphere.uasset" 4497
"../../../Engine/Content/EngineSky/T_Sky_Clouds_M.uasset" 4498
"../../../Engine/Plugins/Interchange/Assets/Content/gltf/MaterialFunctions/MF_Emissive.uasset" 4499
"../../../Engine/Content/Functions/Engine_MaterialFunctions01/Texturing/FlattenNormal.uasset" 4500
"../../../Engine/Content/EngineSky/T_Sky_Stars.uasset" 4501
"../../../Engine/Plugins/Interchange/Assets/Content/gltf/Textures/T_Anisotropy_Direction_Linear.uasset" 4502
"../../../Engine/Content/EngineSky/M_Sky_Panning_Clouds2.uasset" 4503
"../../../Engine/Plugins/Interchange/Assets/Content/gltf/MaterialBodies/MF_ClearCoat_Body.uasset" 4504
"/Game/RPGTinyFantasyForest/Wind/BP_AntiWindZone" 4505
"/Game/RPGTinyFantasyForest/MagicDoor/MagicDoor1" 4506
"/Game/RPGTinyFantasyForest/Map/MainMenuBG" 4507
"/Game/Characters/rhythm/baomu" 4508
"/Engine/EngineSky/T_Sky_Blue" 4509
"/Game/Characters/rhythm/EndMenu" 4510
"/Engine/EditorMeshes/ArcadeEditorSphere" 4511
"/Game/Pickups/HighLight_Inst" 4512
"/Engine/EngineSky/C_Sky_Cloud_Color" 4513
"/Engine/EngineSky/C_Sky_Horizon_Color" 4514
"/Engine/EngineSky/C_Sky_Zenith_Color" 4515
"/Game/Characters/rhythm/baomuTrigger" 4516
"/Game/Pickups/BP_EndPoint" 4517
"/Game/Pickups/BP_pickup1" 4518
"/Game/Pickups/BP_pickupBig" 4519
"/Game/RPGTinyFantasyForest/Wind/WindO" 4520
"../../../Engine/Plugins/Interchange/Assets/Content/gltf/MaterialFunctions/MF_Specular.uasset" 4521
"../../../Engine/Plugins/Interchange/Assets/Content/gltf/MaterialFunctions/MF_ScaleNormal.uasset" 4522
"../../../Engine/Plugins/Interchange/Assets/Content/gltf/MaterialFunctions/MF_SpecularAnisotropy.uasset" 4523
"../../../Engine/Plugins/Interchange/Assets/Content/gltf/Textures/T_Generic_N.uasset" 4524
"../../../Engine/Plugins/Interchange/Assets/Content/Functions/MF_IridescenceNoLUT.uasset" 4525
"../../../Engine/Plugins/Interchange/Assets/Content/gltf/MaterialFunctions/MF_Iridescence.uasset" 4526
"../../../Engine/Plugins/Interchange/Assets/Content/gltf/MaterialFunctions/MF_Occlusion.uasset" 4527
"../../../Engine/Plugins/Interchange/Assets/Content/gltf/MaterialFunctions/MF_TransformUVs.uasset" 4528
"../../../Engine/Plugins/Interchange/Assets/Content/gltf/Textures/T_White_Linear.uasset" 4529
"../../../Engine/Content/Functions/Engine_MaterialFunctions03/Math/RemapValueRange.uasset" 4530
"../../../Engine/Plugins/Interchange/Assets/Content/gltf/MaterialFunctions/MF_IOR.uasset" 4531
"../../../Engine/Plugins/Interchange/Assets/Content/gltf/MaterialFunctions/MF_Normals.uasset" 4532
"../../../Engine/Plugins/Interchange/Assets/Content/gltf/Textures/T_White_srgb.uasset" 4533
"../../../Engine/Plugins/Interchange/Assets/Content/gltf/MaterialFunctions/MF_RotateNormals_TS.uasset" 4534
"../../../Engine/Plugins/Interchange/Assets/Content/gltf/MaterialFunctions/MF_RotateV2.uasset" 4535
"../../../Engine/Plugins/Interchange/Assets/Content/gltf/MaterialFunctions/MF_MetallicRoughness.uasset" 4536
"../../../Engine/Plugins/Interchange/Assets/Content/Utilities/New_LUT.uasset" 4537
"../../../Engine/Plugins/Interchange/Assets/Content/gltf/MaterialFunctions/MF_BaseColor.uasset" 4538
"../../../Engine/Plugins/Interchange/Assets/Content/Functions/MF_Iridescence.uasset" 4539
"../../../Engine/Plugins/Interchange/Assets/Content/gltf/M_ClearCoat.uasset" 4540
"/InterchangeAssets/gltf/Textures/T_Anisotropy_Direction_Linear" 4541
"/Engine/Functions/Engine_MaterialFunctions01/Texturing/FlattenNormal" 4542
"/Game/Characters/BP_GM_Slime" 4543
"/Game/RPGTinyFantasyForest/Map/WindVelly" 4544
"../../../Engine/Plugins/Interchange/Assets/Content/gltf/MaterialInstances/MI_ClearCoat_Blend_DS.uasset" 4545
"../../../Engine/Plugins/Interchange/Assets/Content/gltf/MaterialInstances/MI_ClearCoat_Opaque.uasset" 4546
"../../../Engine/Plugins/Interchange/Assets/Content/gltf/MaterialInstances/MI_ClearCoat_Opaque_DS.uasset" 4547
"../../../Engine/Plugins/Interchange/Assets/Content/gltf/MaterialInstances/MI_ClearCoat_Mask_DS.uasset" 4548
"../../../Engine/Plugins/Interchange/Assets/Content/gltf/MaterialInstances/MI_ClearCoat_Mask.uasset" 4549
"../../../Engine/Plugins/Interchange/Assets/Content/gltf/MaterialInstances/MI_ClearCoat_Blend.uasset" 4550
"/InterchangeAssets/gltf/MaterialFunctions/MF_Emissive" 4551
"../../../Engine/Plugins/Interchange/Assets/Content/gltf/MaterialInstances/MI_Default_Opaque.uasset" 4552
"../../../Engine/Plugins/Interchange/Assets/Content/gltf/MaterialBodies/MF_Default_Body.uasset" 4553
"../../../Engine/Plugins/Interchange/Assets/Content/gltf/M_Default.uasset" 4554
"/InterchangeAssets/gltf/MaterialBodies/MF_ClearCoat_Body" 4555
"/InterchangeAssets/gltf/M_ClearCoat" 4556
"../../../Engine/Plugins/Interchange/Assets/Content/gltf/MaterialInstances/MI_Default_Mask.uasset" 4557
"../../../Engine/Plugins/Interchange/Assets/Content/gltf/MaterialInstances/MI_Default_Mask_DS.uasset" 4558
"../../../Engine/Plugins/Interchange/Assets/Content/gltf/MaterialInstances/MI_Default_Blend_DS.uasset" 4559
"../../../Engine/Plugins/Interchange/Assets/Content/gltf/MaterialInstances/MI_Sheen_Mask.uasset" 4560
"../../../Engine/Plugins/Interchange/Assets/Content/gltf/MaterialFunctions/MF_Fresnel_DS.uasset" 4561
"../../../Engine/Plugins/Interchange/Assets/Content/gltf/MaterialFunctions/MF_Transmission.uasset" 4562
"../../../Engine/Plugins/Interchange/Assets/Content/gltf/MaterialInstances/MI_Sheen_Opaque_DS.uasset" 4563
"../../../Engine/Plugins/Interchange/Assets/Content/gltf/M_Sheen.uasset" 4564
"../../../Engine/Plugins/Interchange/Assets/Content/gltf/MaterialBodies/MF_Transmission_Body.uasset" 4565
"../../../Engine/Plugins/Interchange/Assets/Content/gltf/MaterialFunctions/MF_Sheen.uasset" 4566
"../../../Engine/Plugins/Interchange/Assets/Content/gltf/MaterialFunctions/MF_Temporal_Blur.uasset" 4567
"/InterchangeAssets/gltf/MaterialInstances/MI_Default_Opaque" 4568
"../../../Engine/Plugins/Interchange/Assets/Content/gltf/M_Transmission.uasset" 4569
"../../../Engine/Plugins/Interchange/Assets/Content/gltf/MaterialInstances/MI_Default_Blend.uasset" 4570
"../../../Engine/Plugins/Interchange/Assets/Content/gltf/MaterialFunctions/MF_PerceivedBrightness.uasset" 4571
"../../../Engine/Plugins/Interchange/Assets/Content/gltf/MaterialInstances/MI_Sheen_Blend.uasset" 4572
"../../../Engine/Plugins/Interchange/Assets/Content/gltf/MaterialInstances/MI_Sheen_Mask_DS.uasset" 4573
"../../../Engine/Plugins/Interchange/Assets/Content/gltf/MaterialBodies/MF_Sheen_Body.uasset" 4574
"../../../Engine/Plugins/Interchange/Assets/Content/gltf/MaterialInstances/MI_Default_Opaque_DS.uasset" 4575
"../../../Engine/Content/Functions/Engine_MaterialFunctions02/Texturing/ScreenAlignedPixelToPixelUVs.uasset" 4576
"../../../Engine/Plugins/Interchange/Assets/Content/gltf/MaterialInstances/MI_Sheen_Opaque.uasset" 4577
"../../../Engine/Plugins/Interchange/Assets/Content/gltf/MaterialInstances/MI_Transmission.uasset" 4578
"../../../Engine/Plugins/Interchange/Assets/Content/gltf/MaterialInstances/MI_Transmission_DS.uasset" 4579
"../../../Engine/Plugins/Interchange/Assets/Content/gltf/MaterialInstances/MI_Sheen_Blend_DS.uasset" 4580
"/InterchangeAssets/gltf/MaterialInstances/MI_ClearCoat_Blend_DS" 4581
"/InterchangeAssets/gltf/MaterialInstances/MI_ClearCoat_Mask_DS" 4582
"/InterchangeAssets/gltf/MaterialInstances/MI_ClearCoat_Opaque_DS" 4583
"/InterchangeAssets/gltf/MaterialInstances/MI_ClearCoat_Blend" 4584
"/InterchangeAssets/gltf/MaterialInstances/MI_ClearCoat_Mask" 4585
"/InterchangeAssets/gltf/MaterialInstances/MI_ClearCoat_Opaque" 4586
"../../../Engine/Plugins/Interchange/Assets/Content/gltf/MaterialFunctions/MF_SpecGlossToMetalRoughness.uasset" 4587
"../../../Engine/Plugins/Interchange/Assets/Content/gltf/MaterialFunctions/MF_MaxComponentValue.uasset" 4588
"../../../Engine/Plugins/Interchange/Assets/Content/gltf/MaterialFunctions/MF_DiffuseSpecGloss.uasset" 4589
"../../../Engine/Plugins/Interchange/Assets/Content/gltf/MaterialBodies/MF_SpecularGlossiness_Body.uasset" 4590
"/InterchangeAssets/gltf/MaterialInstances/MI_Transmission_DS" 4591
"../../../Engine/Plugins/Interchange/Assets/Content/gltf/MaterialInstances/MI_SpecularGlossiness_Opaque.uasset" 4592
"../../../Engine/Plugins/Interchange/Assets/Content/gltf/MaterialInstances/MI_SpecularGlossiness_Blend.uasset" 4593
"../../../Engine/Content/Functions/Engine_MaterialFunctions02/Math/AddComponents.uasset" 4594
"../../../Engine/Plugins/Interchange/Assets/Content/gltf/MaterialInstances/MI_SpecularGlossiness_Mask.uasset" 4595
"../../../Engine/Plugins/Interchange/Assets/Content/gltf/M_SpecularGlossiness.uasset" 4596
"/InterchangeAssets/gltf/MaterialInstances/MI_Transmission" 4597
"/InterchangeAssets/gltf/MaterialInstances/MI_Sheen_Blend_DS" 4598
"/InterchangeAssets/gltf/MaterialInstances/MI_Sheen_Mask_DS" 4599
"/InterchangeAssets/gltf/MaterialInstances/MI_Sheen_Opaque_DS" 4600
"../../../Engine/Plugins/Interchange/Assets/Shaders/ThinFilmFunctions.usf" 4601
"/Engine/EditorResources/EmptyActor" 4602
"../../../Engine/Content/EditorResources/EmptyActor.uasset" 4603
"/InterchangeAssets/gltf/MaterialInstances/MI_Sheen_Blend" 4604
"/InterchangeAssets/gltf/MaterialInstances/MI_Sheen_Mask" 4605
"/InterchangeAssets/gltf/MaterialInstances/MI_Sheen_Opaque" 4606
"/InterchangeAssets/gltf/MaterialInstances/MI_Default_Blend_DS" 4607
"/InterchangeAssets/gltf/MaterialInstances/MI_Default_Mask_DS" 4608
"/InterchangeAssets/gltf/MaterialInstances/MI_Default_Opaque_DS" 4609
"/InterchangeAssets/gltf/MaterialInstances/MI_Default_Blend" 4610
"/InterchangeAssets/gltf/MaterialInstances/MI_Default_Mask" 4611
"../../../Engine/Plugins/Interchange/Assets/Content/Functions/MX_OpenPBR_Translucent.uasset" 4612
"../../../Engine/Plugins/Interchange/Assets/Content/Functions/MF_OrenNayerView.uasset" 4613
"../../../Engine/Plugins/Interchange/Assets/Content/Functions/MX_StandardSurface.uasset" 4614
"../../../Engine/Plugins/Interchange/Assets/Content/gltf/MaterialInstances/MI_Unlit_Blend.uasset" 4615
"../../../Engine/Plugins/Interchange/Assets/Content/gltf/MaterialInstances/MI_Unlit_Opaque_DS.uasset" 4616
"../../../Engine/Content/Functions/Engine_MaterialFunctions01/Volumetrics/BeersLaw.uasset" 4617
"../../../Engine/Plugins/Interchange/Assets/Content/gltf/MaterialInstances/MI_Unlit_Mask_DS.uasset" 4618
"../../../Engine/Plugins/Interchange/Assets/Content/gltf/MaterialInstances/MI_SpecularGlossiness_Mask_DS.uasset" 4619
"../../../Engine/Plugins/Interchange/Assets/Content/gltf/MaterialInstances/MI_Unlit_Blend_DS.uasset" 4620
"../../../Engine/Plugins/Interchange/Assets/Content/gltf/M_Unlit.uasset" 4621
"../../../Engine/Plugins/Interchange/Assets/Content/gltf/MaterialInstances/MI_SpecularGlossiness_Blend_DS.uasset" 4622
"../../../Engine/Plugins/Interchange/Assets/Content/gltf/MaterialBodies/MF_Unlit_Body.uasset" 4623
"../../../Engine/Plugins/Interchange/Assets/Content/gltf/MaterialInstances/MI_Unlit_Opaque.uasset" 4624
"../../../Engine/Plugins/Interchange/Assets/Content/gltf/MaterialInstances/MI_Unlit_Mask.uasset" 4625
"../../../Engine/Plugins/Interchange/Assets/Content/Functions/MX_TransmissionSurface.uasset" 4626
"../../../Engine/Plugins/Interchange/Assets/Content/gltf/MaterialInstances/MI_SpecularGlossiness_Opaque_DS.uasset" 4627
"../../../Engine/Plugins/Interchange/Assets/Content/Functions/MX_Transmission.uasset" 4628
"../../../Engine/Content/Functions/Substrate/MF_SchlickInternal.uasset" 4629
"/InterchangeAssets/gltf/MaterialInstances/MI_SpecularGlossiness_Blend" 4630
"/InterchangeAssets/gltf/MaterialInstances/MI_SpecularGlossiness_Mask" 4631
"/InterchangeAssets/gltf/MaterialInstances/MI_SpecularGlossiness_Opaque" 4632
"/InterchangeAssets/gltf/MaterialInstances/MI_Unlit_Blend_DS" 4633
"/InterchangeAssets/gltf/MaterialInstances/MI_Unlit_Mask_DS" 4634
"/InterchangeAssets/gltf/MaterialInstances/MI_Unlit_Opaque_DS" 4635
"/InterchangeAssets/gltf/MaterialInstances/MI_Unlit_Blend" 4636
"/InterchangeAssets/gltf/MaterialInstances/MI_Unlit_Mask" 4637
"/InterchangeAssets/gltf/MaterialInstances/MI_Unlit_Opaque" 4638
"/InterchangeAssets/Functions/MX_OpenPBR_Translucent" 4639
"/InterchangeAssets/gltf/MaterialInstances/MI_SpecularGlossiness_Blend_DS" 4640
"/InterchangeAssets/gltf/MaterialInstances/MI_SpecularGlossiness_Mask_DS" 4641
"/InterchangeAssets/gltf/MaterialInstances/MI_SpecularGlossiness_Opaque_DS" 4642
"../../../Engine/Plugins/Animation/ControlRig/Content/Controls/ControlRig_Sphere_solid.uasset" 4643
"../../../Engine/Plugins/Interchange/Assets/Content/Functions/MX_OpenPBR_Opaque.uasset" 4644
"../../../Engine/Plugins/Animation/ControlRig/Content/Controls/ControlRig_Arrow2_3mm.uasset" 4645
"../../../Engine/Plugins/Animation/ControlRig/Content/Controls/ControlRig_Arrow4_solid.uasset" 4646
"../../../Engine/Plugins/Animation/ControlRig/Content/Controls/ControlRig_Arrow_3mm.uasset" 4647
"../../../Engine/Plugins/Animation/ControlRig/Content/Controls/ControlRig_Arrow2_1mm.uasset" 4648
"../../../Engine/Plugins/Animation/ControlRig/Content/Controls/ControlRig_Arrow4_1mm.uasset" 4649
"../../../Engine/Plugins/Animation/ControlRig/Content/Controls/ControlRig_Arrow_solid.uasset" 4650
"../../../Engine/Plugins/Animation/ControlRig/Content/Controls/ControlRig_Arrow2_solid.uasset" 4651
"../../../Engine/Plugins/Animation/ControlRig/Content/Controls/ControlRig_Arrow_1mm.uasset" 4652
"../../../Engine/Plugins/Animation/ControlRig/Content/Controls/ControlRig_Box_1mm.uasset" 4653
"../../../Engine/Plugins/Animation/ControlRig/Content/Controls/ControlRig_Arrow4_3mm.uasset" 4654
"/Game/RPGTinyFantasyForest/Map/MainMenu" 4655
"/ControlRig/Controls/ControlRig_Box_1mm" 4656
"/ControlRig/Controls/ControlRig_Arrow_solid" 4657
"/ControlRig/Controls/ControlRig_Arrow_3mm" 4658
"/ControlRig/Controls/ControlRig_Arrow_1mm" 4659
"/ControlRig/Controls/ControlRig_Arrow4_solid" 4660
"/ControlRig/Controls/ControlRig_Arrow4_3mm" 4661
"/ControlRig/Controls/ControlRig_Arrow4_1mm" 4662
"/ControlRig/Controls/ControlRig_Arrow2_solid" 4663
"/ControlRig/Controls/ControlRig_Arrow2_3mm" 4664
"/ControlRig/Controls/ControlRig_Arrow2_1mm" 4665
"/ControlRig/Controls/ControlRig_Sphere_solid" 4666
"/InterchangeAssets/Functions/MX_OpenPBR_Opaque" 4667
"../../../Engine/Plugins/Animation/ControlRig/Content/Controls/ControlRig_HalfCircle_3mm.uasset" 4668
"../../../Engine/Plugins/Animation/ControlRig/Content/Controls/ControlRig_Circle_3mm.uasset" 4669
"../../../Engine/Plugins/Animation/ControlRig/Content/Controls/ControlRig_Hexagon_3mm.uasset" 4670
"../../../Engine/Plugins/Animation/ControlRig/Content/Controls/ControlRig_Octagon_1mm.uasset" 4671
"../../../Engine/Plugins/Animation/ControlRig/Content/Controls/ControlRig_Box_solid.uasset" 4672
"../../../Engine/Plugins/Animation/ControlRig/Content/Controls/ControlRig_Diamond_3mm.uasset" 4673
"../../../Engine/Plugins/Animation/ControlRig/Content/Controls/ControlRig_Circle_1mm.uasset" 4674
"../../../Engine/Plugins/Animation/ControlRig/Content/Controls/ControlRig_Circle_solid.uasset" 4675
"../../../Engine/Plugins/Animation/ControlRig/Content/Controls/ControlRig_Hexagon_solid.uasset" 4676
"../../../Engine/Plugins/Animation/ControlRig/Content/Controls/ControlRig_HalfCircle_solid.uasset" 4677
"../../../Engine/Plugins/Animation/ControlRig/Content/Controls/ControlRig_Diamond_1mm.uasset" 4678
"../../../Engine/Plugins/Animation/ControlRig/Content/Controls/ControlRig_Octagon_3mm.uasset" 4679
"../../../Engine/Plugins/Animation/ControlRig/Content/Controls/ControlRig_Pyramid_solid.uasset" 4680
"../../../Engine/Plugins/Animation/ControlRig/Content/Controls/ControlRig_Box_3mm.uasset" 4681
"../../../Engine/Plugins/Animation/ControlRig/Content/Controls/ControlRig_QuarterCircle_1mm.uasset" 4682
"../../../Engine/Plugins/Animation/ControlRig/Content/Controls/ControlRig_RoundedSquare_1mm.uasset" 4683
"../../../Engine/Plugins/Animation/ControlRig/Content/Controls/ControlRig_RoundedSquare_3mm.uasset" 4684
"../../../Engine/Plugins/Animation/ControlRig/Content/Controls/ControlRig_QuarterCircle_3mm.uasset" 4685
"../../../Engine/Plugins/Animation/ControlRig/Content/Controls/ControlRig_HalfCircle_1mm.uasset" 4686
"../../../Engine/Plugins/Animation/ControlRig/Content/Controls/ControlRig_QuarterCircle_solid.uasset" 4687
"../../../Engine/Plugins/Animation/ControlRig/Content/Controls/ControlRig_RoundedTriangle_3mm.uasset" 4688
"../../../Engine/Plugins/Animation/ControlRig/Content/Controls/ControlRig_Pyramid_1mm.uasset" 4689
"../../../Engine/Plugins/Animation/ControlRig/Content/Controls/ControlRig_RoundedSquare_solid.uasset" 4690
"../../../Engine/Plugins/Animation/ControlRig/Content/Controls/ControlRig_Octagon_solid.uasset" 4691
"../../../Engine/Plugins/Animation/ControlRig/Content/Controls/ControlRig_RoundedTriangle_1mm.uasset" 4692
"../../../Engine/Plugins/Animation/ControlRig/Content/Controls/ControlRig_Diamond_solid.uasset" 4693
"../../../Engine/Plugins/Animation/ControlRig/Content/Controls/ControlRig_Sphere_3mm.uasset" 4694
"../../../Engine/Plugins/Animation/ControlRig/Content/Controls/ControlRig_Pyramid_3mm.uasset" 4695
"../../../Engine/Plugins/Animation/ControlRig/Content/Controls/ControlRig_Square_1mm.uasset" 4696
"../../../Engine/Plugins/Animation/ControlRig/Content/Controls/ControlRig_Sphere_1mm.uasset" 4697
"../../../Engine/Plugins/Animation/ControlRig/Content/Controls/ControlRig_RoundedTriangle_solid.uasset" 4698
"../../../Engine/Plugins/Animation/ControlRig/Content/Controls/ControlRig_Hexagon_1mm.uasset" 4699
"/ControlRig/Controls/ControlRig_RoundedTriangle_3mm" 4700
"/ControlRig/Controls/ControlRig_RoundedTriangle_1mm" 4701
"/ControlRig/Controls/ControlRig_Square_1mm" 4702
"/ControlRig/Controls/ControlRig_Sphere_3mm" 4703
"/ControlRig/Controls/ControlRig_RoundedSquare_solid" 4704
"/ControlRig/Controls/ControlRig_RoundedSquare_3mm" 4705
"/ControlRig/Controls/ControlRig_RoundedSquare_1mm" 4706
"/ControlRig/Controls/ControlRig_QuarterCircle_solid" 4707
"/ControlRig/Controls/ControlRig_QuarterCircle_3mm" 4708
"/ControlRig/Controls/ControlRig_QuarterCircle_1mm" 4709
"/ControlRig/Controls/ControlRig_Pyramid_solid" 4710
"/ControlRig/Controls/ControlRig_Pyramid_3mm" 4711
"/ControlRig/Controls/ControlRig_Sphere_1mm" 4712
"/ControlRig/Controls/ControlRig_RoundedTriangle_solid" 4713
"/ControlRig/Controls/ControlRig_Pyramid_1mm" 4714
"/ControlRig/Controls/ControlRig_Octagon_solid" 4715
"/ControlRig/Controls/ControlRig_Octagon_3mm" 4716
"/ControlRig/Controls/ControlRig_Hexagon_1mm" 4717
"/ControlRig/Controls/ControlRig_HalfCircle_solid" 4718
"/ControlRig/Controls/ControlRig_HalfCircle_3mm" 4719
"/ControlRig/Controls/ControlRig_HalfCircle_1mm" 4720
"/ControlRig/Controls/ControlRig_Diamond_solid" 4721
"/ControlRig/Controls/ControlRig_Diamond_3mm" 4722
"/ControlRig/Controls/ControlRig_Diamond_1mm" 4723
"/ControlRig/Controls/ControlRig_Circle_solid" 4724
"/ControlRig/Controls/ControlRig_Circle_3mm" 4725
"/ControlRig/Controls/ControlRig_Circle_1mm" 4726
"/ControlRig/Controls/ControlRig_Box_solid" 4727
"/ControlRig/Controls/ControlRig_Box_3mm" 4728
"/ControlRig/Controls/ControlRig_Octagon_1mm" 4729
"/ControlRig/Controls/ControlRig_Hexagon_solid" 4730
"/ControlRig/Controls/ControlRig_Hexagon_3mm" 4731
"../../../Engine/Plugins/Animation/ControlRig/Content/Controls/ControlRig_Triangle_solid.uasset" 4732
"../../../Engine/Plugins/Animation/ControlRig/Content/Controls/ControlRig_Star4_3mm.uasset" 4733
"../../../Engine/Plugins/Animation/ControlRig/Content/Controls/ControlRig_Triangle_3mm.uasset" 4734
"../../../Engine/Plugins/Animation/ControlRig/Content/Controls/ControlRig_Square_solid.uasset" 4735
"../../../Engine/Plugins/Animation/ControlRig/Content/Controls/ControlRig_Triangle_1mm.uasset" 4736
"../../../Engine/Plugins/Animation/ControlRig/Content/Controls/ControlRig_Wedge_3mm.uasset" 4737
"../../../Engine/Plugins/Animation/ControlRig/Content/Controls/ControlRig_Square_3mm.uasset" 4738
"../../../Engine/Plugins/Animation/ControlRig/Content/Controls/ControlRig_Star4_solid.uasset" 4739
"../../../Engine/Plugins/Animation/ControlRig/Content/Controls/ControlRig_Star4_1mm.uasset" 4740
"../../../Engine/Plugins/Animation/ControlRig/Content/Controls/ControlRig_Wedge_1mm.uasset" 4741
"../../../Engine/Plugins/Animation/ControlRig/Content/Controls/ControlRig_Wedge_solid.uasset" 4742
"/ControlRig/Controls/ControlRig_Wedge_solid" 4743
"/ControlRig/Controls/ControlRig_Wedge_3mm" 4744
"/ControlRig/Controls/ControlRig_Wedge_1mm" 4745
"/ControlRig/Controls/ControlRig_Triangle_solid" 4746
"/ControlRig/Controls/ControlRig_Triangle_3mm" 4747
"/ControlRig/Controls/ControlRig_Triangle_1mm" 4748
"/ControlRig/Controls/ControlRig_Star4_solid" 4749
"/ControlRig/Controls/ControlRig_Star4_3mm" 4750
"/ControlRig/Controls/ControlRig_Star4_1mm" 4751
"/ControlRig/Controls/ControlRig_Square_solid" 4752
"/ControlRig/Controls/ControlRig_Square_3mm" 4753
"../../../Engine/Content/EditorMaterials/PreviewShadowIndicatorMaterial.uasset" 4754
"../../../Engine/Content/EngineMaterials/Substrate/GLints/dict_16_192_64_0p5_0p02_0000_0001.uasset" 4755
"../../../Engine/Content/EngineMaterials/Substrate/GLints/dict_16_192_64_0p5_0p02_0000_0010.uasset" 4756
"../../../Engine/Content/EngineMaterials/Substrate/GLints/dict_16_192_64_0p5_0p02_0000_0005.uasset" 4757
"../../../Engine/Content/EditorMaterials/PreviewShadowIndicator.uasset" 4758
"../../../Engine/Content/EngineMaterials/Substrate/GLints/dict_16_192_64_0p5_0p02_0000_0012.uasset" 4759
"../../../Engine/Content/EngineMaterials/Substrate/GLints/dict_16_192_64_0p5_0p02_0000_0014.uasset" 4760
"../../../Engine/Content/EngineMaterials/Substrate/GLints/dict_16_192_64_0p5_0p02_0000_0013.uasset" 4761
"../../../Engine/Content/EngineMaterials/Substrate/GLints/dict_16_192_64_0p5_0p02_0000_0006.uasset" 4762
"../../../Engine/Content/EngineMaterials/Substrate/GLints/dict_16_192_64_0p5_0p02_0001_0000.uasset" 4763
"../../../Engine/Content/EngineMaterials/Substrate/GLints/dict_16_192_64_0p5_0p02_0001_0002.uasset" 4764
"../../../Engine/Content/EngineMaterials/Substrate/GLints/dict_16_192_64_0p5_0p02_0000_0009.uasset" 4765
"../../../Engine/Content/EngineMaterials/Substrate/GLints/dict_16_192_64_0p5_0p02_0000_0007.uasset" 4766
"../../../Engine/Content/EngineMaterials/Substrate/GLints/dict_16_192_64_0p5_0p02_0001_0003.uasset" 4767
"../../../Engine/Content/EngineMaterials/Substrate/GLints/dict_16_192_64_0p5_0p02_0001_0005.uasset" 4768
"../../../Engine/Content/EngineMaterials/Substrate/GLints/dict_16_192_64_0p5_0p02_0001_0006.uasset" 4769
"../../../Engine/Content/EngineMaterials/Substrate/GLints/dict_16_192_64_0p5_0p02_0001_0001.uasset" 4770
"../../../Engine/Content/EngineMaterials/Substrate/GLints/dict_16_192_64_0p5_0p02_0001_0009.uasset" 4771
"../../../Engine/Content/EngineMaterials/Substrate/GLints/dict_16_192_64_0p5_0p02_0001_0007.uasset" 4772
"../../../Engine/Content/EngineMaterials/Substrate/GLints/dict_16_192_64_0p5_0p02_0001_0010.uasset" 4773
"../../../Engine/Content/EngineMaterials/Substrate/GLints/dict_16_192_64_0p5_0p02_0001_0008.uasset" 4774
"../../../Engine/Content/EngineMaterials/Substrate/GLints/dict_16_192_64_0p5_0p02_0000_0008.uasset" 4775
"../../../Engine/Content/EngineMaterials/Substrate/GLints/dict_16_192_64_0p5_0p02_0001_0011.uasset" 4776
"../../../Engine/Content/EngineMaterials/Substrate/GLints/dict_16_192_64_0p5_0p02_0000_0003.uasset" 4777
"../../../Engine/Content/EngineMaterials/Substrate/GLints/dict_16_192_64_0p5_0p02_0001_0012.uasset" 4778
"../../../Engine/Content/EngineMaterials/Substrate/GLints/dict_16_192_64_0p5_0p02_0000_0002.uasset" 4779
"../../../Engine/Content/EngineMaterials/Substrate/GLints/dict_16_192_64_0p5_0p02_0000_0011.uasset" 4780
"../../../Engine/Content/EngineMaterials/Substrate/GLints/dict_16_192_64_0p5_0p02_0000_0015.uasset" 4781
"../../../Engine/Content/EngineMaterials/Substrate/GLints/dict_16_192_64_0p5_0p02_0000_0000.uasset" 4782
"../../../Engine/Content/EngineMaterials/Substrate/GLints/dict_16_192_64_0p5_0p02_0001_0013.uasset" 4783
"../../../Engine/Content/EngineMaterials/Substrate/GLints/dict_16_192_64_0p5_0p02_0001_0004.uasset" 4784
"../../../Engine/Content/EngineMaterials/Substrate/GLints/dict_16_192_64_0p5_0p02_0000_0004.uasset" 4785
"/Engine/EngineMaterials/Substrate/GLints/dict_16_192_64_0p5_0p02_0001_0013" 4786
"/Engine/EngineMaterials/Substrate/GLints/dict_16_192_64_0p5_0p02_0001_0012" 4787
"/Engine/EngineMaterials/Substrate/GLints/dict_16_192_64_0p5_0p02_0001_0011" 4788
"/Engine/EngineMaterials/Substrate/GLints/dict_16_192_64_0p5_0p02_0001_0010" 4789
"/Engine/EngineMaterials/Substrate/GLints/dict_16_192_64_0p5_0p02_0001_0009" 4790
"/Engine/EngineMaterials/Substrate/GLints/dict_16_192_64_0p5_0p02_0001_0008" 4791
"/Engine/EngineMaterials/Substrate/GLints/dict_16_192_64_0p5_0p02_0001_0007" 4792
"/Engine/EngineMaterials/Substrate/GLints/dict_16_192_64_0p5_0p02_0001_0006" 4793
"/Engine/EngineMaterials/Substrate/GLints/dict_16_192_64_0p5_0p02_0001_0005" 4794
"/Engine/EngineMaterials/Substrate/GLints/dict_16_192_64_0p5_0p02_0001_0004" 4795
"/Engine/EngineMaterials/Substrate/GLints/dict_16_192_64_0p5_0p02_0001_0003" 4796
"/Engine/EngineMaterials/Substrate/GLints/dict_16_192_64_0p5_0p02_0001_0002" 4797
"/Engine/EngineMaterials/Substrate/GLints/dict_16_192_64_0p5_0p02_0001_0001" 4798
"/Engine/EngineMaterials/Substrate/GLints/dict_16_192_64_0p5_0p02_0001_0000" 4799
"/Engine/EngineMaterials/Substrate/GLints/dict_16_192_64_0p5_0p02_0000_0015" 4800
"/Engine/EngineMaterials/Substrate/GLints/dict_16_192_64_0p5_0p02_0000_0014" 4801
"/Engine/EngineMaterials/Substrate/GLints/dict_16_192_64_0p5_0p02_0000_0013" 4802
"/Engine/EngineMaterials/Substrate/GLints/dict_16_192_64_0p5_0p02_0000_0012" 4803
"/Engine/EngineMaterials/Substrate/GLints/dict_16_192_64_0p5_0p02_0000_0011" 4804
"/Engine/EngineMaterials/Substrate/GLints/dict_16_192_64_0p5_0p02_0000_0010" 4805
"/Engine/EngineMaterials/Substrate/GLints/dict_16_192_64_0p5_0p02_0000_0009" 4806
"/Engine/EngineMaterials/Substrate/GLints/dict_16_192_64_0p5_0p02_0000_0008" 4807
"/Engine/EngineMaterials/Substrate/GLints/dict_16_192_64_0p5_0p02_0000_0007" 4808
"/Engine/EngineMaterials/Substrate/GLints/dict_16_192_64_0p5_0p02_0000_0006" 4809
"/Engine/EngineMaterials/Substrate/GLints/dict_16_192_64_0p5_0p02_0000_0005" 4810
"/Engine/EngineMaterials/Substrate/GLints/dict_16_192_64_0p5_0p02_0000_0004" 4811
"/Engine/EngineMaterials/Substrate/GLints/dict_16_192_64_0p5_0p02_0000_0003" 4812
"/Engine/EngineMaterials/Substrate/GLints/dict_16_192_64_0p5_0p02_0000_0002" 4813
"/Engine/EngineMaterials/Substrate/GLints/dict_16_192_64_0p5_0p02_0000_0001" 4814
"/Engine/EngineMaterials/Substrate/GLints/dict_16_192_64_0p5_0p02_0000_0000" 4815
"/Engine/EditorMaterials/PreviewShadowIndicatorMaterial" 4816
"../../../Engine/Content/EngineMaterials/Substrate/GLints/dict_16_192_64_0p5_0p02_0001_0014.uasset" 4817
"../../../Engine/Content/EngineMaterials/Substrate/GLints/dict_16_192_64_0p5_0p02_0002_0000.uasset" 4818
"../../../Engine/Content/EngineMaterials/Substrate/GLints/dict_16_192_64_0p5_0p02_0002_0002.uasset" 4819
"../../../Engine/Content/EngineMaterials/Substrate/GLints/dict_16_192_64_0p5_0p02_0002_0004.uasset" 4820
"../../../Engine/Content/EngineMaterials/Substrate/GLints/dict_16_192_64_0p5_0p02_0002_0008.uasset" 4821
"../../../Engine/Content/EngineMaterials/Substrate/GLints/dict_16_192_64_0p5_0p02_0002_0003.uasset" 4822
"../../../Engine/Content/EngineMaterials/Substrate/GLints/dict_16_192_64_0p5_0p02_0002_0006.uasset" 4823
"../../../Engine/Content/EngineMaterials/Substrate/GLints/dict_16_192_64_0p5_0p02_0002_0001.uasset" 4824
"../../../Engine/Content/EngineMaterials/Substrate/GLints/dict_16_192_64_0p5_0p02_0002_0010.uasset" 4825
"../../../Engine/Content/EngineMaterials/Substrate/GLints/dict_16_192_64_0p5_0p02_0002_0005.uasset" 4826
"../../../Engine/Content/EngineMaterials/Substrate/GLints/dict_16_192_64_0p5_0p02_0002_0013.uasset" 4827
"../../../Engine/Content/EngineMaterials/Substrate/GLints/dict_16_192_64_0p5_0p02_0002_0011.uasset" 4828
"../../../Engine/Content/EngineMaterials/Substrate/GLints/dict_16_192_64_0p5_0p02_0002_0014.uasset" 4829
"../../../Engine/Content/EngineMaterials/Substrate/GLints/dict_16_192_64_0p5_0p02_0001_0015.uasset" 4830
"../../../Engine/Content/EngineMaterials/Substrate/GLints/dict_16_192_64_0p5_0p02_0002_0012.uasset" 4831
"../../../Engine/Content/EngineMaterials/Substrate/GLints/dict_16_192_64_0p5_0p02_0002_0007.uasset" 4832
"../../../Engine/Content/EngineMaterials/Substrate/GLints/dict_16_192_64_0p5_0p02_0003_0001.uasset" 4833
"../../../Engine/Content/EngineMaterials/Substrate/GLints/dict_16_192_64_0p5_0p02_0003_0004.uasset" 4834
"../../../Engine/Content/EngineMaterials/Substrate/GLints/dict_16_192_64_0p5_0p02_0003_0002.uasset" 4835
"../../../Engine/Content/EngineMaterials/Substrate/GLints/dict_16_192_64_0p5_0p02_0003_0006.uasset" 4836
"../../../Engine/Content/EngineMaterials/Substrate/GLints/dict_16_192_64_0p5_0p02_0003_0008.uasset" 4837
"../../../Engine/Content/EngineMaterials/Substrate/GLints/dict_16_192_64_0p5_0p02_0002_0015.uasset" 4838
"../../../Engine/Content/EngineMaterials/Substrate/GLints/dict_16_192_64_0p5_0p02_0003_0007.uasset" 4839
"../../../Engine/Content/EngineMaterials/Substrate/GLints/dict_16_192_64_0p5_0p02_0003_0003.uasset" 4840
"../../../Engine/Content/EngineMaterials/Substrate/GLints/dict_16_192_64_0p5_0p02_0003_0012.uasset" 4841
"../../../Engine/Content/EngineMaterials/Substrate/GLints/dict_16_192_64_0p5_0p02_0003_0011.uasset" 4842
"../../../Engine/Content/EngineMaterials/Substrate/GLints/dict_16_192_64_0p5_0p02_0003_0010.uasset" 4843
"../../../Engine/Content/EngineMaterials/Substrate/GLints/dict_16_192_64_0p5_0p02_0002_0009.uasset" 4844
"../../../Engine/Content/EngineMaterials/Substrate/GLints/dict_16_192_64_0p5_0p02_0003_0000.uasset" 4845
"../../../Engine/Content/EngineMaterials/Substrate/GLints/dict_16_192_64_0p5_0p02_0003_0013.uasset" 4846
"../../../Engine/Content/EngineMaterials/Substrate/GLints/dict_16_192_64_0p5_0p02_0003_0009.uasset" 4847
"../../../Engine/Content/EngineMaterials/Substrate/GLints/dict_16_192_64_0p5_0p02_0003_0005.uasset" 4848
"/Engine/EngineMaterials/Substrate/GLints/dict_16_192_64_0p5_0p02_0002_0006" 4849
"/Engine/EngineMaterials/Substrate/GLints/dict_16_192_64_0p5_0p02_0002_0004" 4850
"/Engine/EngineMaterials/Substrate/GLints/dict_16_192_64_0p5_0p02_0002_0002" 4851
"/Engine/EngineMaterials/Substrate/GLints/dict_16_192_64_0p5_0p02_0002_0000" 4852
"/Engine/EngineMaterials/Substrate/GLints/dict_16_192_64_0p5_0p02_0001_0014" 4853
"../../../Engine/Content/EngineMaterials/Substrate/GLints/dict_16_192_64_0p5_0p02_0003_0014.uasset" 4854
"../../../Engine/Content/EngineMaterials/Substrate/GLints/dict_16_192_64_0p5_0p02_0003_0015.uasset" 4855
"../../../Engine/Content/EngineMaterials/Substrate/GLints/dict_16_192_64_0p5_0p02_0004_0000.uasset" 4856
"../../../Engine/Content/EngineMaterials/Substrate/GLints/dict_16_192_64_0p5_0p02_0004_0002.uasset" 4857
"../../../Engine/Content/EngineMaterials/Substrate/GLints/dict_16_192_64_0p5_0p02_0004_0001.uasset" 4858
"../../../Engine/Plugins/Animation/DeformerGraph/Shaders/Private/DataInterfaceCustomComputeKernel.ush" 4859
"../../../Engine/Plugins/Animation/DeformerGraph/Shaders/Private/DataInterfaceCloth.ush" 4860
"../../../Engine/Plugins/Animation/DeformerGraph/Shaders/Private/DataInterfaceSkinnedMeshRead.ush" 4861
"../../../Engine/Plugins/Animation/DeformerGraph/Shaders/Private/DataInterfaceSkeleton.ush" 4862
"../../../Engine/Plugins/Animation/DeformerGraph/Shaders/Private/DataInterfaceSkeletonCommon.ush" 4863
"../../../Engine/Plugins/Animation/DeformerGraph/Shaders/Private/DataInterfaceMorphTarget.ush" 4864
"../../../Engine/Plugins/Animation/DeformerGraph/Shaders/Private/DataInterfaceSkinnedMeshWrite.ush" 4865
"../../../Engine/Plugins/Animation/DeformerGraph/Shaders/Private/DataInterfaceRawBuffer.ush" 4866
"../../../Engine/Plugins/Runtime/ComputeFramework/Shaders/Private/BufferAlias.ush" 4867
"../../../Engine/Plugins/Animation/DeformerGraph/Shaders/Private/DataInterfaceSkinnedMesh.ush" 4868
"../../../Engine/Plugins/Animation/DeformerGraph/Shaders/Private/DataInterfaceHalfEdge.ush" 4869
"/Engine/EngineMaterials/Substrate/GLints/dict_16_192_64_0p5_0p02_0003_0013" 4870
"/Engine/EngineMaterials/Substrate/GLints/dict_16_192_64_0p5_0p02_0003_0012" 4871
"/Engine/EngineMaterials/Substrate/GLints/dict_16_192_64_0p5_0p02_0003_0011" 4872
"/Engine/EngineMaterials/Substrate/GLints/dict_16_192_64_0p5_0p02_0003_0010" 4873
"/Engine/EngineMaterials/Substrate/GLints/dict_16_192_64_0p5_0p02_0003_0009" 4874
"/Engine/EngineMaterials/Substrate/GLints/dict_16_192_64_0p5_0p02_0003_0008" 4875
"/Engine/EngineMaterials/Substrate/GLints/dict_16_192_64_0p5_0p02_0003_0007" 4876
"/Engine/EngineMaterials/Substrate/GLints/dict_16_192_64_0p5_0p02_0003_0006" 4877
"/Engine/EngineMaterials/Substrate/GLints/dict_16_192_64_0p5_0p02_0003_0005" 4878
"/Engine/EngineMaterials/Substrate/GLints/dict_16_192_64_0p5_0p02_0003_0004" 4879
"/Engine/EngineMaterials/Substrate/GLints/dict_16_192_64_0p5_0p02_0003_0003" 4880
"/Engine/EngineMaterials/Substrate/GLints/dict_16_192_64_0p5_0p02_0003_0002" 4881
"/Engine/EngineMaterials/Substrate/GLints/dict_16_192_64_0p5_0p02_0003_0001" 4882
"/Engine/EngineMaterials/Substrate/GLints/dict_16_192_64_0p5_0p02_0003_0000" 4883
"/Engine/EngineMaterials/Substrate/GLints/dict_16_192_64_0p5_0p02_0002_0015" 4884
"/Engine/EngineMaterials/Substrate/GLints/dict_16_192_64_0p5_0p02_0002_0014" 4885
"/Engine/EngineMaterials/Substrate/GLints/dict_16_192_64_0p5_0p02_0002_0013" 4886
"/Engine/EngineMaterials/Substrate/GLints/dict_16_192_64_0p5_0p02_0002_0012" 4887
"/Engine/EngineMaterials/Substrate/GLints/dict_16_192_64_0p5_0p02_0002_0011" 4888
"/Engine/EngineMaterials/Substrate/GLints/dict_16_192_64_0p5_0p02_0002_0010" 4889
"/Engine/EngineMaterials/Substrate/GLints/dict_16_192_64_0p5_0p02_0002_0009" 4890
"/Engine/EngineMaterials/Substrate/GLints/dict_16_192_64_0p5_0p02_0002_0008" 4891
"/Engine/EngineMaterials/Substrate/GLints/dict_16_192_64_0p5_0p02_0002_0007" 4892
"/Engine/EngineMaterials/Substrate/GLints/dict_16_192_64_0p5_0p02_0002_0005" 4893
"/Engine/EngineMaterials/Substrate/GLints/dict_16_192_64_0p5_0p02_0002_0003" 4894
"/Engine/EngineMaterials/Substrate/GLints/dict_16_192_64_0p5_0p02_0002_0001" 4895
"/Engine/EngineMaterials/Substrate/GLints/dict_16_192_64_0p5_0p02_0001_0015" 4896
"../../../Engine/Content/EngineMaterials/Substrate/GLints/dict_16_192_64_0p5_0p02_0004_0007.uasset" 4897
"../../../Engine/Content/EngineMaterials/Substrate/GLints/dict_16_192_64_0p5_0p02_0004_0013.uasset" 4898
"../../../Engine/Content/EngineMaterials/Substrate/GLints/dict_16_192_64_0p5_0p02_0004_0004.uasset" 4899
"../../../Engine/Content/EngineMaterials/Substrate/GLints/dict_16_192_64_0p5_0p02_0004_0014.uasset" 4900
"../../../Engine/Content/EngineMaterials/Substrate/GLints/dict_16_192_64_0p5_0p02_0004_0003.uasset" 4901
"../../../Engine/Content/EngineMaterials/Substrate/GLints/dict_16_192_64_0p5_0p02_0004_0005.uasset" 4902
"../../../Engine/Content/EngineMaterials/Substrate/GLints/dict_16_192_64_0p5_0p02_0004_0006.uasset" 4903
"../../../Engine/Content/EngineMaterials/Substrate/GLints/dict_16_192_64_0p5_0p02_0005_0001.uasset" 4904
"../../../Engine/Content/EngineMaterials/Substrate/GLints/dict_16_192_64_0p5_0p02_0004_0012.uasset" 4905
"../../../Engine/Content/EngineMaterials/Substrate/GLints/dict_16_192_64_0p5_0p02_0005_0002.uasset" 4906
"../../../Engine/Content/EngineMaterials/Substrate/GLints/dict_16_192_64_0p5_0p02_0004_0015.uasset" 4907
"../../../Engine/Content/EngineMaterials/Substrate/GLints/dict_16_192_64_0p5_0p02_0004_0008.uasset" 4908
"../../../Engine/Content/EngineMaterials/Substrate/GLints/dict_16_192_64_0p5_0p02_0004_0011.uasset" 4909
"../../../Engine/Content/EngineMaterials/Substrate/GLints/dict_16_192_64_0p5_0p02_0005_0000.uasset" 4910
"../../../Engine/Content/EngineMaterials/Substrate/GLints/dict_16_192_64_0p5_0p02_0004_0010.uasset" 4911
"../../../Engine/Content/EngineMaterials/Substrate/GLints/dict_16_192_64_0p5_0p02_0005_0004.uasset" 4912
"../../../Engine/Content/EngineMaterials/Substrate/GLints/dict_16_192_64_0p5_0p02_0005_0003.uasset" 4913
"../../../Engine/Content/EngineMaterials/Substrate/GLints/dict_16_192_64_0p5_0p02_0004_0009.uasset" 4914
"../../../Engine/Content/EngineMaterials/Substrate/GLints/dict_16_192_64_0p5_0p02_0005_0009.uasset" 4915
"../../../Engine/Content/EngineMaterials/Substrate/GLints/dict_16_192_64_0p5_0p02_0005_0013.uasset" 4916
"../../../Engine/Content/EngineMaterials/Substrate/GLints/dict_16_192_64_0p5_0p02_0005_0011.uasset" 4917
"../../../Engine/Content/EngineMaterials/Substrate/GLints/dict_16_192_64_0p5_0p02_0005_0008.uasset" 4918
"../../../Engine/Content/EngineMaterials/Substrate/GLints/dict_16_192_64_0p5_0p02_0005_0007.uasset" 4919
"../../../Engine/Content/EngineMaterials/Substrate/GLints/dict_16_192_64_0p5_0p02_0005_0005.uasset" 4920
"../../../Engine/Content/EngineMaterials/Substrate/GLints/dict_16_192_64_0p5_0p02_0005_0010.uasset" 4921
"../../../Engine/Content/EngineMaterials/Substrate/GLints/dict_16_192_64_0p5_0p02_0005_0006.uasset" 4922
"../../../Engine/Content/EngineMaterials/Substrate/GLints/dict_16_192_64_0p5_0p02_0005_0012.uasset" 4923
"/Engine/EngineMaterials/Substrate/GLints/dict_16_192_64_0p5_0p02_0005_0004" 4924
"/Engine/EngineMaterials/Substrate/GLints/dict_16_192_64_0p5_0p02_0005_0003" 4925
"/Engine/EngineMaterials/Substrate/GLints/dict_16_192_64_0p5_0p02_0005_0002" 4926
"/Engine/EngineMaterials/Substrate/GLints/dict_16_192_64_0p5_0p02_0005_0001" 4927
"/Engine/EngineMaterials/Substrate/GLints/dict_16_192_64_0p5_0p02_0005_0000" 4928
"/Engine/EngineMaterials/Substrate/GLints/dict_16_192_64_0p5_0p02_0004_0015" 4929
"/Engine/EngineMaterials/Substrate/GLints/dict_16_192_64_0p5_0p02_0004_0014" 4930
"/Engine/EngineMaterials/Substrate/GLints/dict_16_192_64_0p5_0p02_0004_0013" 4931
"/Engine/EngineMaterials/Substrate/GLints/dict_16_192_64_0p5_0p02_0004_0012" 4932
"/Engine/EngineMaterials/Substrate/GLints/dict_16_192_64_0p5_0p02_0004_0011" 4933
"/Engine/EngineMaterials/Substrate/GLints/dict_16_192_64_0p5_0p02_0004_0010" 4934
"/Engine/EngineMaterials/Substrate/GLints/dict_16_192_64_0p5_0p02_0004_0009" 4935
"/Engine/EngineMaterials/Substrate/GLints/dict_16_192_64_0p5_0p02_0004_0008" 4936
"/Engine/EngineMaterials/Substrate/GLints/dict_16_192_64_0p5_0p02_0004_0007" 4937
"/Engine/EngineMaterials/Substrate/GLints/dict_16_192_64_0p5_0p02_0004_0002" 4938
"/Engine/EngineMaterials/Substrate/GLints/dict_16_192_64_0p5_0p02_0004_0006" 4939
"/Engine/EngineMaterials/Substrate/GLints/dict_16_192_64_0p5_0p02_0004_0001" 4940
"/Engine/EngineMaterials/Substrate/GLints/dict_16_192_64_0p5_0p02_0004_0005" 4941
"/Engine/EngineMaterials/Substrate/GLints/dict_16_192_64_0p5_0p02_0004_0000" 4942
"/Engine/EngineMaterials/Substrate/GLints/dict_16_192_64_0p5_0p02_0004_0004" 4943
"/Engine/EngineMaterials/Substrate/GLints/dict_16_192_64_0p5_0p02_0003_0015" 4944
"/Engine/EngineMaterials/Substrate/GLints/dict_16_192_64_0p5_0p02_0004_0003" 4945
"/Engine/EngineMaterials/Substrate/GLints/dict_16_192_64_0p5_0p02_0003_0014" 4946
"../../../Engine/Content/EngineMaterials/Substrate/GLints/dict_16_192_64_0p5_0p02_0006_0007.uasset" 4947
"../../../Engine/Content/EngineMaterials/Substrate/GLints/dict_16_192_64_0p5_0p02_0006_0002.uasset" 4948
"../../../Engine/Content/EngineMaterials/Substrate/GLints/dict_16_192_64_0p5_0p02_0006_0009.uasset" 4949
"../../../Engine/Content/EngineMaterials/Substrate/GLints/dict_16_192_64_0p5_0p02_0006_0011.uasset" 4950
"../../../Engine/Content/EngineMaterials/Substrate/GLints/dict_16_192_64_0p5_0p02_0006_0008.uasset" 4951
"../../../Engine/Content/EngineMaterials/Substrate/GLints/dict_16_192_64_0p5_0p02_0006_0005.uasset" 4952
"../../../Engine/Content/EngineMaterials/Substrate/GLints/dict_16_192_64_0p5_0p02_0006_0013.uasset" 4953
"/Engine/EngineMaterials/Substrate/GLints/dict_16_192_64_0p5_0p02_0005_0013" 4954
"../../../Engine/Content/EngineMaterials/Substrate/GLints/dict_16_192_64_0p5_0p02_0006_0010.uasset" 4955
"../../../Engine/Content/EngineMaterials/Substrate/GLints/dict_16_192_64_0p5_0p02_0005_0015.uasset" 4956
"../../../Engine/Content/EngineMaterials/Substrate/GLints/dict_16_192_64_0p5_0p02_0006_0015.uasset" 4957
"../../../Engine/Content/EngineMaterials/Substrate/GLints/dict_16_192_64_0p5_0p02_0006_0004.uasset" 4958
"../../../Engine/Content/EngineMaterials/Substrate/GLints/dict_16_192_64_0p5_0p02_0007_0000.uasset" 4959
"../../../Engine/Content/EngineMaterials/Substrate/GLints/dict_16_192_64_0p5_0p02_0006_0003.uasset" 4960
"../../../Engine/Content/EngineMaterials/Substrate/GLints/dict_16_192_64_0p5_0p02_0007_0001.uasset" 4961
"../../../Engine/Content/EngineMaterials/Substrate/GLints/dict_16_192_64_0p5_0p02_0006_0012.uasset" 4962
"../../../Engine/Content/EngineMaterials/Substrate/GLints/dict_16_192_64_0p5_0p02_0006_0014.uasset" 4963
"../../../Engine/Content/EngineMaterials/Substrate/GLints/dict_16_192_64_0p5_0p02_0007_0003.uasset" 4964
"../../../Engine/Content/EngineMaterials/Substrate/GLints/dict_16_192_64_0p5_0p02_0007_0004.uasset" 4965
"../../../Engine/Content/EngineMaterials/Substrate/GLints/dict_16_192_64_0p5_0p02_0006_0000.uasset" 4966
"../../../Engine/Content/EngineMaterials/Substrate/GLints/dict_16_192_64_0p5_0p02_0006_0006.uasset" 4967
"../../../Engine/Content/EngineMaterials/Substrate/GLints/dict_16_192_64_0p5_0p02_0006_0001.uasset" 4968
"../../../Engine/Content/EngineMaterials/Substrate/GLints/dict_16_192_64_0p5_0p02_0007_0002.uasset" 4969
"../../../Engine/Content/EngineMaterials/Substrate/GLints/dict_16_192_64_0p5_0p02_0005_0014.uasset" 4970
"/Engine/EngineMaterials/Substrate/GLints/dict_16_192_64_0p5_0p02_0005_0012" 4971
"/Engine/EngineMaterials/Substrate/GLints/dict_16_192_64_0p5_0p02_0005_0011" 4972
"/Engine/EngineMaterials/Substrate/GLints/dict_16_192_64_0p5_0p02_0005_0010" 4973
"/Engine/EngineMaterials/Substrate/GLints/dict_16_192_64_0p5_0p02_0005_0009" 4974
"/Engine/EngineMaterials/Substrate/GLints/dict_16_192_64_0p5_0p02_0005_0008" 4975
"/Engine/EngineMaterials/Substrate/GLints/dict_16_192_64_0p5_0p02_0005_0007" 4976
"/Engine/EngineMaterials/Substrate/GLints/dict_16_192_64_0p5_0p02_0005_0006" 4977
"/Engine/EngineMaterials/Substrate/GLints/dict_16_192_64_0p5_0p02_0005_0005" 4978
"../../../Engine/Content/EngineMaterials/Substrate/GLints/dict_16_192_64_0p5_0p02_0007_0005.uasset" 4979
"../../../Engine/Content/EngineMaterials/Substrate/GLints/dict_16_192_64_0p5_0p02_0007_0006.uasset" 4980
"/Engine/EngineMaterials/Substrate/GLints/dict_16_192_64_0p5_0p02_0007_0004" 4981
"../../../Engine/Content/EngineMaterials/Substrate/GLints/dict_16_192_64_0p5_0p02_0007_0008.uasset" 4982
"../../../Engine/Content/EngineMaterials/Substrate/GLints/dict_16_192_64_0p5_0p02_0007_0011.uasset" 4983
"../../../Engine/Content/EngineMaterials/Substrate/GLints/dict_16_192_64_0p5_0p02_0007_0012.uasset" 4984
"../../../Engine/Content/EngineMaterials/Substrate/GLints/dict_16_192_64_0p5_0p02_0007_0009.uasset" 4985
"../../../Engine/Content/EngineMaterials/Substrate/GLints/dict_16_192_64_0p5_0p02_0007_0013.uasset" 4986
"../../../Engine/Content/EngineMaterials/Substrate/GLints/dict_16_192_64_0p5_0p02_0007_0007.uasset" 4987
"../../../Engine/Content/EngineMaterials/Substrate/GLints/dict_16_192_64_0p5_0p02_0007_0010.uasset" 4988
"/Engine/EngineMaterials/Substrate/GLints/dict_16_192_64_0p5_0p02_0007_0003" 4989
"/Engine/EngineMaterials/Substrate/GLints/dict_16_192_64_0p5_0p02_0007_0002" 4990
"/Engine/EngineMaterials/Substrate/GLints/dict_16_192_64_0p5_0p02_0007_0001" 4991
"/Engine/EngineMaterials/Substrate/GLints/dict_16_192_64_0p5_0p02_0007_0000" 4992
"/Engine/EngineMaterials/Substrate/GLints/dict_16_192_64_0p5_0p02_0006_0015" 4993
"/Engine/EngineMaterials/Substrate/GLints/dict_16_192_64_0p5_0p02_0006_0014" 4994
"/Engine/EngineMaterials/Substrate/GLints/dict_16_192_64_0p5_0p02_0006_0013" 4995
"/Engine/EngineMaterials/Substrate/GLints/dict_16_192_64_0p5_0p02_0006_0012" 4996
"/Engine/EngineMaterials/Substrate/GLints/dict_16_192_64_0p5_0p02_0006_0011" 4997
"/Engine/EngineMaterials/Substrate/GLints/dict_16_192_64_0p5_0p02_0006_0010" 4998
"/Engine/EngineMaterials/Substrate/GLints/dict_16_192_64_0p5_0p02_0006_0009" 4999
"/Engine/EngineMaterials/Substrate/GLints/dict_16_192_64_0p5_0p02_0006_0008" 5000
"/Engine/EngineMaterials/Substrate/GLints/dict_16_192_64_0p5_0p02_0006_0007" 5001
"/Engine/EngineMaterials/Substrate/GLints/dict_16_192_64_0p5_0p02_0006_0006" 5002
"/Engine/EngineMaterials/Substrate/GLints/dict_16_192_64_0p5_0p02_0006_0005" 5003
"/Engine/EngineMaterials/Substrate/GLints/dict_16_192_64_0p5_0p02_0006_0004" 5004
"/Engine/EngineMaterials/Substrate/GLints/dict_16_192_64_0p5_0p02_0006_0003" 5005
"/Engine/EngineMaterials/Substrate/GLints/dict_16_192_64_0p5_0p02_0006_0002" 5006
"/Engine/EngineMaterials/Substrate/GLints/dict_16_192_64_0p5_0p02_0006_0001" 5007
"/Engine/EngineMaterials/Substrate/GLints/dict_16_192_64_0p5_0p02_0006_0000" 5008
"/Engine/EngineMaterials/Substrate/GLints/dict_16_192_64_0p5_0p02_0005_0015" 5009
"/Engine/EngineMaterials/Substrate/GLints/dict_16_192_64_0p5_0p02_0005_0014" 5010
"../../../Engine/Content/EngineMaterials/Substrate/GLints/dict_16_192_64_0p5_0p02_0008_0004.uasset" 5011
"../../../Engine/Content/EngineMaterials/Substrate/GLints/dict_16_192_64_0p5_0p02_0008_0005.uasset" 5012
"../../../Engine/Content/EngineMaterials/Substrate/GLints/dict_16_192_64_0p5_0p02_0007_0015.uasset" 5013
"../../../Engine/Content/EngineMaterials/Substrate/GLints/dict_16_192_64_0p5_0p02_0008_0009.uasset" 5014
"../../../Engine/Content/EngineMaterials/Substrate/GLints/dict_16_192_64_0p5_0p02_0008_0006.uasset" 5015
"../../../Engine/Content/EngineMaterials/Substrate/GLints/dict_16_192_64_0p5_0p02_0008_0015.uasset" 5016
"../../../Engine/Content/EngineMaterials/Substrate/GLints/dict_16_192_64_0p5_0p02_0008_0012.uasset" 5017
"../../../Engine/Content/EngineMaterials/Substrate/GLints/dict_16_192_64_0p5_0p02_0008_0001.uasset" 5018
"/Engine/EngineMaterials/Substrate/GLints/dict_16_192_64_0p5_0p02_0007_0013" 5019
"../../../Engine/Content/EngineMaterials/Substrate/GLints/dict_16_192_64_0p5_0p02_0008_0008.uasset" 5020
"../../../Engine/Content/EngineMaterials/Substrate/GLints/dict_16_192_64_0p5_0p02_0008_0007.uasset" 5021
"../../../Engine/Content/EngineMaterials/Substrate/GLints/dict_16_192_64_0p5_0p02_0008_0013.uasset" 5022
"../../../Engine/Content/EngineMaterials/Substrate/GLints/dict_16_192_64_0p5_0p02_0008_0010.uasset" 5023
"../../../Engine/Content/EngineMaterials/Substrate/GLints/dict_16_192_64_0p5_0p02_0007_0014.uasset" 5024
"../../../Engine/Content/EngineMaterials/Substrate/GLints/dict_16_192_64_0p5_0p02_0009_0002.uasset" 5025
"../../../Engine/Content/EngineMaterials/Substrate/GLints/dict_16_192_64_0p5_0p02_0009_0001.uasset" 5026
"../../../Engine/Content/EngineMaterials/Substrate/GLints/dict_16_192_64_0p5_0p02_0008_0011.uasset" 5027
"../../../Engine/Content/EngineMaterials/Substrate/GLints/dict_16_192_64_0p5_0p02_0008_0000.uasset" 5028
"../../../Engine/Content/EngineMaterials/Substrate/GLints/dict_16_192_64_0p5_0p02_0009_0003.uasset" 5029
"../../../Engine/Content/EngineMaterials/Substrate/GLints/dict_16_192_64_0p5_0p02_0008_0002.uasset" 5030
"../../../Engine/Content/EngineMaterials/Substrate/GLints/dict_16_192_64_0p5_0p02_0008_0003.uasset" 5031
"../../../Engine/Content/EngineMaterials/Substrate/GLints/dict_16_192_64_0p5_0p02_0009_0000.uasset" 5032
"../../../Engine/Content/EngineMaterials/Substrate/GLints/dict_16_192_64_0p5_0p02_0008_0014.uasset" 5033
"../../../Engine/Content/EngineMaterials/Substrate/GLints/dict_16_192_64_0p5_0p02_0009_0004.uasset" 5034
"/Engine/EngineMaterials/Substrate/GLints/dict_16_192_64_0p5_0p02_0007_0012" 5035
"/Engine/EngineMaterials/Substrate/GLints/dict_16_192_64_0p5_0p02_0007_0011" 5036
"/Engine/EngineMaterials/Substrate/GLints/dict_16_192_64_0p5_0p02_0007_0010" 5037
"/Engine/EngineMaterials/Substrate/GLints/dict_16_192_64_0p5_0p02_0007_0009" 5038
"/Engine/EngineMaterials/Substrate/GLints/dict_16_192_64_0p5_0p02_0007_0008" 5039
"/Engine/EngineMaterials/Substrate/GLints/dict_16_192_64_0p5_0p02_0007_0007" 5040
"/Engine/EngineMaterials/Substrate/GLints/dict_16_192_64_0p5_0p02_0007_0006" 5041
"/Engine/EngineMaterials/Substrate/GLints/dict_16_192_64_0p5_0p02_0007_0005" 5042
"../../../Engine/Content/EngineMaterials/Substrate/GLints/dict_16_192_64_0p5_0p02_0009_0007.uasset" 5043
"../../../Engine/Content/EngineMaterials/Substrate/GLints/dict_16_192_64_0p5_0p02_0009_0006.uasset" 5044
"../../../Engine/Content/EngineMaterials/Substrate/GLints/dict_16_192_64_0p5_0p02_0009_0005.uasset" 5045
"../../../Engine/Content/EngineMaterials/Substrate/GLints/dict_16_192_64_0p5_0p02_0009_0011.uasset" 5046
"../../../Engine/Content/EngineMaterials/Substrate/GLints/dict_16_192_64_0p5_0p02_0009_0008.uasset" 5047
"/Engine/EngineMaterials/Substrate/GLints/dict_16_192_64_0p5_0p02_0009_0004" 5048
"../../../Engine/Content/EngineMaterials/Substrate/GLints/dict_16_192_64_0p5_0p02_0009_0013.uasset" 5049
"../../../Engine/Content/EngineMaterials/Substrate/GLints/dict_16_192_64_0p5_0p02_0009_0010.uasset" 5050
"../../../Engine/Content/EngineMaterials/Substrate/GLints/dict_16_192_64_0p5_0p02_0009_0012.uasset" 5051
"../../../Engine/Content/EngineMaterials/Substrate/GLints/dict_16_192_64_0p5_0p02_0009_0009.uasset" 5052
"/Engine/EngineMaterials/Substrate/GLints/dict_16_192_64_0p5_0p02_0009_0003" 5053
"/Engine/EngineMaterials/Substrate/GLints/dict_16_192_64_0p5_0p02_0009_0002" 5054
"/Engine/EngineMaterials/Substrate/GLints/dict_16_192_64_0p5_0p02_0009_0001" 5055
"/Engine/EngineMaterials/Substrate/GLints/dict_16_192_64_0p5_0p02_0009_0000" 5056
"/Engine/EngineMaterials/Substrate/GLints/dict_16_192_64_0p5_0p02_0008_0015" 5057
"/Engine/EngineMaterials/Substrate/GLints/dict_16_192_64_0p5_0p02_0008_0014" 5058
"/Engine/EngineMaterials/Substrate/GLints/dict_16_192_64_0p5_0p02_0008_0013" 5059
"/Engine/EngineMaterials/Substrate/GLints/dict_16_192_64_0p5_0p02_0008_0012" 5060
"/Engine/EngineMaterials/Substrate/GLints/dict_16_192_64_0p5_0p02_0008_0011" 5061
"/Engine/EngineMaterials/Substrate/GLints/dict_16_192_64_0p5_0p02_0008_0010" 5062
"/Engine/EngineMaterials/Substrate/GLints/dict_16_192_64_0p5_0p02_0008_0009" 5063
"/Engine/EngineMaterials/Substrate/GLints/dict_16_192_64_0p5_0p02_0008_0008" 5064
"/Engine/EngineMaterials/Substrate/GLints/dict_16_192_64_0p5_0p02_0008_0007" 5065
"/Engine/EngineMaterials/Substrate/GLints/dict_16_192_64_0p5_0p02_0008_0006" 5066
"/Engine/EngineMaterials/Substrate/GLints/dict_16_192_64_0p5_0p02_0008_0005" 5067
"/Engine/EngineMaterials/Substrate/GLints/dict_16_192_64_0p5_0p02_0008_0004" 5068
"/Engine/EngineMaterials/Substrate/GLints/dict_16_192_64_0p5_0p02_0008_0003" 5069
"/Engine/EngineMaterials/Substrate/GLints/dict_16_192_64_0p5_0p02_0008_0002" 5070
"/Engine/EngineMaterials/Substrate/GLints/dict_16_192_64_0p5_0p02_0008_0001" 5071
"/Engine/EngineMaterials/Substrate/GLints/dict_16_192_64_0p5_0p02_0008_0000" 5072
"/Engine/EngineMaterials/Substrate/GLints/dict_16_192_64_0p5_0p02_0007_0015" 5073
"/Engine/EngineMaterials/Substrate/GLints/dict_16_192_64_0p5_0p02_0007_0014" 5074
"../../../Engine/Content/EngineMaterials/Substrate/GLints/dict_16_192_64_0p5_0p02_0010_0005.uasset" 5075
"../../../Engine/Content/EngineMaterials/Substrate/GLints/dict_16_192_64_0p5_0p02_0010_0001.uasset" 5076
"../../../Engine/Content/EngineMaterials/Substrate/GLints/dict_16_192_64_0p5_0p02_0010_0003.uasset" 5077
"../../../Engine/Content/EngineMaterials/Substrate/GLints/dict_16_192_64_0p5_0p02_0009_0015.uasset" 5078
"../../../Engine/Content/EngineMaterials/Substrate/GLints/dict_16_192_64_0p5_0p02_0010_0011.uasset" 5079
"../../../Engine/Content/EngineMaterials/Substrate/GLints/dict_16_192_64_0p5_0p02_0010_0009.uasset" 5080
"../../../Engine/Content/EngineMaterials/Substrate/GLints/dict_16_192_64_0p5_0p02_0010_0010.uasset" 5081
"../../../Engine/Content/EngineMaterials/Substrate/GLints/dict_16_192_64_0p5_0p02_0010_0015.uasset" 5082
"../../../Engine/Content/EngineMaterials/Substrate/GLints/dict_16_192_64_0p5_0p02_0009_0014.uasset" 5083
"../../../Engine/Content/EngineMaterials/Substrate/GLints/dict_16_192_64_0p5_0p02_0011_0000.uasset" 5084
"../../../Engine/Content/EngineMaterials/Substrate/GLints/dict_16_192_64_0p5_0p02_0011_0002.uasset" 5085
"../../../Engine/Content/EngineMaterials/Substrate/GLints/dict_16_192_64_0p5_0p02_0010_0008.uasset" 5086
"../../../Engine/Content/EngineMaterials/Substrate/GLints/dict_16_192_64_0p5_0p02_0010_0007.uasset" 5087
"../../../Engine/Content/EngineMaterials/Substrate/GLints/dict_16_192_64_0p5_0p02_0010_0004.uasset" 5088
"../../../Engine/Content/EngineMaterials/Substrate/GLints/dict_16_192_64_0p5_0p02_0011_0003.uasset" 5089
"../../../Engine/Content/EngineMaterials/Substrate/GLints/dict_16_192_64_0p5_0p02_0011_0004.uasset" 5090
"../../../Engine/Content/EngineMaterials/Substrate/GLints/dict_16_192_64_0p5_0p02_0010_0002.uasset" 5091
"../../../Engine/Content/EngineMaterials/Substrate/GLints/dict_16_192_64_0p5_0p02_0010_0013.uasset" 5092
"../../../Engine/Content/EngineMaterials/Substrate/GLints/dict_16_192_64_0p5_0p02_0010_0006.uasset" 5093
"/Engine/EngineMaterials/Substrate/GLints/dict_16_192_64_0p5_0p02_0009_0013" 5094
"../../../Engine/Content/EngineMaterials/Substrate/GLints/dict_16_192_64_0p5_0p02_0010_0014.uasset" 5095
"../../../Engine/Content/EngineMaterials/Substrate/GLints/dict_16_192_64_0p5_0p02_0011_0001.uasset" 5096
"../../../Engine/Content/EngineMaterials/Substrate/GLints/dict_16_192_64_0p5_0p02_0010_0012.uasset" 5097
"../../../Engine/Content/EngineMaterials/Substrate/GLints/dict_16_192_64_0p5_0p02_0010_0000.uasset" 5098
"/Engine/EngineMaterials/Substrate/GLints/dict_16_192_64_0p5_0p02_0009_0012" 5099
"/Engine/EngineMaterials/Substrate/GLints/dict_16_192_64_0p5_0p02_0009_0011" 5100
"/Engine/EngineMaterials/Substrate/GLints/dict_16_192_64_0p5_0p02_0009_0010" 5101
"/Engine/EngineMaterials/Substrate/GLints/dict_16_192_64_0p5_0p02_0009_0009" 5102
"/Engine/EngineMaterials/Substrate/GLints/dict_16_192_64_0p5_0p02_0009_0008" 5103
"/Engine/EngineMaterials/Substrate/GLints/dict_16_192_64_0p5_0p02_0009_0007" 5104
"/Engine/EngineMaterials/Substrate/GLints/dict_16_192_64_0p5_0p02_0009_0006" 5105
"/Engine/EngineMaterials/Substrate/GLints/dict_16_192_64_0p5_0p02_0009_0005" 5106
"/Engine/EngineMaterials/Substrate/GLints/dict_16_192_64_0p5_0p02_0010_0005" 5107
"/Engine/EngineMaterials/Substrate/GLints/dict_16_192_64_0p5_0p02_0010_0001" 5108
"../../../Engine/Content/EngineMaterials/Substrate/GLints/dict_16_192_64_0p5_0p02_0011_0005.uasset" 5109
"../../../Engine/Content/EngineMaterials/Substrate/GLints/dict_16_192_64_0p5_0p02_0011_0006.uasset" 5110
"../../../Engine/Content/EngineMaterials/Substrate/GLints/dict_16_192_64_0p5_0p02_0011_0008.uasset" 5111
"/Engine/EngineMaterials/Substrate/GLints/dict_16_192_64_0p5_0p02_0011_0004" 5112
"../../../Engine/Content/EngineMaterials/Substrate/GLints/dict_16_192_64_0p5_0p02_0011_0013.uasset" 5113
"../../../Engine/Content/EngineMaterials/Substrate/GLints/dict_16_192_64_0p5_0p02_0011_0015.uasset" 5114
"../../../Engine/Content/EngineMaterials/Substrate/GLints/dict_16_192_64_0p5_0p02_0011_0011.uasset" 5115
"../../../Engine/Content/EngineMaterials/Substrate/GLints/dict_16_192_64_0p5_0p02_0011_0012.uasset" 5116
"../../../Engine/Content/EngineMaterials/Substrate/GLints/dict_16_192_64_0p5_0p02_0011_0010.uasset" 5117
"../../../Engine/Content/EngineMaterials/Substrate/GLints/dict_16_192_64_0p5_0p02_0011_0009.uasset" 5118
"../../../Engine/Content/EngineMaterials/Substrate/GLints/dict_16_192_64_0p5_0p02_0011_0014.uasset" 5119
"../../../Engine/Content/EngineMaterials/Substrate/GLints/dict_16_192_64_0p5_0p02_0011_0007.uasset" 5120
"/Engine/EngineMaterials/Substrate/GLints/dict_16_192_64_0p5_0p02_0011_0003" 5121
"/Engine/EngineMaterials/Substrate/GLints/dict_16_192_64_0p5_0p02_0011_0002" 5122
"/Engine/EngineMaterials/Substrate/GLints/dict_16_192_64_0p5_0p02_0011_0001" 5123
"/Engine/EngineMaterials/Substrate/GLints/dict_16_192_64_0p5_0p02_0011_0000" 5124
"/Engine/EngineMaterials/Substrate/GLints/dict_16_192_64_0p5_0p02_0010_0015" 5125
"/Engine/EngineMaterials/Substrate/GLints/dict_16_192_64_0p5_0p02_0010_0014" 5126
"/Engine/EngineMaterials/Substrate/GLints/dict_16_192_64_0p5_0p02_0010_0013" 5127
"/Engine/EngineMaterials/Substrate/GLints/dict_16_192_64_0p5_0p02_0010_0012" 5128
"/Engine/EngineMaterials/Substrate/GLints/dict_16_192_64_0p5_0p02_0010_0011" 5129
"/Engine/EngineMaterials/Substrate/GLints/dict_16_192_64_0p5_0p02_0010_0010" 5130
"/Engine/EngineMaterials/Substrate/GLints/dict_16_192_64_0p5_0p02_0010_0009" 5131
"/Engine/EngineMaterials/Substrate/GLints/dict_16_192_64_0p5_0p02_0010_0008" 5132
"/Engine/EngineMaterials/Substrate/GLints/dict_16_192_64_0p5_0p02_0010_0007" 5133
"/Engine/EngineMaterials/Substrate/GLints/dict_16_192_64_0p5_0p02_0010_0006" 5134
"/Engine/EngineMaterials/Substrate/GLints/dict_16_192_64_0p5_0p02_0010_0004" 5135
"/Engine/EngineMaterials/Substrate/GLints/dict_16_192_64_0p5_0p02_0010_0003" 5136
"/Engine/EngineMaterials/Substrate/GLints/dict_16_192_64_0p5_0p02_0010_0002" 5137
"/Engine/EngineMaterials/Substrate/GLints/dict_16_192_64_0p5_0p02_0010_0000" 5138
"/Engine/EngineMaterials/Substrate/GLints/dict_16_192_64_0p5_0p02_0009_0015" 5139
"/Engine/EngineMaterials/Substrate/GLints/dict_16_192_64_0p5_0p02_0009_0014" 5140
"../../../Engine/Content/EngineMaterials/Substrate/GLints/dict_16_192_64_0p5_0p02_0012_0000.uasset" 5141
"../../../Engine/Content/EngineMaterials/Substrate/GLints/dict_16_192_64_0p5_0p02_0012_0001.uasset" 5142
"../../../Engine/Content/EngineMaterials/Substrate/GLints/dict_16_192_64_0p5_0p02_0012_0002.uasset" 5143
"../../../Engine/Content/EngineMaterials/Substrate/GLints/dict_16_192_64_0p5_0p02_0012_0003.uasset" 5144
"../../../Engine/Content/EngineMaterials/Substrate/GLints/dict_16_192_64_0p5_0p02_0012_0011.uasset" 5145
"../../../Engine/Content/EngineMaterials/Substrate/GLints/dict_16_192_64_0p5_0p02_0012_0008.uasset" 5146
"../../../Engine/Content/EngineMaterials/Substrate/GLints/dict_16_192_64_0p5_0p02_0012_0006.uasset" 5147
"../../../Engine/Content/EngineMaterials/Substrate/GLints/dict_16_192_64_0p5_0p02_0012_0012.uasset" 5148
"../../../Engine/Content/EngineMaterials/Substrate/GLints/dict_16_192_64_0p5_0p02_0012_0009.uasset" 5149
"/Engine/EngineMaterials/Substrate/GLints/dict_16_192_64_0p5_0p02_0011_0015" 5150
"../../../Engine/Content/EngineMaterials/Substrate/GLints/dict_16_192_64_0p5_0p02_0012_0013.uasset" 5151
"../../../Engine/Content/EngineMaterials/Substrate/GLints/dict_16_192_64_0p5_0p02_0012_0015.uasset" 5152
"../../../Engine/Content/EngineMaterials/Substrate/GLints/dict_16_192_64_0p5_0p02_0013_0004.uasset" 5153
"../../../Engine/Content/EngineMaterials/Substrate/GLints/dict_16_192_64_0p5_0p02_0013_0000.uasset" 5154
"../../../Engine/Content/EngineMaterials/Substrate/GLints/dict_16_192_64_0p5_0p02_0013_0001.uasset" 5155
"../../../Engine/Content/EngineMaterials/Substrate/GLints/dict_16_192_64_0p5_0p02_0012_0007.uasset" 5156
"../../../Engine/Content/EngineMaterials/Substrate/GLints/dict_16_192_64_0p5_0p02_0012_0004.uasset" 5157
"../../../Engine/Content/EngineMaterials/Substrate/GLints/dict_16_192_64_0p5_0p02_0012_0014.uasset" 5158
"../../../Engine/Content/EngineMaterials/Substrate/GLints/dict_16_192_64_0p5_0p02_0012_0005.uasset" 5159
"../../../Engine/Content/EngineMaterials/Substrate/GLints/dict_16_192_64_0p5_0p02_0012_0010.uasset" 5160
"../../../Engine/Content/EngineMaterials/Substrate/GLints/dict_16_192_64_0p5_0p02_0013_0002.uasset" 5161
"/Engine/EngineMaterials/Substrate/GLints/dict_16_192_64_0p5_0p02_0011_0014" 5162
"../../../Engine/Content/EngineMaterials/Substrate/GLints/dict_16_192_64_0p5_0p02_0013_0003.uasset" 5163
"/Engine/EngineMaterials/Substrate/GLints/dict_16_192_64_0p5_0p02_0011_0013" 5164
"/Engine/EngineMaterials/Substrate/GLints/dict_16_192_64_0p5_0p02_0011_0012" 5165
"/Engine/EngineMaterials/Substrate/GLints/dict_16_192_64_0p5_0p02_0011_0011" 5166
"/Engine/EngineMaterials/Substrate/GLints/dict_16_192_64_0p5_0p02_0011_0010" 5167
"/Engine/EngineMaterials/Substrate/GLints/dict_16_192_64_0p5_0p02_0011_0009" 5168
"/Engine/EngineMaterials/Substrate/GLints/dict_16_192_64_0p5_0p02_0011_0008" 5169
"/Engine/EngineMaterials/Substrate/GLints/dict_16_192_64_0p5_0p02_0011_0007" 5170
"/Engine/EngineMaterials/Substrate/GLints/dict_16_192_64_0p5_0p02_0011_0006" 5171
"/Engine/EngineMaterials/Substrate/GLints/dict_16_192_64_0p5_0p02_0011_0005" 5172
"/Engine/EngineMaterials/Substrate/GLints/dict_16_192_64_0p5_0p02_0012_0001" 5173
"../../../Engine/Content/EngineMaterials/Substrate/GLints/dict_16_192_64_0p5_0p02_0013_0011.uasset" 5174
"../../../Engine/Content/EngineMaterials/Substrate/GLints/dict_16_192_64_0p5_0p02_0013_0007.uasset" 5175
"../../../Engine/Content/EngineMaterials/Substrate/GLints/dict_16_192_64_0p5_0p02_0013_0009.uasset" 5176
"../../../Engine/Content/EngineMaterials/Substrate/GLints/dict_16_192_64_0p5_0p02_0013_0010.uasset" 5177
"../../../Engine/Content/EngineMaterials/Substrate/GLints/dict_16_192_64_0p5_0p02_0013_0015.uasset" 5178
"../../../Engine/Content/EngineMaterials/Substrate/GLints/dict_16_192_64_0p5_0p02_0014_0000.uasset" 5179
"/Engine/EngineMaterials/Substrate/GLints/dict_16_192_64_0p5_0p02_0013_0004" 5180
"../../../Engine/Content/EngineMaterials/Substrate/GLints/dict_16_192_64_0p5_0p02_0013_0014.uasset" 5181
"../../../Engine/Content/EngineMaterials/Substrate/GLints/dict_16_192_64_0p5_0p02_0013_0013.uasset" 5182
"../../../Engine/Content/EngineMaterials/Substrate/GLints/dict_16_192_64_0p5_0p02_0013_0006.uasset" 5183
"../../../Engine/Content/EngineMaterials/Substrate/GLints/dict_16_192_64_0p5_0p02_0013_0008.uasset" 5184
"../../../Engine/Content/EngineMaterials/Substrate/GLints/dict_16_192_64_0p5_0p02_0013_0005.uasset" 5185
"../../../Engine/Content/EngineMaterials/Substrate/GLints/dict_16_192_64_0p5_0p02_0013_0012.uasset" 5186
"/Engine/EngineMaterials/Substrate/GLints/dict_16_192_64_0p5_0p02_0013_0003" 5187
"/Engine/EngineMaterials/Substrate/GLints/dict_16_192_64_0p5_0p02_0013_0002" 5188
"/Engine/EngineMaterials/Substrate/GLints/dict_16_192_64_0p5_0p02_0013_0001" 5189
"/Engine/EngineMaterials/Substrate/GLints/dict_16_192_64_0p5_0p02_0013_0000" 5190
"/Engine/EngineMaterials/Substrate/GLints/dict_16_192_64_0p5_0p02_0012_0015" 5191
"/Engine/EngineMaterials/Substrate/GLints/dict_16_192_64_0p5_0p02_0012_0014" 5192
"/Engine/EngineMaterials/Substrate/GLints/dict_16_192_64_0p5_0p02_0012_0013" 5193
"/Engine/EngineMaterials/Substrate/GLints/dict_16_192_64_0p5_0p02_0012_0012" 5194
"/Engine/EngineMaterials/Substrate/GLints/dict_16_192_64_0p5_0p02_0012_0011" 5195
"/Engine/EngineMaterials/Substrate/GLints/dict_16_192_64_0p5_0p02_0012_0010" 5196
"/Engine/EngineMaterials/Substrate/GLints/dict_16_192_64_0p5_0p02_0012_0009" 5197
"/Engine/EngineMaterials/Substrate/GLints/dict_16_192_64_0p5_0p02_0012_0008" 5198
"/Engine/EngineMaterials/Substrate/GLints/dict_16_192_64_0p5_0p02_0012_0007" 5199
"/Engine/EngineMaterials/Substrate/GLints/dict_16_192_64_0p5_0p02_0012_0006" 5200
"/Engine/EngineMaterials/Substrate/GLints/dict_16_192_64_0p5_0p02_0012_0005" 5201
"/Engine/EngineMaterials/Substrate/GLints/dict_16_192_64_0p5_0p02_0012_0004" 5202
"/Engine/EngineMaterials/Substrate/GLints/dict_16_192_64_0p5_0p02_0012_0003" 5203
"/Engine/EngineMaterials/Substrate/GLints/dict_16_192_64_0p5_0p02_0012_0002" 5204
"/Engine/EngineMaterials/Substrate/GLints/dict_16_192_64_0p5_0p02_0012_0000" 5205
"../../../Engine/Content/EngineMaterials/Substrate/GLints/dict_16_192_64_0p5_0p02_0014_0002.uasset" 5206
"../../../Engine/Content/EngineMaterials/Substrate/GLints/dict_16_192_64_0p5_0p02_0014_0003.uasset" 5207
"../../../Engine/Content/EngineMaterials/Substrate/GLints/dict_16_192_64_0p5_0p02_0014_0004.uasset" 5208
"../../../Engine/Content/EngineMaterials/Substrate/GLints/dict_16_192_64_0p5_0p02_0014_0007.uasset" 5209
"../../../Engine/Content/EngineMaterials/Substrate/GLints/dict_16_192_64_0p5_0p02_0014_0011.uasset" 5210
"../../../Engine/Content/EngineMaterials/Substrate/GLints/dict_16_192_64_0p5_0p02_0015_0000.uasset" 5211
"../../../Engine/Content/EngineMaterials/Substrate/GLints/dict_16_192_64_0p5_0p02_0014_0014.uasset" 5212
"../../../Engine/Content/EngineMaterials/Substrate/GLints/dict_16_192_64_0p5_0p02_0014_0008.uasset" 5213
"../../../Engine/Content/EngineMaterials/Substrate/GLints/dict_16_192_64_0p5_0p02_0014_0006.uasset" 5214
"../../../Engine/Content/EngineMaterials/Substrate/GLints/dict_16_192_64_0p5_0p02_0014_0001.uasset" 5215
"../../../Engine/Content/EngineMaterials/Substrate/GLints/dict_16_192_64_0p5_0p02_0015_0003.uasset" 5216
"../../../Engine/Content/EngineMaterials/Substrate/GLints/dict_16_192_64_0p5_0p02_0015_0004.uasset" 5217
"/Engine/EngineMaterials/Substrate/GLints/dict_16_192_64_0p5_0p02_0014_0000" 5218
"../../../Engine/Content/EngineMaterials/Substrate/GLints/dict_16_192_64_0p5_0p02_0015_0001.uasset" 5219
"../../../Engine/Content/EngineMaterials/Substrate/GLints/dict_16_192_64_0p5_0p02_0014_0010.uasset" 5220
"../../../Engine/Content/EngineMaterials/Substrate/GLints/dict_16_192_64_0p5_0p02_0014_0012.uasset" 5221
"../../../Engine/Content/EngineMaterials/Substrate/GLints/dict_16_192_64_0p5_0p02_0014_0009.uasset" 5222
"../../../Engine/Content/EngineMaterials/Substrate/GLints/dict_16_192_64_0p5_0p02_0015_0002.uasset" 5223
"../../../Engine/Content/EngineMaterials/Substrate/GLints/dict_16_192_64_0p5_0p02_0014_0005.uasset" 5224
"../../../Engine/Content/EngineMaterials/Substrate/GLints/dict_16_192_64_0p5_0p02_0014_0013.uasset" 5225
"../../../Engine/Content/EngineMaterials/Substrate/GLints/dict_16_192_64_0p5_0p02_0014_0015.uasset" 5226
"/Engine/EngineMaterials/Substrate/GLints/dict_16_192_64_0p5_0p02_0013_0015" 5227
"/Engine/EngineMaterials/Substrate/GLints/dict_16_192_64_0p5_0p02_0013_0014" 5228
"/Engine/EngineMaterials/Substrate/GLints/dict_16_192_64_0p5_0p02_0013_0013" 5229
"/Engine/EngineMaterials/Substrate/GLints/dict_16_192_64_0p5_0p02_0013_0012" 5230
"/Engine/EngineMaterials/Substrate/GLints/dict_16_192_64_0p5_0p02_0013_0011" 5231
"/Engine/EngineMaterials/Substrate/GLints/dict_16_192_64_0p5_0p02_0013_0010" 5232
"/Engine/EngineMaterials/Substrate/GLints/dict_16_192_64_0p5_0p02_0013_0009" 5233
"/Engine/EngineMaterials/Substrate/GLints/dict_16_192_64_0p5_0p02_0013_0008" 5234
"/Engine/EngineMaterials/Substrate/GLints/dict_16_192_64_0p5_0p02_0013_0007" 5235
"/Engine/EngineMaterials/Substrate/GLints/dict_16_192_64_0p5_0p02_0014_0003" 5236
"/Engine/EngineMaterials/Substrate/GLints/dict_16_192_64_0p5_0p02_0013_0006" 5237
"/Engine/EngineMaterials/Substrate/GLints/dict_16_192_64_0p5_0p02_0014_0002" 5238
"/Engine/EngineMaterials/Substrate/GLints/dict_16_192_64_0p5_0p02_0013_0005" 5239
"../../../Engine/Content/EngineMaterials/Substrate/GLints/dict_16_192_64_0p5_0p02_0015_0006.uasset" 5240
"../../../Engine/Content/EngineMaterials/Substrate/GLints/dict_16_192_64_0p5_0p02_0015_0005.uasset" 5241
"../../../Engine/Content/EngineMaterials/Substrate/GLints/dict_16_192_64_0p5_0p02_0015_0007.uasset" 5242
"../../../Engine/Content/EngineMaterials/Substrate/GLints/dict_16_192_64_0p5_0p02_0015_0014.uasset" 5243
"../../../Engine/Content/EngineMaterials/Substrate/GLints/dict_16_192_64_0p5_0p02_0015_0009.uasset" 5244
"../../../Engine/Content/EngineMaterials/Substrate/GLints/dict_16_192_64_0p5_0p02_0015_0013.uasset" 5245
"../../../Engine/Content/EngineMaterials/Substrate/GLints/dict_16_192_64_0p5_0p02_0016_0000.uasset" 5246
"../../../Engine/Content/EngineMaterials/Substrate/GLints/dict_16_192_64_0p5_0p02_0015_0010.uasset" 5247
"../../../Engine/Content/EngineMaterials/Substrate/GLints/dict_16_192_64_0p5_0p02_0015_0015.uasset" 5248
"../../../Engine/Content/EngineMaterials/Substrate/GLints/dict_16_192_64_0p5_0p02_0015_0008.uasset" 5249
"../../../Engine/Content/EngineMaterials/Substrate/GLints/dict_16_192_64_0p5_0p02_0015_0011.uasset" 5250
"../../../Engine/Content/EngineMaterials/Substrate/GLints/dict_16_192_64_0p5_0p02_0015_0012.uasset" 5251
"../../../Engine/Content/EngineMaterials/Substrate/GLints/dict_16_192_64_0p5_0p02_0016_0001.uasset" 5252
"/Engine/EngineMaterials/Substrate/GLints/dict_16_192_64_0p5_0p02_0015_0004" 5253
"../../../Engine/Content/EngineMaterials/Substrate/GLints/dict_16_192_64_0p5_0p02_0016_0002.uasset" 5254
"/Engine/EngineMaterials/Substrate/GLints/dict_16_192_64_0p5_0p02_0015_0003" 5255
"/Engine/EngineMaterials/Substrate/GLints/dict_16_192_64_0p5_0p02_0015_0002" 5256
"/Engine/EngineMaterials/Substrate/GLints/dict_16_192_64_0p5_0p02_0015_0001" 5257
"/Engine/EngineMaterials/Substrate/GLints/dict_16_192_64_0p5_0p02_0015_0000" 5258
"/Engine/EngineMaterials/Substrate/GLints/dict_16_192_64_0p5_0p02_0014_0015" 5259
"/Engine/EngineMaterials/Substrate/GLints/dict_16_192_64_0p5_0p02_0014_0014" 5260
"/Engine/EngineMaterials/Substrate/GLints/dict_16_192_64_0p5_0p02_0014_0013" 5261
"/Engine/EngineMaterials/Substrate/GLints/dict_16_192_64_0p5_0p02_0014_0012" 5262
"/Engine/EngineMaterials/Substrate/GLints/dict_16_192_64_0p5_0p02_0014_0011" 5263
"/Engine/EngineMaterials/Substrate/GLints/dict_16_192_64_0p5_0p02_0014_0010" 5264
"/Engine/EngineMaterials/Substrate/GLints/dict_16_192_64_0p5_0p02_0014_0009" 5265
"/Engine/EngineMaterials/Substrate/GLints/dict_16_192_64_0p5_0p02_0014_0008" 5266
"/Engine/EngineMaterials/Substrate/GLints/dict_16_192_64_0p5_0p02_0014_0007" 5267
"/Engine/EngineMaterials/Substrate/GLints/dict_16_192_64_0p5_0p02_0014_0006" 5268
"/Engine/EngineMaterials/Substrate/GLints/dict_16_192_64_0p5_0p02_0014_0005" 5269
"/Engine/EngineMaterials/Substrate/GLints/dict_16_192_64_0p5_0p02_0014_0004" 5270
"/Engine/EngineMaterials/Substrate/GLints/dict_16_192_64_0p5_0p02_0014_0001" 5271
"../../../Engine/Content/EngineMaterials/Substrate/GLints/dict_16_192_64_0p5_0p02_0016_0004.uasset" 5272
"../../../Engine/Content/EngineMaterials/Substrate/GLints/dict_16_192_64_0p5_0p02_0016_0003.uasset" 5273
"../../../Engine/Content/EngineMaterials/Substrate/GLints/dict_16_192_64_0p5_0p02_0016_0014.uasset" 5274
"../../../Engine/Content/EngineMaterials/Substrate/GLints/dict_16_192_64_0p5_0p02_0016_0007.uasset" 5275
"../../../Engine/Content/EngineMaterials/Substrate/GLints/dict_16_192_64_0p5_0p02_0016_0015.uasset" 5276
"../../../Engine/Content/EngineMaterials/Substrate/GLints/dict_16_192_64_0p5_0p02_0017_0002.uasset" 5277
"../../../Engine/Content/EngineMaterials/Substrate/GLints/dict_16_192_64_0p5_0p02_0017_0001.uasset" 5278
"../../../Engine/Content/EngineMaterials/Substrate/GLints/dict_16_192_64_0p5_0p02_0016_0012.uasset" 5279
"../../../Engine/Content/EngineMaterials/Substrate/GLints/dict_16_192_64_0p5_0p02_0017_0004.uasset" 5280
"../../../Engine/Content/EngineMaterials/Substrate/GLints/dict_16_192_64_0p5_0p02_0016_0013.uasset" 5281
"../../../Engine/Content/EngineMaterials/Substrate/GLints/dict_16_192_64_0p5_0p02_0016_0011.uasset" 5282
"../../../Engine/Content/EngineMaterials/Substrate/GLints/dict_16_192_64_0p5_0p02_0016_0005.uasset" 5283
"/Engine/EngineMaterials/Substrate/GLints/dict_16_192_64_0p5_0p02_0016_0002" 5284
"../../../Engine/Content/EngineMaterials/Substrate/GLints/dict_16_192_64_0p5_0p02_0016_0010.uasset" 5285
"../../../Engine/Content/EngineMaterials/Substrate/GLints/dict_16_192_64_0p5_0p02_0017_0003.uasset" 5286
"../../../Engine/Content/EngineMaterials/Substrate/GLints/dict_16_192_64_0p5_0p02_0016_0008.uasset" 5287
"../../../Engine/Content/EngineMaterials/Substrate/GLints/dict_16_192_64_0p5_0p02_0016_0006.uasset" 5288
"../../../Engine/Content/EngineMaterials/Substrate/GLints/dict_16_192_64_0p5_0p02_0017_0000.uasset" 5289
"../../../Engine/Content/EngineMaterials/Substrate/GLints/dict_16_192_64_0p5_0p02_0016_0009.uasset" 5290
"/Engine/EngineMaterials/Substrate/GLints/dict_16_192_64_0p5_0p02_0016_0001" 5291
"/Engine/EngineMaterials/Substrate/GLints/dict_16_192_64_0p5_0p02_0016_0000" 5292
"/Engine/EngineMaterials/Substrate/GLints/dict_16_192_64_0p5_0p02_0015_0015" 5293
"/Engine/EngineMaterials/Substrate/GLints/dict_16_192_64_0p5_0p02_0015_0014" 5294
"/Engine/EngineMaterials/Substrate/GLints/dict_16_192_64_0p5_0p02_0015_0013" 5295
"/Engine/EngineMaterials/Substrate/GLints/dict_16_192_64_0p5_0p02_0015_0012" 5296
"/Engine/EngineMaterials/Substrate/GLints/dict_16_192_64_0p5_0p02_0015_0011" 5297
"/Engine/EngineMaterials/Substrate/GLints/dict_16_192_64_0p5_0p02_0015_0010" 5298
"/Engine/EngineMaterials/Substrate/GLints/dict_16_192_64_0p5_0p02_0015_0009" 5299
"/Engine/EngineMaterials/Substrate/GLints/dict_16_192_64_0p5_0p02_0015_0008" 5300
"/Engine/EngineMaterials/Substrate/GLints/dict_16_192_64_0p5_0p02_0015_0007" 5301
"/Engine/EngineMaterials/Substrate/GLints/dict_16_192_64_0p5_0p02_0015_0006" 5302
"/Engine/EngineMaterials/Substrate/GLints/dict_16_192_64_0p5_0p02_0015_0005" 5303
"/Engine/EngineMaterials/Substrate/GLints/dict_16_192_64_0p5_0p02_0016_0003" 5304
"../../../Engine/Content/EngineMaterials/Substrate/GLints/dict_16_192_64_0p5_0p02_0017_0006.uasset" 5305
"../../../Engine/Content/EngineMaterials/Substrate/GLints/dict_16_192_64_0p5_0p02_0017_0005.uasset" 5306
"../../../Engine/Content/EngineMaterials/Substrate/GLints/dict_16_192_64_0p5_0p02_0017_0011.uasset" 5307
"../../../Engine/Content/EngineMaterials/Substrate/GLints/dict_16_192_64_0p5_0p02_0017_0007.uasset" 5308
"../../../Engine/Content/EngineMaterials/Substrate/GLints/dict_16_192_64_0p5_0p02_0017_0010.uasset" 5309
"../../../Engine/Content/EngineMaterials/Substrate/GLints/dict_16_192_64_0p5_0p02_0018_0003.uasset" 5310
"/Engine/EngineMaterials/Substrate/GLints/dict_16_192_64_0p5_0p02_0017_0004" 5311
"../../../Engine/Content/EngineMaterials/Substrate/GLints/dict_16_192_64_0p5_0p02_0018_0000.uasset" 5312
"../../../Engine/Content/EngineMaterials/Substrate/GLints/dict_16_192_64_0p5_0p02_0018_0002.uasset" 5313
"../../../Engine/Content/EngineMaterials/Substrate/GLints/dict_16_192_64_0p5_0p02_0017_0012.uasset" 5314
"../../../Engine/Content/EngineMaterials/Substrate/GLints/dict_16_192_64_0p5_0p02_0017_0013.uasset" 5315
"../../../Engine/Content/EngineMaterials/Substrate/GLints/dict_16_192_64_0p5_0p02_0017_0009.uasset" 5316
"../../../Engine/Content/EngineMaterials/Substrate/GLints/dict_16_192_64_0p5_0p02_0018_0001.uasset" 5317
"../../../Engine/Content/EngineMaterials/Substrate/GLints/dict_16_192_64_0p5_0p02_0017_0014.uasset" 5318
"../../../Engine/Content/EngineMaterials/Substrate/GLints/dict_16_192_64_0p5_0p02_0017_0015.uasset" 5319
"../../../Engine/Content/EngineMaterials/Substrate/GLints/dict_16_192_64_0p5_0p02_0017_0008.uasset" 5320
"/Engine/EngineMaterials/Substrate/GLints/dict_16_192_64_0p5_0p02_0017_0003" 5321
"/Engine/EngineMaterials/Substrate/GLints/dict_16_192_64_0p5_0p02_0017_0002" 5322
"/Engine/EngineMaterials/Substrate/GLints/dict_16_192_64_0p5_0p02_0017_0001" 5323
"/Engine/EngineMaterials/Substrate/GLints/dict_16_192_64_0p5_0p02_0017_0000" 5324
"/Engine/EngineMaterials/Substrate/GLints/dict_16_192_64_0p5_0p02_0016_0015" 5325
"/Engine/EngineMaterials/Substrate/GLints/dict_16_192_64_0p5_0p02_0016_0014" 5326
"/Engine/EngineMaterials/Substrate/GLints/dict_16_192_64_0p5_0p02_0016_0013" 5327
"/Engine/EngineMaterials/Substrate/GLints/dict_16_192_64_0p5_0p02_0016_0012" 5328
"/Engine/EngineMaterials/Substrate/GLints/dict_16_192_64_0p5_0p02_0016_0011" 5329
"/Engine/EngineMaterials/Substrate/GLints/dict_16_192_64_0p5_0p02_0016_0010" 5330
"/Engine/EngineMaterials/Substrate/GLints/dict_16_192_64_0p5_0p02_0016_0009" 5331
"/Engine/EngineMaterials/Substrate/GLints/dict_16_192_64_0p5_0p02_0016_0008" 5332
"/Engine/EngineMaterials/Substrate/GLints/dict_16_192_64_0p5_0p02_0016_0007" 5333
"/Engine/EngineMaterials/Substrate/GLints/dict_16_192_64_0p5_0p02_0016_0006" 5334
"/Engine/EngineMaterials/Substrate/GLints/dict_16_192_64_0p5_0p02_0016_0005" 5335
"/Engine/EngineMaterials/Substrate/GLints/dict_16_192_64_0p5_0p02_0016_0004" 5336
"../../../Engine/Content/EngineMaterials/Substrate/GLints/dict_16_192_64_0p5_0p02_0018_0006.uasset" 5337
"../../../Engine/Content/EngineMaterials/Substrate/GLints/dict_16_192_64_0p5_0p02_0018_0010.uasset" 5338
"../../../Engine/Content/EngineMaterials/Substrate/GLints/dict_16_192_64_0p5_0p02_0018_0009.uasset" 5339
"../../../Engine/Content/EngineMaterials/Substrate/GLints/dict_16_192_64_0p5_0p02_0018_0011.uasset" 5340
"../../../Engine/Content/EngineMaterials/Substrate/GLints/dict_16_192_64_0p5_0p02_0018_0012.uasset" 5341
"/Engine/EngineMaterials/Substrate/GLints/dict_16_192_64_0p5_0p02_0018_0003" 5342
"../../../Engine/Content/EngineMaterials/Substrate/GLints/dict_16_192_64_0p5_0p02_0018_0005.uasset" 5343
"../../../Engine/Content/EngineMaterials/Substrate/GLints/dict_16_192_64_0p5_0p02_0018_0013.uasset" 5344
"../../../Engine/Content/EngineMaterials/Substrate/GLints/dict_16_192_64_0p5_0p02_0019_0000.uasset" 5345
"../../../Engine/Content/EngineMaterials/Substrate/GLints/dict_16_192_64_0p5_0p02_0018_0015.uasset" 5346
"../../../Engine/Content/EngineMaterials/Substrate/GLints/dict_16_192_64_0p5_0p02_0019_0003.uasset" 5347
"../../../Engine/Content/EngineMaterials/Substrate/GLints/dict_16_192_64_0p5_0p02_0019_0004.uasset" 5348
"../../../Engine/Content/EngineMaterials/Substrate/GLints/dict_16_192_64_0p5_0p02_0019_0001.uasset" 5349
"../../../Engine/Content/EngineMaterials/Substrate/GLints/dict_16_192_64_0p5_0p02_0018_0014.uasset" 5350
"../../../Engine/Content/EngineMaterials/Substrate/GLints/dict_16_192_64_0p5_0p02_0018_0004.uasset" 5351
"../../../Engine/Content/EngineMaterials/Substrate/GLints/dict_16_192_64_0p5_0p02_0019_0002.uasset" 5352
"../../../Engine/Content/EngineMaterials/Substrate/GLints/dict_16_192_64_0p5_0p02_0018_0007.uasset" 5353
"../../../Engine/Content/EngineMaterials/Substrate/GLints/dict_16_192_64_0p5_0p02_0018_0008.uasset" 5354
"/Engine/EngineMaterials/Substrate/GLints/dict_16_192_64_0p5_0p02_0018_0002" 5355
"/Engine/EngineMaterials/Substrate/GLints/dict_16_192_64_0p5_0p02_0018_0001" 5356
"/Engine/EngineMaterials/Substrate/GLints/dict_16_192_64_0p5_0p02_0018_0000" 5357
"/Engine/EngineMaterials/Substrate/GLints/dict_16_192_64_0p5_0p02_0017_0015" 5358
"/Engine/EngineMaterials/Substrate/GLints/dict_16_192_64_0p5_0p02_0017_0014" 5359
"/Engine/EngineMaterials/Substrate/GLints/dict_16_192_64_0p5_0p02_0017_0013" 5360
"/Engine/EngineMaterials/Substrate/GLints/dict_16_192_64_0p5_0p02_0017_0012" 5361
"/Engine/EngineMaterials/Substrate/GLints/dict_16_192_64_0p5_0p02_0017_0011" 5362
"/Engine/EngineMaterials/Substrate/GLints/dict_16_192_64_0p5_0p02_0017_0010" 5363
"/Engine/EngineMaterials/Substrate/GLints/dict_16_192_64_0p5_0p02_0017_0009" 5364
"/Engine/EngineMaterials/Substrate/GLints/dict_16_192_64_0p5_0p02_0017_0008" 5365
"/Engine/EngineMaterials/Substrate/GLints/dict_16_192_64_0p5_0p02_0017_0007" 5366
"/Engine/EngineMaterials/Substrate/GLints/dict_16_192_64_0p5_0p02_0017_0006" 5367
"/Engine/EngineMaterials/Substrate/GLints/dict_16_192_64_0p5_0p02_0017_0005" 5368
"../../../Engine/Content/EngineMaterials/Substrate/GLints/dict_16_192_64_0p5_0p02_0019_0005.uasset" 5369
"../../../Engine/Content/EngineMaterials/Substrate/GLints/dict_16_192_64_0p5_0p02_0019_0009.uasset" 5370
"../../../Engine/Content/EngineMaterials/Substrate/GLints/dict_16_192_64_0p5_0p02_0019_0008.uasset" 5371
"../../../Engine/Content/EngineMaterials/Substrate/GLints/dict_16_192_64_0p5_0p02_0019_0013.uasset" 5372
"../../../Engine/Content/EngineMaterials/Substrate/GLints/dict_16_192_64_0p5_0p02_0019_0010.uasset" 5373
"../../../Engine/Content/EngineMaterials/Substrate/GLints/dict_16_192_64_0p5_0p02_0020_0001.uasset" 5374
"../../../Engine/Content/EngineMaterials/Substrate/GLints/dict_16_192_64_0p5_0p02_0020_0003.uasset" 5375
"../../../Engine/Content/EngineMaterials/Substrate/GLints/dict_16_192_64_0p5_0p02_0019_0015.uasset" 5376
"../../../Engine/Content/EngineMaterials/Substrate/GLints/dict_16_192_64_0p5_0p02_0019_0007.uasset" 5377
"/Engine/EngineMaterials/Substrate/GLints/dict_16_192_64_0p5_0p02_0019_0004" 5378
"../../../Engine/Content/EngineMaterials/Substrate/GLints/dict_16_192_64_0p5_0p02_0019_0012.uasset" 5379
"../../../Engine/Content/EngineMaterials/Substrate/GLints/dict_16_192_64_0p5_0p02_0019_0006.uasset" 5380
"../../../Engine/Content/EngineMaterials/Substrate/GLints/dict_16_192_64_0p5_0p02_0019_0011.uasset" 5381
"../../../Engine/Content/EngineMaterials/Substrate/GLints/dict_16_192_64_0p5_0p02_0020_0000.uasset" 5382
"../../../Engine/Content/EngineMaterials/Substrate/GLints/dict_16_192_64_0p5_0p02_0019_0014.uasset" 5383
"../../../Engine/Content/EngineMaterials/Substrate/GLints/dict_16_192_64_0p5_0p02_0020_0002.uasset" 5384
"/Engine/EngineMaterials/Substrate/GLints/dict_16_192_64_0p5_0p02_0019_0003" 5385
"/Engine/EngineMaterials/Substrate/GLints/dict_16_192_64_0p5_0p02_0019_0002" 5386
"/Engine/EngineMaterials/Substrate/GLints/dict_16_192_64_0p5_0p02_0019_0001" 5387
"/Engine/EngineMaterials/Substrate/GLints/dict_16_192_64_0p5_0p02_0019_0000" 5388
"/Engine/EngineMaterials/Substrate/GLints/dict_16_192_64_0p5_0p02_0018_0015" 5389
"/Engine/EngineMaterials/Substrate/GLints/dict_16_192_64_0p5_0p02_0018_0014" 5390
"/Engine/EngineMaterials/Substrate/GLints/dict_16_192_64_0p5_0p02_0018_0013" 5391
"/Engine/EngineMaterials/Substrate/GLints/dict_16_192_64_0p5_0p02_0018_0012" 5392
"/Engine/EngineMaterials/Substrate/GLints/dict_16_192_64_0p5_0p02_0018_0011" 5393
"/Engine/EngineMaterials/Substrate/GLints/dict_16_192_64_0p5_0p02_0018_0010" 5394
"/Engine/EngineMaterials/Substrate/GLints/dict_16_192_64_0p5_0p02_0018_0009" 5395
"/Engine/EngineMaterials/Substrate/GLints/dict_16_192_64_0p5_0p02_0018_0008" 5396
"/Engine/EngineMaterials/Substrate/GLints/dict_16_192_64_0p5_0p02_0018_0007" 5397
"/Engine/EngineMaterials/Substrate/GLints/dict_16_192_64_0p5_0p02_0018_0006" 5398
"/Engine/EngineMaterials/Substrate/GLints/dict_16_192_64_0p5_0p02_0018_0005" 5399
"/Engine/EngineMaterials/Substrate/GLints/dict_16_192_64_0p5_0p02_0018_0004" 5400
"/Engine/EngineMaterials/Substrate/GLints/dict_16_192_64_0p5_0p02_0019_0005" 5401
"../../../Engine/Content/EngineMaterials/Substrate/GLints/dict_16_192_64_0p5_0p02_0020_0006.uasset" 5402
"../../../Engine/Content/EngineMaterials/Substrate/GLints/dict_16_192_64_0p5_0p02_0020_0009.uasset" 5403
"../../../Engine/Content/EngineMaterials/Substrate/GLints/dict_16_192_64_0p5_0p02_0020_0004.uasset" 5404
"../../../Engine/Content/EngineMaterials/Substrate/GLints/dict_16_192_64_0p5_0p02_0020_0012.uasset" 5405
"../../../Engine/Content/EngineMaterials/Substrate/GLints/dict_16_192_64_0p5_0p02_0021_0002.uasset" 5406
"../../../Engine/Content/EngineMaterials/Substrate/GLints/dict_16_192_64_0p5_0p02_0021_0001.uasset" 5407
"../../../Engine/Content/EngineMaterials/Substrate/GLints/dict_16_192_64_0p5_0p02_0020_0007.uasset" 5408
"../../../Engine/Content/EngineMaterials/Substrate/GLints/dict_16_192_64_0p5_0p02_0020_0005.uasset" 5409
"/Engine/EngineMaterials/Substrate/GLints/dict_16_192_64_0p5_0p02_0020_0003" 5410
"../../../Engine/Content/EngineMaterials/Substrate/GLints/dict_16_192_64_0p5_0p02_0021_0005.uasset" 5411
"../../../Engine/Content/EngineMaterials/Substrate/GLints/dict_16_192_64_0p5_0p02_0020_0011.uasset" 5412
"../../../Engine/Content/EngineMaterials/Substrate/GLints/dict_16_192_64_0p5_0p02_0021_0000.uasset" 5413
"../../../Engine/Content/EngineMaterials/Substrate/GLints/dict_16_192_64_0p5_0p02_0020_0010.uasset" 5414
"../../../Engine/Content/EngineMaterials/Substrate/GLints/dict_16_192_64_0p5_0p02_0021_0003.uasset" 5415
"../../../Engine/Content/EngineMaterials/Substrate/GLints/dict_16_192_64_0p5_0p02_0020_0013.uasset" 5416
"../../../Engine/Content/EngineMaterials/Substrate/GLints/dict_16_192_64_0p5_0p02_0020_0015.uasset" 5417
"../../../Engine/Content/EngineMaterials/Substrate/GLints/dict_16_192_64_0p5_0p02_0021_0004.uasset" 5418
"../../../Engine/Content/EngineMaterials/Substrate/GLints/dict_16_192_64_0p5_0p02_0020_0008.uasset" 5419
"../../../Engine/Content/EngineMaterials/Substrate/GLints/dict_16_192_64_0p5_0p02_0020_0014.uasset" 5420
"/Engine/EngineMaterials/Substrate/GLints/dict_16_192_64_0p5_0p02_0020_0002" 5421
"/Engine/EngineMaterials/Substrate/GLints/dict_16_192_64_0p5_0p02_0020_0001" 5422
"/Engine/EngineMaterials/Substrate/GLints/dict_16_192_64_0p5_0p02_0020_0000" 5423
"/Engine/EngineMaterials/Substrate/GLints/dict_16_192_64_0p5_0p02_0019_0015" 5424
"/Engine/EngineMaterials/Substrate/GLints/dict_16_192_64_0p5_0p02_0019_0014" 5425
"/Engine/EngineMaterials/Substrate/GLints/dict_16_192_64_0p5_0p02_0019_0013" 5426
"/Engine/EngineMaterials/Substrate/GLints/dict_16_192_64_0p5_0p02_0019_0012" 5427
"/Engine/EngineMaterials/Substrate/GLints/dict_16_192_64_0p5_0p02_0019_0011" 5428
"/Engine/EngineMaterials/Substrate/GLints/dict_16_192_64_0p5_0p02_0019_0010" 5429
"/Engine/EngineMaterials/Substrate/GLints/dict_16_192_64_0p5_0p02_0019_0009" 5430
"/Engine/EngineMaterials/Substrate/GLints/dict_16_192_64_0p5_0p02_0019_0008" 5431
"/Engine/EngineMaterials/Substrate/GLints/dict_16_192_64_0p5_0p02_0019_0007" 5432
"/Engine/EngineMaterials/Substrate/GLints/dict_16_192_64_0p5_0p02_0019_0006" 5433
"../../../Engine/Content/EngineMaterials/Substrate/GLints/dict_16_192_64_0p5_0p02_0021_0006.uasset" 5434
"../../../Engine/Content/EngineMaterials/Substrate/GLints/dict_16_192_64_0p5_0p02_0022_0000.uasset" 5435
"../../../Engine/Content/EngineMaterials/Substrate/GLints/dict_16_192_64_0p5_0p02_0021_0007.uasset" 5436
"../../../Engine/Content/EngineMaterials/Substrate/GLints/dict_16_192_64_0p5_0p02_0021_0009.uasset" 5437
"../../../Engine/Content/EngineMaterials/Substrate/GLints/dict_16_192_64_0p5_0p02_0021_0008.uasset" 5438
"../../../Engine/Content/EngineMaterials/Substrate/GLints/dict_16_192_64_0p5_0p02_0022_0003.uasset" 5439
"/Engine/EngineMaterials/Substrate/GLints/dict_16_192_64_0p5_0p02_0021_0005" 5440
"../../../Engine/Content/EngineMaterials/Substrate/GLints/dict_16_192_64_0p5_0p02_0021_0010.uasset" 5441
"../../../Engine/Content/EngineMaterials/Substrate/GLints/dict_16_192_64_0p5_0p02_0022_0002.uasset" 5442
"../../../Engine/Content/EngineMaterials/Substrate/GLints/dict_16_192_64_0p5_0p02_0021_0012.uasset" 5443
"../../../Engine/Content/EngineMaterials/Substrate/GLints/dict_16_192_64_0p5_0p02_0021_0013.uasset" 5444
"../../../Engine/Content/EngineMaterials/Substrate/GLints/dict_16_192_64_0p5_0p02_0021_0014.uasset" 5445
"../../../Engine/Content/EngineMaterials/Substrate/GLints/dict_16_192_64_0p5_0p02_0022_0001.uasset" 5446
"../../../Engine/Content/EngineMaterials/Substrate/GLints/dict_16_192_64_0p5_0p02_0021_0011.uasset" 5447
"../../../Engine/Content/EngineMaterials/Substrate/GLints/dict_16_192_64_0p5_0p02_0021_0015.uasset" 5448
"/Engine/EngineMaterials/Substrate/GLints/dict_16_192_64_0p5_0p02_0021_0004" 5449
"/Engine/EngineMaterials/Substrate/GLints/dict_16_192_64_0p5_0p02_0021_0003" 5450
"/Engine/EngineMaterials/Substrate/GLints/dict_16_192_64_0p5_0p02_0021_0002" 5451
"/Engine/EngineMaterials/Substrate/GLints/dict_16_192_64_0p5_0p02_0021_0001" 5452
"/Engine/EngineMaterials/Substrate/GLints/dict_16_192_64_0p5_0p02_0021_0000" 5453
"/Engine/EngineMaterials/Substrate/GLints/dict_16_192_64_0p5_0p02_0020_0015" 5454
"/Engine/EngineMaterials/Substrate/GLints/dict_16_192_64_0p5_0p02_0020_0014" 5455
"/Engine/EngineMaterials/Substrate/GLints/dict_16_192_64_0p5_0p02_0020_0013" 5456
"/Engine/EngineMaterials/Substrate/GLints/dict_16_192_64_0p5_0p02_0020_0012" 5457
"/Engine/EngineMaterials/Substrate/GLints/dict_16_192_64_0p5_0p02_0020_0011" 5458
"/Engine/EngineMaterials/Substrate/GLints/dict_16_192_64_0p5_0p02_0020_0010" 5459
"/Engine/EngineMaterials/Substrate/GLints/dict_16_192_64_0p5_0p02_0020_0009" 5460
"/Engine/EngineMaterials/Substrate/GLints/dict_16_192_64_0p5_0p02_0020_0008" 5461
"/Engine/EngineMaterials/Substrate/GLints/dict_16_192_64_0p5_0p02_0020_0007" 5462
"/Engine/EngineMaterials/Substrate/GLints/dict_16_192_64_0p5_0p02_0020_0006" 5463
"/Engine/EngineMaterials/Substrate/GLints/dict_16_192_64_0p5_0p02_0020_0005" 5464
"/Engine/EngineMaterials/Substrate/GLints/dict_16_192_64_0p5_0p02_0020_0004" 5465
"../../../Engine/Content/EngineMaterials/Substrate/GLints/dict_16_192_64_0p5_0p02_0022_0004.uasset" 5466
"../../../Engine/Content/EngineMaterials/Substrate/GLints/dict_16_192_64_0p5_0p02_0022_0006.uasset" 5467
"../../../Engine/Content/EngineMaterials/Substrate/GLints/dict_16_192_64_0p5_0p02_0022_0005.uasset" 5468
"../../../Engine/Content/EngineMaterials/Substrate/GLints/dict_16_192_64_0p5_0p02_0022_0007.uasset" 5469
"../../../Engine/Content/EngineMaterials/Substrate/GLints/dict_16_192_64_0p5_0p02_0022_0009.uasset" 5470
"../../../Engine/Content/EngineMaterials/Substrate/GLints/dict_16_192_64_0p5_0p02_0022_0008.uasset" 5471
"../../../Engine/Content/EngineMaterials/Substrate/GLints/dict_16_192_64_0p5_0p02_0022_0010.uasset" 5472
"../../../Engine/Content/EngineMaterials/Substrate/GLints/dict_16_192_64_0p5_0p02_0022_0014.uasset" 5473
"../../../Engine/Content/EngineMaterials/Substrate/GLints/dict_16_192_64_0p5_0p02_0023_0000.uasset" 5474
"../../../Engine/Content/EngineMaterials/Substrate/GLints/dict_16_192_64_0p5_0p02_0022_0013.uasset" 5475
"../../../Engine/Content/EngineMaterials/Substrate/GLints/dict_16_192_64_0p5_0p02_0023_0001.uasset" 5476
"../../../Engine/Content/EngineMaterials/Substrate/GLints/dict_16_192_64_0p5_0p02_0023_0002.uasset" 5477
"../../../Engine/Content/EngineMaterials/Substrate/GLints/dict_16_192_64_0p5_0p02_0022_0015.uasset" 5478
"../../../Engine/Content/EngineMaterials/Substrate/GLints/dict_16_192_64_0p5_0p02_0022_0011.uasset" 5479
"../../../Engine/Content/EngineMaterials/Substrate/GLints/dict_16_192_64_0p5_0p02_0023_0005.uasset" 5480
"../../../Engine/Content/EngineMaterials/Substrate/GLints/dict_16_192_64_0p5_0p02_0023_0003.uasset" 5481
"../../../Engine/Content/EngineMaterials/Substrate/GLints/dict_16_192_64_0p5_0p02_0022_0012.uasset" 5482
"../../../Engine/Content/EngineMaterials/Substrate/GLints/dict_16_192_64_0p5_0p02_0023_0004.uasset" 5483
"/Engine/EngineMaterials/Substrate/GLints/dict_16_192_64_0p5_0p02_0022_0003" 5484
"/Engine/EngineMaterials/Substrate/GLints/dict_16_192_64_0p5_0p02_0022_0002" 5485
"/Engine/EngineMaterials/Substrate/GLints/dict_16_192_64_0p5_0p02_0022_0001" 5486
"/Engine/EngineMaterials/Substrate/GLints/dict_16_192_64_0p5_0p02_0022_0000" 5487
"/Engine/EngineMaterials/Substrate/GLints/dict_16_192_64_0p5_0p02_0021_0015" 5488
"/Engine/EngineMaterials/Substrate/GLints/dict_16_192_64_0p5_0p02_0021_0014" 5489
"/Engine/EngineMaterials/Substrate/GLints/dict_16_192_64_0p5_0p02_0021_0013" 5490
"/Engine/EngineMaterials/Substrate/GLints/dict_16_192_64_0p5_0p02_0021_0012" 5491
"/Engine/EngineMaterials/Substrate/GLints/dict_16_192_64_0p5_0p02_0021_0011" 5492
"/Engine/EngineMaterials/Substrate/GLints/dict_16_192_64_0p5_0p02_0023_0000" 5493
"/Engine/EngineMaterials/Substrate/GLints/dict_16_192_64_0p5_0p02_0022_0015" 5494
"/Engine/EngineMaterials/Substrate/GLints/dict_16_192_64_0p5_0p02_0022_0014" 5495
"/Engine/EngineMaterials/Substrate/GLints/dict_16_192_64_0p5_0p02_0022_0013" 5496
"/Engine/EngineMaterials/Substrate/GLints/dict_16_192_64_0p5_0p02_0022_0010" 5497
"/Engine/EngineMaterials/Substrate/GLints/dict_16_192_64_0p5_0p02_0022_0009" 5498
"/Engine/EngineMaterials/Substrate/GLints/dict_16_192_64_0p5_0p02_0022_0008" 5499
"/Engine/EngineMaterials/Substrate/GLints/dict_16_192_64_0p5_0p02_0022_0007" 5500
"/Engine/EngineMaterials/Substrate/GLints/dict_16_192_64_0p5_0p02_0021_0010" 5501
"/Engine/EngineMaterials/Substrate/GLints/dict_16_192_64_0p5_0p02_0022_0006" 5502
"/Engine/EngineMaterials/Substrate/GLints/dict_16_192_64_0p5_0p02_0022_0005" 5503
"/Engine/EngineMaterials/Substrate/GLints/dict_16_192_64_0p5_0p02_0021_0009" 5504
"/Engine/EngineMaterials/Substrate/GLints/dict_16_192_64_0p5_0p02_0021_0008" 5505
"/Engine/EngineMaterials/Substrate/GLints/dict_16_192_64_0p5_0p02_0021_0007" 5506
"/Engine/EngineMaterials/Substrate/GLints/dict_16_192_64_0p5_0p02_0021_0006" 5507
"/Engine/EngineMaterials/Substrate/GLints/dict_16_192_64_0p5_0p02_0022_0004" 5508
"../../../Engine/Content/EngineMaterials/Substrate/GLints/dict_16_192_64_0p5_0p02_0023_0008.uasset" 5509
"../../../Engine/Content/EngineMaterials/Substrate/GLints/dict_16_192_64_0p5_0p02_0023_0006.uasset" 5510
"../../../Engine/Content/EngineMaterials/Substrate/GLints/dict_16_192_64_0p5_0p02_0024_0000.uasset" 5511
"../../../Engine/Content/EngineMaterials/Substrate/GLints/dict_16_192_64_0p5_0p02_0024_0001.uasset" 5512
"../../../Engine/Content/EngineMaterials/Substrate/GLints/dict_16_192_64_0p5_0p02_0024_0006.uasset" 5513
"../../../Engine/Content/EngineMaterials/Substrate/GLints/dict_16_192_64_0p5_0p02_0023_0010.uasset" 5514
"../../../Engine/Content/EngineMaterials/Substrate/GLints/dict_16_192_64_0p5_0p02_0024_0002.uasset" 5515
"../../../Engine/Content/EngineMaterials/Substrate/GLints/dict_16_192_64_0p5_0p02_0023_0012.uasset" 5516
"../../../Engine/Content/EngineMaterials/Substrate/GLints/dict_16_192_64_0p5_0p02_0024_0005.uasset" 5517
"../../../Engine/Content/EngineMaterials/Substrate/GLints/dict_16_192_64_0p5_0p02_0023_0014.uasset" 5518
"../../../Engine/Content/EngineMaterials/Substrate/GLints/dict_16_192_64_0p5_0p02_0024_0008.uasset" 5519
"../../../Engine/Content/EngineMaterials/Substrate/GLints/dict_16_192_64_0p5_0p02_0023_0015.uasset" 5520
"../../../Engine/Content/EngineMaterials/Substrate/GLints/dict_16_192_64_0p5_0p02_0024_0009.uasset" 5521
"../../../Engine/Content/EngineMaterials/Substrate/GLints/dict_16_192_64_0p5_0p02_0023_0007.uasset" 5522
"../../../Engine/Content/EngineMaterials/Substrate/GLints/dict_16_192_64_0p5_0p02_0024_0012.uasset" 5523
"../../../Engine/Content/EngineMaterials/Substrate/GLints/dict_16_192_64_0p5_0p02_0024_0013.uasset" 5524
"../../../Engine/Content/EngineMaterials/Substrate/GLints/dict_16_192_64_0p5_0p02_0024_0003.uasset" 5525
"../../../Engine/Content/EngineMaterials/Substrate/GLints/dict_16_192_64_0p5_0p02_0023_0011.uasset" 5526
"../../../Engine/Content/EngineMaterials/Substrate/GLints/dict_16_192_64_0p5_0p02_0024_0007.uasset" 5527
"../../../Engine/Content/EngineMaterials/Substrate/GLints/dict_16_192_64_0p5_0p02_0023_0009.uasset" 5528
"/Engine/EngineMaterials/Substrate/GLints/dict_16_192_64_0p5_0p02_0023_0005" 5529
"../../../Engine/Content/EngineMaterials/Substrate/GLints/dict_16_192_64_0p5_0p02_0023_0013.uasset" 5530
"../../../Engine/Content/EngineMaterials/Substrate/GLints/dict_16_192_64_0p5_0p02_0024_0011.uasset" 5531
"../../../Engine/Content/EngineMaterials/Substrate/GLints/dict_16_192_64_0p5_0p02_0024_0004.uasset" 5532
"../../../Engine/Content/EngineMaterials/Substrate/GLints/dict_16_192_64_0p5_0p02_0024_0010.uasset" 5533
"../../../Engine/Content/EngineMaterials/Substrate/GLints/dict_16_192_64_0p5_0p02_0024_0014.uasset" 5534
"/Engine/EngineMaterials/Substrate/GLints/dict_16_192_64_0p5_0p02_0023_0004" 5535
"/Engine/EngineMaterials/Substrate/GLints/dict_16_192_64_0p5_0p02_0023_0003" 5536
"/Engine/EngineMaterials/Substrate/GLints/dict_16_192_64_0p5_0p02_0023_0002" 5537
"/Engine/EngineMaterials/Substrate/GLints/dict_16_192_64_0p5_0p02_0023_0001" 5538
"/Engine/EngineMaterials/Substrate/GLints/dict_16_192_64_0p5_0p02_0022_0012" 5539
"/Engine/EngineMaterials/Substrate/GLints/dict_16_192_64_0p5_0p02_0022_0011" 5540
"../../../Engine/Content/EngineMaterials/Substrate/GLints/dict_16_192_64_0p5_0p02_0025_0000.uasset" 5541
"../../../Engine/Content/EngineMaterials/Substrate/GLints/dict_16_192_64_0p5_0p02_0024_0015.uasset" 5542
"../../../Engine/Content/EngineMaterials/Substrate/GLints/dict_16_192_64_0p5_0p02_0025_0001.uasset" 5543
"../../../Engine/Content/EngineMaterials/Substrate/GLints/dict_16_192_64_0p5_0p02_0025_0003.uasset" 5544
"../../../Engine/Content/EngineMaterials/Substrate/GLints/dict_16_192_64_0p5_0p02_0025_0004.uasset" 5545
"../../../Engine/Content/EngineMaterials/Substrate/GLints/dict_16_192_64_0p5_0p02_0025_0002.uasset" 5546
"/Engine/EngineMaterials/Substrate/GLints/dict_16_192_64_0p5_0p02_0024_0014" 5547
"../../../Engine/Content/EngineMaterials/Substrate/GLints/dict_16_192_64_0p5_0p02_0025_0005.uasset" 5548
"/Engine/EngineMaterials/Substrate/GLints/dict_16_192_64_0p5_0p02_0024_0013" 5549
"/Engine/EngineMaterials/Substrate/GLints/dict_16_192_64_0p5_0p02_0024_0012" 5550
"/Engine/EngineMaterials/Substrate/GLints/dict_16_192_64_0p5_0p02_0024_0011" 5551
"/Engine/EngineMaterials/Substrate/GLints/dict_16_192_64_0p5_0p02_0024_0010" 5552
"/Engine/EngineMaterials/Substrate/GLints/dict_16_192_64_0p5_0p02_0024_0009" 5553
"/Engine/EngineMaterials/Substrate/GLints/dict_16_192_64_0p5_0p02_0024_0008" 5554
"/Engine/EngineMaterials/Substrate/GLints/dict_16_192_64_0p5_0p02_0024_0007" 5555
"/Engine/EngineMaterials/Substrate/GLints/dict_16_192_64_0p5_0p02_0024_0006" 5556
"/Engine/EngineMaterials/Substrate/GLints/dict_16_192_64_0p5_0p02_0024_0005" 5557
"/Engine/EngineMaterials/Substrate/GLints/dict_16_192_64_0p5_0p02_0024_0004" 5558
"/Engine/EngineMaterials/Substrate/GLints/dict_16_192_64_0p5_0p02_0024_0003" 5559
"/Engine/EngineMaterials/Substrate/GLints/dict_16_192_64_0p5_0p02_0024_0002" 5560
"/Engine/EngineMaterials/Substrate/GLints/dict_16_192_64_0p5_0p02_0024_0001" 5561
"/Engine/EngineMaterials/Substrate/GLints/dict_16_192_64_0p5_0p02_0024_0000" 5562
"/Engine/EngineMaterials/Substrate/GLints/dict_16_192_64_0p5_0p02_0023_0015" 5563
"/Engine/EngineMaterials/Substrate/GLints/dict_16_192_64_0p5_0p02_0023_0014" 5564
"/Engine/EngineMaterials/Substrate/GLints/dict_16_192_64_0p5_0p02_0023_0013" 5565
"/Engine/EngineMaterials/Substrate/GLints/dict_16_192_64_0p5_0p02_0023_0012" 5566
"/Engine/EngineMaterials/Substrate/GLints/dict_16_192_64_0p5_0p02_0023_0011" 5567
"/Engine/EngineMaterials/Substrate/GLints/dict_16_192_64_0p5_0p02_0023_0010" 5568
"/Engine/EngineMaterials/Substrate/GLints/dict_16_192_64_0p5_0p02_0023_0009" 5569
"/Engine/EngineMaterials/Substrate/GLints/dict_16_192_64_0p5_0p02_0023_0008" 5570
"/Engine/EngineMaterials/Substrate/GLints/dict_16_192_64_0p5_0p02_0023_0007" 5571
"/Engine/EngineMaterials/Substrate/GLints/dict_16_192_64_0p5_0p02_0023_0006" 5572
"../../../Engine/Content/EngineMaterials/Substrate/GLints/dict_16_192_64_0p5_0p02_0025_0013.uasset" 5573
"../../../Engine/Content/EngineMaterials/Substrate/GLints/dict_16_192_64_0p5_0p02_0025_0011.uasset" 5574
"../../../Engine/Content/EngineMaterials/Substrate/GLints/dict_16_192_64_0p5_0p02_0025_0009.uasset" 5575
"../../../Engine/Content/EngineMaterials/Substrate/GLints/dict_16_192_64_0p5_0p02_0026_0001.uasset" 5576
"../../../Engine/Content/EngineMaterials/Substrate/GLints/dict_16_192_64_0p5_0p02_0026_0002.uasset" 5577
"/Engine/EngineMaterials/Substrate/GLints/dict_16_192_64_0p5_0p02_0025_0005" 5578
"../../../Engine/Content/EngineMaterials/Substrate/GLints/dict_16_192_64_0p5_0p02_0026_0005.uasset" 5579
"../../../Engine/Content/EngineMaterials/Substrate/GLints/dict_16_192_64_0p5_0p02_0026_0006.uasset" 5580
"../../../Engine/Content/EngineMaterials/Substrate/GLints/dict_16_192_64_0p5_0p02_0025_0010.uasset" 5581
"../../../Engine/Content/EngineMaterials/Substrate/GLints/dict_16_192_64_0p5_0p02_0026_0003.uasset" 5582
"../../../Engine/Content/EngineMaterials/Substrate/GLints/dict_16_192_64_0p5_0p02_0025_0012.uasset" 5583
"../../../Engine/Content/EngineMaterials/Substrate/GLints/dict_16_192_64_0p5_0p02_0025_0015.uasset" 5584
"../../../Engine/Content/EngineMaterials/Substrate/GLints/dict_16_192_64_0p5_0p02_0026_0008.uasset" 5585
"../../../Engine/Content/EngineMaterials/Substrate/GLints/dict_16_192_64_0p5_0p02_0025_0008.uasset" 5586
"../../../Engine/Content/EngineMaterials/Substrate/GLints/dict_16_192_64_0p5_0p02_0026_0010.uasset" 5587
"../../../Engine/Content/EngineMaterials/Substrate/GLints/dict_16_192_64_0p5_0p02_0025_0006.uasset" 5588
"../../../Engine/Content/EngineMaterials/Substrate/GLints/dict_16_192_64_0p5_0p02_0026_0011.uasset" 5589
"../../../Engine/Content/EngineMaterials/Substrate/GLints/dict_16_192_64_0p5_0p02_0026_0012.uasset" 5590
"../../../Engine/Content/EngineMaterials/Substrate/GLints/dict_16_192_64_0p5_0p02_0026_0004.uasset" 5591
"../../../Engine/Content/EngineMaterials/Substrate/GLints/dict_16_192_64_0p5_0p02_0026_0000.uasset" 5592
"../../../Engine/Content/EngineMaterials/Substrate/GLints/dict_16_192_64_0p5_0p02_0026_0014.uasset" 5593
"../../../Engine/Content/EngineMaterials/Substrate/GLints/dict_16_192_64_0p5_0p02_0026_0007.uasset" 5594
"../../../Engine/Content/EngineMaterials/Substrate/GLints/dict_16_192_64_0p5_0p02_0025_0014.uasset" 5595
"../../../Engine/Content/EngineMaterials/Substrate/GLints/dict_16_192_64_0p5_0p02_0026_0009.uasset" 5596
"../../../Engine/Content/EngineMaterials/Substrate/GLints/dict_16_192_64_0p5_0p02_0026_0013.uasset" 5597
"../../../Engine/Content/EngineMaterials/Substrate/GLints/dict_16_192_64_0p5_0p02_0025_0007.uasset" 5598
"/Engine/EngineMaterials/Substrate/GLints/dict_16_192_64_0p5_0p02_0025_0004" 5599
"/Engine/EngineMaterials/Substrate/GLints/dict_16_192_64_0p5_0p02_0025_0003" 5600
"/Engine/EngineMaterials/Substrate/GLints/dict_16_192_64_0p5_0p02_0025_0002" 5601
"/Engine/EngineMaterials/Substrate/GLints/dict_16_192_64_0p5_0p02_0025_0001" 5602
"/Engine/EngineMaterials/Substrate/GLints/dict_16_192_64_0p5_0p02_0025_0000" 5603
"/Engine/EngineMaterials/Substrate/GLints/dict_16_192_64_0p5_0p02_0024_0015" 5604
"../../../Engine/Content/EngineMaterials/Substrate/GLints/dict_16_192_64_0p5_0p02_0026_0015.uasset" 5605
"../../../Engine/Content/EngineMaterials/Substrate/GLints/dict_16_192_64_0p5_0p02_0027_0000.uasset" 5606
"../../../Engine/Content/EngineMaterials/Substrate/GLints/dict_16_192_64_0p5_0p02_0027_0001.uasset" 5607
"../../../Engine/Content/EngineMaterials/Substrate/GLints/dict_16_192_64_0p5_0p02_0027_0004.uasset" 5608
"../../../Engine/Content/EngineMaterials/Substrate/GLints/dict_16_192_64_0p5_0p02_0027_0005.uasset" 5609
"/Engine/EngineMaterials/Substrate/GLints/dict_16_192_64_0p5_0p02_0026_0014" 5610
"../../../Engine/Content/EngineMaterials/Substrate/GLints/dict_16_192_64_0p5_0p02_0027_0002.uasset" 5611
"../../../Engine/Content/EngineMaterials/Substrate/GLints/dict_16_192_64_0p5_0p02_0027_0003.uasset" 5612
"/Engine/EngineMaterials/Substrate/GLints/dict_16_192_64_0p5_0p02_0026_0013" 5613
"/Engine/EngineMaterials/Substrate/GLints/dict_16_192_64_0p5_0p02_0026_0012" 5614
"/Engine/EngineMaterials/Substrate/GLints/dict_16_192_64_0p5_0p02_0026_0011" 5615
"/Engine/EngineMaterials/Substrate/GLints/dict_16_192_64_0p5_0p02_0026_0010" 5616
"/Engine/EngineMaterials/Substrate/GLints/dict_16_192_64_0p5_0p02_0026_0009" 5617
"/Engine/EngineMaterials/Substrate/GLints/dict_16_192_64_0p5_0p02_0026_0008" 5618
"/Engine/EngineMaterials/Substrate/GLints/dict_16_192_64_0p5_0p02_0026_0007" 5619
"/Engine/EngineMaterials/Substrate/GLints/dict_16_192_64_0p5_0p02_0026_0006" 5620
"/Engine/EngineMaterials/Substrate/GLints/dict_16_192_64_0p5_0p02_0026_0005" 5621
"/Engine/EngineMaterials/Substrate/GLints/dict_16_192_64_0p5_0p02_0026_0004" 5622
"/Engine/EngineMaterials/Substrate/GLints/dict_16_192_64_0p5_0p02_0026_0003" 5623
"/Engine/EngineMaterials/Substrate/GLints/dict_16_192_64_0p5_0p02_0026_0002" 5624
"/Engine/EngineMaterials/Substrate/GLints/dict_16_192_64_0p5_0p02_0026_0001" 5625
"/Engine/EngineMaterials/Substrate/GLints/dict_16_192_64_0p5_0p02_0026_0000" 5626
"/Engine/EngineMaterials/Substrate/GLints/dict_16_192_64_0p5_0p02_0025_0015" 5627
"/Engine/EngineMaterials/Substrate/GLints/dict_16_192_64_0p5_0p02_0025_0014" 5628
"/Engine/EngineMaterials/Substrate/GLints/dict_16_192_64_0p5_0p02_0025_0013" 5629
"/Engine/EngineMaterials/Substrate/GLints/dict_16_192_64_0p5_0p02_0025_0012" 5630
"/Engine/EngineMaterials/Substrate/GLints/dict_16_192_64_0p5_0p02_0025_0011" 5631
"/Engine/EngineMaterials/Substrate/GLints/dict_16_192_64_0p5_0p02_0025_0010" 5632
"/Engine/EngineMaterials/Substrate/GLints/dict_16_192_64_0p5_0p02_0025_0009" 5633
"/Engine/EngineMaterials/Substrate/GLints/dict_16_192_64_0p5_0p02_0025_0008" 5634
"/Engine/EngineMaterials/Substrate/GLints/dict_16_192_64_0p5_0p02_0025_0007" 5635
"/Engine/EngineMaterials/Substrate/GLints/dict_16_192_64_0p5_0p02_0025_0006" 5636
"../../../Engine/Content/EngineMaterials/Substrate/GLints/dict_16_192_64_0p5_0p02_0027_0008.uasset" 5637
"../../../Engine/Content/EngineMaterials/Substrate/GLints/dict_16_192_64_0p5_0p02_0027_0007.uasset" 5638
"../../../Engine/Content/EngineMaterials/Substrate/GLints/dict_16_192_64_0p5_0p02_0027_0010.uasset" 5639
"../../../Engine/Content/EngineMaterials/Substrate/GLints/dict_16_192_64_0p5_0p02_0027_0006.uasset" 5640
"../../../Engine/Content/EngineMaterials/Substrate/GLints/dict_16_192_64_0p5_0p02_0027_0011.uasset" 5641
"../../../Engine/Content/EngineMaterials/Substrate/GLints/dict_16_192_64_0p5_0p02_0027_0012.uasset" 5642
"/Engine/EngineMaterials/Substrate/GLints/dict_16_192_64_0p5_0p02_0027_0005" 5643
"../../../Engine/Content/EngineMaterials/Substrate/GLints/dict_16_192_64_0p5_0p02_0028_0007.uasset" 5644
"../../../Engine/Content/EngineMaterials/Substrate/GLints/dict_16_192_64_0p5_0p02_0027_0009.uasset" 5645
"../../../Engine/Content/EngineMaterials/Substrate/GLints/dict_16_192_64_0p5_0p02_0028_0003.uasset" 5646
"../../../Engine/Content/EngineMaterials/Substrate/GLints/dict_16_192_64_0p5_0p02_0028_0008.uasset" 5647
"../../../Engine/Content/EngineMaterials/Substrate/GLints/dict_16_192_64_0p5_0p02_0028_0002.uasset" 5648
"../../../Engine/Content/EngineMaterials/Substrate/GLints/dict_16_192_64_0p5_0p02_0028_0009.uasset" 5649
"../../../Engine/Content/EngineMaterials/Substrate/GLints/dict_16_192_64_0p5_0p02_0028_0004.uasset" 5650
"../../../Engine/Content/EngineMaterials/Substrate/GLints/dict_16_192_64_0p5_0p02_0027_0013.uasset" 5651
"../../../Engine/Content/EngineMaterials/Substrate/GLints/dict_16_192_64_0p5_0p02_0028_0012.uasset" 5652
"../../../Engine/Content/EngineMaterials/Substrate/GLints/dict_16_192_64_0p5_0p02_0027_0015.uasset" 5653
"../../../Engine/Content/EngineMaterials/Substrate/GLints/dict_16_192_64_0p5_0p02_0028_0011.uasset" 5654
"../../../Engine/Content/EngineMaterials/Substrate/GLints/dict_16_192_64_0p5_0p02_0028_0001.uasset" 5655
"../../../Engine/Content/EngineMaterials/Substrate/GLints/dict_16_192_64_0p5_0p02_0028_0013.uasset" 5656
"../../../Engine/Content/EngineMaterials/Substrate/GLints/dict_16_192_64_0p5_0p02_0028_0014.uasset" 5657
"../../../Engine/Content/EngineMaterials/Substrate/GLints/dict_16_192_64_0p5_0p02_0027_0014.uasset" 5658
"../../../Engine/Content/EngineMaterials/Substrate/GLints/dict_16_192_64_0p5_0p02_0028_0000.uasset" 5659
"../../../Engine/Content/EngineMaterials/Substrate/GLints/dict_16_192_64_0p5_0p02_0028_0006.uasset" 5660
"../../../Engine/Content/EngineMaterials/Substrate/GLints/dict_16_192_64_0p5_0p02_0028_0010.uasset" 5661
"../../../Engine/Content/EngineMaterials/Substrate/GLints/dict_16_192_64_0p5_0p02_0028_0005.uasset" 5662
"/Engine/EngineMaterials/Substrate/GLints/dict_16_192_64_0p5_0p02_0027_0004" 5663
"/Engine/EngineMaterials/Substrate/GLints/dict_16_192_64_0p5_0p02_0027_0003" 5664
"/Engine/EngineMaterials/Substrate/GLints/dict_16_192_64_0p5_0p02_0027_0002" 5665
"/Engine/EngineMaterials/Substrate/GLints/dict_16_192_64_0p5_0p02_0027_0001" 5666
"/Engine/EngineMaterials/Substrate/GLints/dict_16_192_64_0p5_0p02_0027_0000" 5667
"/Engine/EngineMaterials/Substrate/GLints/dict_16_192_64_0p5_0p02_0026_0015" 5668
"../../../Engine/Content/EngineMaterials/Substrate/GLints/dict_16_192_64_0p5_0p02_0028_0015.uasset" 5669
"../../../Engine/Content/EngineMaterials/Substrate/GLints/dict_16_192_64_0p5_0p02_0029_0000.uasset" 5670
"../../../Engine/Content/EngineMaterials/Substrate/GLints/dict_16_192_64_0p5_0p02_0029_0003.uasset" 5671
"../../../Engine/Content/EngineMaterials/Substrate/GLints/dict_16_192_64_0p5_0p02_0029_0005.uasset" 5672
"../../../Engine/Content/EngineMaterials/Substrate/GLints/dict_16_192_64_0p5_0p02_0029_0002.uasset" 5673
"../../../Engine/Content/EngineMaterials/Substrate/GLints/dict_16_192_64_0p5_0p02_0029_0004.uasset" 5674
"../../../Engine/Content/EngineMaterials/Substrate/GLints/dict_16_192_64_0p5_0p02_0029_0001.uasset" 5675
"/Engine/EngineMaterials/Substrate/GLints/dict_16_192_64_0p5_0p02_0028_0014" 5676
"/Engine/EngineMaterials/Substrate/GLints/dict_16_192_64_0p5_0p02_0028_0013" 5677
"/Engine/EngineMaterials/Substrate/GLints/dict_16_192_64_0p5_0p02_0028_0012" 5678
"/Engine/EngineMaterials/Substrate/GLints/dict_16_192_64_0p5_0p02_0028_0011" 5679
"/Engine/EngineMaterials/Substrate/GLints/dict_16_192_64_0p5_0p02_0028_0010" 5680
"/Engine/EngineMaterials/Substrate/GLints/dict_16_192_64_0p5_0p02_0028_0009" 5681
"/Engine/EngineMaterials/Substrate/GLints/dict_16_192_64_0p5_0p02_0028_0008" 5682
"/Engine/EngineMaterials/Substrate/GLints/dict_16_192_64_0p5_0p02_0028_0007" 5683
"/Engine/EngineMaterials/Substrate/GLints/dict_16_192_64_0p5_0p02_0028_0006" 5684
"/Engine/EngineMaterials/Substrate/GLints/dict_16_192_64_0p5_0p02_0028_0005" 5685
"/Engine/EngineMaterials/Substrate/GLints/dict_16_192_64_0p5_0p02_0028_0004" 5686
"/Engine/EngineMaterials/Substrate/GLints/dict_16_192_64_0p5_0p02_0028_0003" 5687
"/Engine/EngineMaterials/Substrate/GLints/dict_16_192_64_0p5_0p02_0028_0002" 5688
"/Engine/EngineMaterials/Substrate/GLints/dict_16_192_64_0p5_0p02_0028_0001" 5689
"/Engine/EngineMaterials/Substrate/GLints/dict_16_192_64_0p5_0p02_0028_0000" 5690
"/Engine/EngineMaterials/Substrate/GLints/dict_16_192_64_0p5_0p02_0027_0015" 5691
"/Engine/EngineMaterials/Substrate/GLints/dict_16_192_64_0p5_0p02_0027_0014" 5692
"/Engine/EngineMaterials/Substrate/GLints/dict_16_192_64_0p5_0p02_0027_0013" 5693
"/Engine/EngineMaterials/Substrate/GLints/dict_16_192_64_0p5_0p02_0027_0012" 5694
"/Engine/EngineMaterials/Substrate/GLints/dict_16_192_64_0p5_0p02_0027_0011" 5695
"/Engine/EngineMaterials/Substrate/GLints/dict_16_192_64_0p5_0p02_0027_0010" 5696
"/Engine/EngineMaterials/Substrate/GLints/dict_16_192_64_0p5_0p02_0027_0009" 5697
"/Engine/EngineMaterials/Substrate/GLints/dict_16_192_64_0p5_0p02_0027_0008" 5698
"/Engine/EngineMaterials/Substrate/GLints/dict_16_192_64_0p5_0p02_0027_0007" 5699
"/Engine/EngineMaterials/Substrate/GLints/dict_16_192_64_0p5_0p02_0027_0006" 5700
"../../../Engine/Content/EngineMaterials/Substrate/GLints/dict_16_192_64_0p5_0p02_0029_0007.uasset" 5701
"../../../Engine/Content/EngineMaterials/Substrate/GLints/dict_16_192_64_0p5_0p02_0030_0006.uasset" 5702
"../../../Engine/Content/EngineMaterials/Substrate/GLints/dict_16_192_64_0p5_0p02_0030_0004.uasset" 5703
"../../../Engine/Content/EngineMaterials/Substrate/GLints/dict_16_192_64_0p5_0p02_0029_0012.uasset" 5704
"/Engine/EngineMaterials/Substrate/GLints/dict_16_192_64_0p5_0p02_0029_0005" 5705
"../../../Engine/Content/EngineMaterials/Substrate/GLints/dict_16_192_64_0p5_0p02_0029_0010.uasset" 5706
"../../../Engine/Content/EngineMaterials/Substrate/GLints/dict_16_192_64_0p5_0p02_0030_0005.uasset" 5707
"../../../Engine/Content/EngineMaterials/Substrate/GLints/dict_16_192_64_0p5_0p02_0030_0001.uasset" 5708
"../../../Engine/Content/EngineMaterials/Substrate/GLints/dict_16_192_64_0p5_0p02_0029_0006.uasset" 5709
"../../../Engine/Content/EngineMaterials/Substrate/GLints/dict_16_192_64_0p5_0p02_0030_0008.uasset" 5710
"../../../Engine/Content/EngineMaterials/Substrate/GLints/dict_16_192_64_0p5_0p02_0030_0011.uasset" 5711
"../../../Engine/Content/EngineMaterials/Substrate/GLints/dict_16_192_64_0p5_0p02_0030_0007.uasset" 5712
"../../../Engine/Content/EngineMaterials/Substrate/GLints/dict_16_192_64_0p5_0p02_0030_0012.uasset" 5713
"../../../Engine/Content/EngineMaterials/Substrate/GLints/dict_16_192_64_0p5_0p02_0030_0010.uasset" 5714
"../../../Engine/Content/EngineMaterials/Substrate/GLints/dict_16_192_64_0p5_0p02_0030_0003.uasset" 5715
"../../../Engine/Content/EngineMaterials/Substrate/GLints/dict_16_192_64_0p5_0p02_0029_0015.uasset" 5716
"../../../Engine/Content/EngineMaterials/Substrate/GLints/dict_16_192_64_0p5_0p02_0030_0014.uasset" 5717
"../../../Engine/Content/EngineMaterials/Substrate/GLints/dict_16_192_64_0p5_0p02_0030_0000.uasset" 5718
"../../../Engine/Content/EngineMaterials/Substrate/GLints/dict_16_192_64_0p5_0p02_0029_0013.uasset" 5719
"../../../Engine/Content/EngineMaterials/Substrate/GLints/dict_16_192_64_0p5_0p02_0029_0011.uasset" 5720
"/Engine/EngineMaterials/Substrate/GLints/dict_16_192_64_0p5_0p02_0029_0004" 5721
"../../../Engine/Content/EngineMaterials/Substrate/GLints/dict_16_192_64_0p5_0p02_0029_0009.uasset" 5722
"../../../Engine/Content/EngineMaterials/Substrate/GLints/dict_16_192_64_0p5_0p02_0029_0014.uasset" 5723
"../../../Engine/Content/EngineMaterials/Substrate/GLints/dict_16_192_64_0p5_0p02_0029_0008.uasset" 5724
"../../../Engine/Content/EngineMaterials/Substrate/GLints/dict_16_192_64_0p5_0p02_0030_0009.uasset" 5725
"../../../Engine/Content/EngineMaterials/Substrate/GLints/dict_16_192_64_0p5_0p02_0030_0013.uasset" 5726
"../../../Engine/Content/EngineMaterials/Substrate/GLints/dict_16_192_64_0p5_0p02_0030_0002.uasset" 5727
"/Engine/EngineMaterials/Substrate/GLints/dict_16_192_64_0p5_0p02_0029_0003" 5728
"/Engine/EngineMaterials/Substrate/GLints/dict_16_192_64_0p5_0p02_0029_0002" 5729
"/Engine/EngineMaterials/Substrate/GLints/dict_16_192_64_0p5_0p02_0029_0001" 5730
"/Engine/EngineMaterials/Substrate/GLints/dict_16_192_64_0p5_0p02_0029_0000" 5731
"/Engine/EngineMaterials/Substrate/GLints/dict_16_192_64_0p5_0p02_0028_0015" 5732
"../../../Engine/Content/EngineMaterials/Substrate/GLints/dict_16_192_64_0p5_0p02_0031_0001.uasset" 5733
"../../../Engine/Content/EngineMaterials/Substrate/GLints/dict_16_192_64_0p5_0p02_0031_0005.uasset" 5734
"../../../Engine/Content/EngineMaterials/Substrate/GLints/dict_16_192_64_0p5_0p02_0031_0004.uasset" 5735
"../../../Engine/Content/EngineMaterials/Substrate/GLints/dict_16_192_64_0p5_0p02_0031_0000.uasset" 5736
"/Engine/EngineMaterials/Substrate/GLints/dict_16_192_64_0p5_0p02_0030_0014" 5737
"../../../Engine/Content/EngineMaterials/Substrate/GLints/dict_16_192_64_0p5_0p02_0030_0015.uasset" 5738
"../../../Engine/Content/EngineMaterials/Substrate/GLints/dict_16_192_64_0p5_0p02_0031_0002.uasset" 5739
"../../../Engine/Content/EngineMaterials/Substrate/GLints/dict_16_192_64_0p5_0p02_0031_0003.uasset" 5740
"/Engine/EngineMaterials/Substrate/GLints/dict_16_192_64_0p5_0p02_0030_0013" 5741
"/Engine/EngineMaterials/Substrate/GLints/dict_16_192_64_0p5_0p02_0030_0012" 5742
"/Engine/EngineMaterials/Substrate/GLints/dict_16_192_64_0p5_0p02_0030_0011" 5743
"/Engine/EngineMaterials/Substrate/GLints/dict_16_192_64_0p5_0p02_0030_0010" 5744
"/Engine/EngineMaterials/Substrate/GLints/dict_16_192_64_0p5_0p02_0030_0009" 5745
"/Engine/EngineMaterials/Substrate/GLints/dict_16_192_64_0p5_0p02_0030_0008" 5746
"/Engine/EngineMaterials/Substrate/GLints/dict_16_192_64_0p5_0p02_0030_0007" 5747
"/Engine/EngineMaterials/Substrate/GLints/dict_16_192_64_0p5_0p02_0030_0006" 5748
"/Engine/EngineMaterials/Substrate/GLints/dict_16_192_64_0p5_0p02_0030_0005" 5749
"/Engine/EngineMaterials/Substrate/GLints/dict_16_192_64_0p5_0p02_0030_0004" 5750
"/Engine/EngineMaterials/Substrate/GLints/dict_16_192_64_0p5_0p02_0030_0003" 5751
"/Engine/EngineMaterials/Substrate/GLints/dict_16_192_64_0p5_0p02_0030_0002" 5752
"/Engine/EngineMaterials/Substrate/GLints/dict_16_192_64_0p5_0p02_0030_0001" 5753
"/Engine/EngineMaterials/Substrate/GLints/dict_16_192_64_0p5_0p02_0030_0000" 5754
"/Engine/EngineMaterials/Substrate/GLints/dict_16_192_64_0p5_0p02_0029_0015" 5755
"/Engine/EngineMaterials/Substrate/GLints/dict_16_192_64_0p5_0p02_0029_0014" 5756
"/Engine/EngineMaterials/Substrate/GLints/dict_16_192_64_0p5_0p02_0029_0013" 5757
"/Engine/EngineMaterials/Substrate/GLints/dict_16_192_64_0p5_0p02_0029_0012" 5758
"/Engine/EngineMaterials/Substrate/GLints/dict_16_192_64_0p5_0p02_0029_0011" 5759
"/Engine/EngineMaterials/Substrate/GLints/dict_16_192_64_0p5_0p02_0029_0010" 5760
"/Engine/EngineMaterials/Substrate/GLints/dict_16_192_64_0p5_0p02_0029_0009" 5761
"/Engine/EngineMaterials/Substrate/GLints/dict_16_192_64_0p5_0p02_0029_0008" 5762
"/Engine/EngineMaterials/Substrate/GLints/dict_16_192_64_0p5_0p02_0029_0007" 5763
"/Engine/EngineMaterials/Substrate/GLints/dict_16_192_64_0p5_0p02_0029_0006" 5764
"../../../Engine/Content/EngineMaterials/Substrate/GLints/dict_16_192_64_0p5_0p02_0031_0006.uasset" 5765
"../../../Engine/Content/EngineMaterials/Substrate/GLints/dict_16_192_64_0p5_0p02_0031_0009.uasset" 5766
"../../../Engine/Content/EngineMaterials/Substrate/GLints/dict_16_192_64_0p5_0p02_0031_0007.uasset" 5767
"../../../Engine/Content/EngineMaterials/Substrate/GLints/dict_16_192_64_0p5_0p02_0031_0008.uasset" 5768
"../../../Engine/Content/EngineMaterials/Substrate/GLints/dict_16_192_64_0p5_0p02_0031_0015.uasset" 5769
"../../../Engine/Content/EngineMaterials/Substrate/GLints/dict_16_192_64_0p5_0p02_0031_0010.uasset" 5770
"../../../Engine/Content/EngineMaterials/Substrate/GLints/dict_16_192_64_0p5_0p02_0032_0002.uasset" 5771
"../../../Engine/Content/EngineMaterials/Substrate/GLints/dict_16_192_64_0p5_0p02_0032_0006.uasset" 5772
"../../../Engine/Content/EngineMaterials/Substrate/GLints/dict_16_192_64_0p5_0p02_0032_0003.uasset" 5773
"../../../Engine/Content/EngineMaterials/Substrate/GLints/dict_16_192_64_0p5_0p02_0032_0004.uasset" 5774
"../../../Engine/Content/EngineMaterials/Substrate/GLints/dict_16_192_64_0p5_0p02_0031_0014.uasset" 5775
"../../../Engine/Content/EngineMaterials/Substrate/GLints/dict_16_192_64_0p5_0p02_0032_0009.uasset" 5776
"../../../Engine/Content/EngineMaterials/Substrate/GLints/dict_16_192_64_0p5_0p02_0032_0011.uasset" 5777
"../../../Engine/Content/EngineMaterials/Substrate/GLints/dict_16_192_64_0p5_0p02_0032_0012.uasset" 5778
"../../../Engine/Content/EngineMaterials/Substrate/GLints/dict_16_192_64_0p5_0p02_0032_0013.uasset" 5779
"../../../Engine/Content/EngineMaterials/Substrate/GLints/dict_16_192_64_0p5_0p02_0031_0012.uasset" 5780
"../../../Engine/Content/EngineMaterials/Substrate/GLints/dict_16_192_64_0p5_0p02_0032_0014.uasset" 5781
"../../../Engine/Content/EngineMaterials/Substrate/GLints/dict_16_192_64_0p5_0p02_0031_0011.uasset" 5782
"../../../Engine/Content/EngineMaterials/Substrate/GLints/dict_16_192_64_0p5_0p02_0032_0001.uasset" 5783
"../../../Engine/Content/EngineMaterials/Substrate/GLints/dict_16_192_64_0p5_0p02_0032_0007.uasset" 5784
"../../../Engine/Content/EngineMaterials/Substrate/GLints/dict_16_192_64_0p5_0p02_0032_0010.uasset" 5785
"../../../Engine/Content/EngineMaterials/Substrate/GLints/dict_16_192_64_0p5_0p02_0032_0008.uasset" 5786
"/Engine/EngineMaterials/Substrate/GLints/dict_16_192_64_0p5_0p02_0031_0005" 5787
"../../../Engine/Content/EngineMaterials/Substrate/GLints/dict_16_192_64_0p5_0p02_0032_0005.uasset" 5788
"../../../Engine/Content/EngineMaterials/Substrate/GLints/dict_16_192_64_0p5_0p02_0032_0000.uasset" 5789
"../../../Engine/Content/EngineMaterials/Substrate/GLints/dict_16_192_64_0p5_0p02_0031_0013.uasset" 5790
"/Engine/EngineMaterials/Substrate/GLints/dict_16_192_64_0p5_0p02_0031_0004" 5791
"/Engine/EngineMaterials/Substrate/GLints/dict_16_192_64_0p5_0p02_0031_0003" 5792
"/Engine/EngineMaterials/Substrate/GLints/dict_16_192_64_0p5_0p02_0031_0002" 5793
"/Engine/EngineMaterials/Substrate/GLints/dict_16_192_64_0p5_0p02_0031_0001" 5794
"/Engine/EngineMaterials/Substrate/GLints/dict_16_192_64_0p5_0p02_0031_0000" 5795
"/Engine/EngineMaterials/Substrate/GLints/dict_16_192_64_0p5_0p02_0030_0015" 5796
"/Engine/EngineMaterials/Substrate/GLints/dict_16_192_64_0p5_0p02_0031_0015" 5797
"/Engine/EngineMaterials/Substrate/GLints/dict_16_192_64_0p5_0p02_0031_0009" 5798
"/Engine/EngineMaterials/Substrate/GLints/dict_16_192_64_0p5_0p02_0031_0008" 5799
"/Engine/EngineMaterials/Substrate/GLints/dict_16_192_64_0p5_0p02_0031_0007" 5800
"/Engine/EngineMaterials/Substrate/GLints/dict_16_192_64_0p5_0p02_0031_0006" 5801
"../../../Engine/Content/EngineMaterials/Substrate/GLints/dict_16_192_64_0p5_0p02_0032_0015.uasset" 5802
"../../../Engine/Content/EngineMaterials/Substrate/GLints/dict_16_192_64_0p5_0p02_0033_0005.uasset" 5803
"../../../Engine/Content/EngineMaterials/Substrate/GLints/dict_16_192_64_0p5_0p02_0033_0001.uasset" 5804
"../../../Engine/Content/EngineMaterials/Substrate/GLints/dict_16_192_64_0p5_0p02_0033_0003.uasset" 5805
"../../../Engine/Content/EngineMaterials/Substrate/GLints/dict_16_192_64_0p5_0p02_0033_0002.uasset" 5806
"../../../Engine/Content/EngineMaterials/Substrate/GLints/dict_16_192_64_0p5_0p02_0033_0008.uasset" 5807
"/Engine/EngineMaterials/Substrate/GLints/dict_16_192_64_0p5_0p02_0032_0014" 5808
"../../../Engine/Content/EngineMaterials/Substrate/GLints/dict_16_192_64_0p5_0p02_0033_0000.uasset" 5809
"../../../Engine/Content/EngineMaterials/Substrate/GLints/dict_16_192_64_0p5_0p02_0033_0004.uasset" 5810
"../../../Engine/Content/EngineMaterials/Substrate/GLints/dict_16_192_64_0p5_0p02_0033_0009.uasset" 5811
"../../../Engine/Content/EngineMaterials/Substrate/GLints/dict_16_192_64_0p5_0p02_0033_0010.uasset" 5812
"../../../Engine/Content/EngineMaterials/Substrate/GLints/dict_16_192_64_0p5_0p02_0033_0006.uasset" 5813
"../../../Engine/Content/EngineMaterials/Substrate/GLints/dict_16_192_64_0p5_0p02_0033_0007.uasset" 5814
"/Engine/EngineMaterials/Substrate/GLints/dict_16_192_64_0p5_0p02_0032_0013" 5815
"/Engine/EngineMaterials/Substrate/GLints/dict_16_192_64_0p5_0p02_0032_0012" 5816
"/Engine/EngineMaterials/Substrate/GLints/dict_16_192_64_0p5_0p02_0032_0011" 5817
"/Engine/EngineMaterials/Substrate/GLints/dict_16_192_64_0p5_0p02_0032_0010" 5818
"/Engine/EngineMaterials/Substrate/GLints/dict_16_192_64_0p5_0p02_0032_0009" 5819
"/Engine/EngineMaterials/Substrate/GLints/dict_16_192_64_0p5_0p02_0032_0008" 5820
"/Engine/EngineMaterials/Substrate/GLints/dict_16_192_64_0p5_0p02_0032_0007" 5821
"/Engine/EngineMaterials/Substrate/GLints/dict_16_192_64_0p5_0p02_0032_0006" 5822
"/Engine/EngineMaterials/Substrate/GLints/dict_16_192_64_0p5_0p02_0032_0005" 5823
"/Engine/EngineMaterials/Substrate/GLints/dict_16_192_64_0p5_0p02_0032_0004" 5824
"/Engine/EngineMaterials/Substrate/GLints/dict_16_192_64_0p5_0p02_0032_0003" 5825
"/Engine/EngineMaterials/Substrate/GLints/dict_16_192_64_0p5_0p02_0032_0002" 5826
"/Engine/EngineMaterials/Substrate/GLints/dict_16_192_64_0p5_0p02_0032_0001" 5827
"/Engine/EngineMaterials/Substrate/GLints/dict_16_192_64_0p5_0p02_0032_0000" 5828
"/Engine/EngineMaterials/Substrate/GLints/dict_16_192_64_0p5_0p02_0031_0014" 5829
"/Engine/EngineMaterials/Substrate/GLints/dict_16_192_64_0p5_0p02_0031_0013" 5830
"/Engine/EngineMaterials/Substrate/GLints/dict_16_192_64_0p5_0p02_0031_0012" 5831
"/Engine/EngineMaterials/Substrate/GLints/dict_16_192_64_0p5_0p02_0031_0011" 5832
"/Engine/EngineMaterials/Substrate/GLints/dict_16_192_64_0p5_0p02_0031_0010" 5833
"/Engine/EngineMaterials/Substrate/GLints/dict_16_192_64_0p5_0p02_0032_0015" 5834
"../../../Engine/Content/EngineMaterials/Substrate/GLints/dict_16_192_64_0p5_0p02_0033_0011.uasset" 5835
"../../../Engine/Content/EngineMaterials/Substrate/GLints/dict_16_192_64_0p5_0p02_0034_0000.uasset" 5836
"../../../Engine/Content/EngineMaterials/Substrate/GLints/dict_16_192_64_0p5_0p02_0034_0006.uasset" 5837
"../../../Engine/Content/EngineMaterials/Substrate/GLints/dict_16_192_64_0p5_0p02_0034_0003.uasset" 5838
"../../../Engine/Content/EngineMaterials/Substrate/GLints/dict_16_192_64_0p5_0p02_0034_0011.uasset" 5839
"../../../Engine/Content/EngineMaterials/Substrate/GLints/dict_16_192_64_0p5_0p02_0034_0005.uasset" 5840
"../../../Engine/Content/EngineMaterials/Substrate/GLints/dict_16_192_64_0p5_0p02_0034_0001.uasset" 5841
"/Engine/EngineMaterials/Substrate/GLints/dict_16_192_64_0p5_0p02_0033_0010" 5842
"../../../Engine/Content/EngineMaterials/Substrate/GLints/dict_16_192_64_0p5_0p02_0034_0002.uasset" 5843
"../../../Engine/Content/EngineMaterials/Substrate/GLints/dict_16_192_64_0p5_0p02_0034_0008.uasset" 5844
"../../../Engine/Content/EngineMaterials/Substrate/GLints/dict_16_192_64_0p5_0p02_0034_0015.uasset" 5845
"../../../Engine/Content/EngineMaterials/Substrate/GLints/dict_16_192_64_0p5_0p02_0034_0007.uasset" 5846
"../../../Engine/Content/EngineMaterials/Substrate/GLints/dict_16_192_64_0p5_0p02_0034_0010.uasset" 5847
"../../../Engine/Content/EngineMaterials/Substrate/GLints/dict_16_192_64_0p5_0p02_0033_0012.uasset" 5848
"../../../Engine/Content/EngineMaterials/Substrate/GLints/dict_16_192_64_0p5_0p02_0034_0009.uasset" 5849
"../../../Engine/Content/EngineMaterials/Substrate/GLints/dict_16_192_64_0p5_0p02_0033_0015.uasset" 5850
"../../../Engine/Content/EngineMaterials/Substrate/GLints/dict_16_192_64_0p5_0p02_0034_0012.uasset" 5851
"../../../Engine/Content/EngineMaterials/Substrate/GLints/dict_16_192_64_0p5_0p02_0033_0014.uasset" 5852
"../../../Engine/Content/EngineMaterials/Substrate/GLints/dict_16_192_64_0p5_0p02_0034_0004.uasset" 5853
"../../../Engine/Content/EngineMaterials/Substrate/GLints/dict_16_192_64_0p5_0p02_0034_0014.uasset" 5854
"../../../Engine/Content/EngineMaterials/Substrate/GLints/dict_16_192_64_0p5_0p02_0033_0013.uasset" 5855
"../../../Engine/Content/EngineMaterials/Substrate/GLints/dict_16_192_64_0p5_0p02_0034_0013.uasset" 5856
"/Engine/EngineMaterials/Substrate/GLints/dict_16_192_64_0p5_0p02_0033_0009" 5857
"/Engine/EngineMaterials/Substrate/GLints/dict_16_192_64_0p5_0p02_0033_0008" 5858
"/Engine/EngineMaterials/Substrate/GLints/dict_16_192_64_0p5_0p02_0033_0007" 5859
"/Engine/EngineMaterials/Substrate/GLints/dict_16_192_64_0p5_0p02_0033_0006" 5860
"/Engine/EngineMaterials/Substrate/GLints/dict_16_192_64_0p5_0p02_0033_0005" 5861
"/Engine/EngineMaterials/Substrate/GLints/dict_16_192_64_0p5_0p02_0033_0004" 5862
"/Engine/EngineMaterials/Substrate/GLints/dict_16_192_64_0p5_0p02_0033_0003" 5863
"/Engine/EngineMaterials/Substrate/GLints/dict_16_192_64_0p5_0p02_0033_0002" 5864
"/Engine/EngineMaterials/Substrate/GLints/dict_16_192_64_0p5_0p02_0033_0001" 5865
"/Engine/EngineMaterials/Substrate/GLints/dict_16_192_64_0p5_0p02_0033_0000" 5866
"../../../Engine/Content/EngineMaterials/Substrate/GLints/dict_16_192_64_0p5_0p02_0035_0002.uasset" 5867
"../../../Engine/Content/EngineMaterials/Substrate/GLints/dict_16_192_64_0p5_0p02_0035_0000.uasset" 5868
"../../../Engine/Content/EngineMaterials/Substrate/GLints/dict_16_192_64_0p5_0p02_0035_0007.uasset" 5869
"../../../Engine/Content/EngineMaterials/Substrate/GLints/dict_16_192_64_0p5_0p02_0035_0004.uasset" 5870
"../../../Engine/Content/EngineMaterials/Substrate/GLints/dict_16_192_64_0p5_0p02_0035_0010.uasset" 5871
"../../../Engine/Content/EngineMaterials/Substrate/GLints/dict_16_192_64_0p5_0p02_0035_0009.uasset" 5872
"/Engine/EngineMaterials/Substrate/GLints/dict_16_192_64_0p5_0p02_0034_0015" 5873
"../../../Engine/Content/EngineMaterials/Substrate/GLints/dict_16_192_64_0p5_0p02_0035_0006.uasset" 5874
"../../../Engine/Content/EngineMaterials/Substrate/GLints/dict_16_192_64_0p5_0p02_0035_0005.uasset" 5875
"../../../Engine/Content/EngineMaterials/Substrate/GLints/dict_16_192_64_0p5_0p02_0035_0001.uasset" 5876
"../../../Engine/Content/EngineMaterials/Substrate/GLints/dict_16_192_64_0p5_0p02_0035_0008.uasset" 5877
"../../../Engine/Content/EngineMaterials/Substrate/GLints/dict_16_192_64_0p5_0p02_0035_0003.uasset" 5878
"/Engine/EngineMaterials/Substrate/GLints/dict_16_192_64_0p5_0p02_0034_0014" 5879
"/Engine/EngineMaterials/Substrate/GLints/dict_16_192_64_0p5_0p02_0034_0013" 5880
"/Engine/EngineMaterials/Substrate/GLints/dict_16_192_64_0p5_0p02_0034_0012" 5881
"/Engine/EngineMaterials/Substrate/GLints/dict_16_192_64_0p5_0p02_0034_0011" 5882
"/Engine/EngineMaterials/Substrate/GLints/dict_16_192_64_0p5_0p02_0034_0010" 5883
"/Engine/EngineMaterials/Substrate/GLints/dict_16_192_64_0p5_0p02_0034_0009" 5884
"/Engine/EngineMaterials/Substrate/GLints/dict_16_192_64_0p5_0p02_0034_0008" 5885
"/Engine/EngineMaterials/Substrate/GLints/dict_16_192_64_0p5_0p02_0034_0007" 5886
"/Engine/EngineMaterials/Substrate/GLints/dict_16_192_64_0p5_0p02_0034_0006" 5887
"/Engine/EngineMaterials/Substrate/GLints/dict_16_192_64_0p5_0p02_0034_0005" 5888
"/Engine/EngineMaterials/Substrate/GLints/dict_16_192_64_0p5_0p02_0034_0004" 5889
"/Engine/EngineMaterials/Substrate/GLints/dict_16_192_64_0p5_0p02_0034_0003" 5890
"/Engine/EngineMaterials/Substrate/GLints/dict_16_192_64_0p5_0p02_0034_0002" 5891
"/Engine/EngineMaterials/Substrate/GLints/dict_16_192_64_0p5_0p02_0034_0001" 5892
"/Engine/EngineMaterials/Substrate/GLints/dict_16_192_64_0p5_0p02_0034_0000" 5893
"/Engine/EngineMaterials/Substrate/GLints/dict_16_192_64_0p5_0p02_0033_0015" 5894
"/Engine/EngineMaterials/Substrate/GLints/dict_16_192_64_0p5_0p02_0033_0014" 5895
"/Engine/EngineMaterials/Substrate/GLints/dict_16_192_64_0p5_0p02_0033_0013" 5896
"/Engine/EngineMaterials/Substrate/GLints/dict_16_192_64_0p5_0p02_0033_0012" 5897
"/Engine/EngineMaterials/Substrate/GLints/dict_16_192_64_0p5_0p02_0033_0011" 5898
"../../../Engine/Content/EngineMaterials/Substrate/GLints/dict_16_192_64_0p5_0p02_0035_0012.uasset" 5899
"../../../Engine/Content/EngineMaterials/Substrate/GLints/dict_16_192_64_0p5_0p02_0035_0011.uasset" 5900
"../../../Engine/Content/EngineMaterials/Substrate/GLints/dict_16_192_64_0p5_0p02_0036_0001.uasset" 5901
"../../../Engine/Content/EngineMaterials/Substrate/GLints/dict_16_192_64_0p5_0p02_0036_0003.uasset" 5902
"../../../Engine/Content/EngineMaterials/Substrate/GLints/dict_16_192_64_0p5_0p02_0036_0006.uasset" 5903
"../../../Engine/Content/EngineMaterials/Substrate/GLints/dict_16_192_64_0p5_0p02_0035_0013.uasset" 5904
"../../../Engine/Content/EngineMaterials/Substrate/GLints/dict_16_192_64_0p5_0p02_0035_0014.uasset" 5905
"../../../Engine/Content/EngineMaterials/Substrate/GLints/dict_16_192_64_0p5_0p02_0036_0002.uasset" 5906
"../../../Engine/Content/EngineMaterials/Substrate/GLints/dict_16_192_64_0p5_0p02_0036_0010.uasset" 5907
"../../../Engine/Content/EngineMaterials/Substrate/GLints/dict_16_192_64_0p5_0p02_0036_0004.uasset" 5908
"../../../Engine/Content/EngineMaterials/Substrate/GLints/dict_16_192_64_0p5_0p02_0036_0009.uasset" 5909
"/Engine/EngineMaterials/Substrate/GLints/dict_16_192_64_0p5_0p02_0035_0010" 5910
"../../../Engine/Content/EngineMaterials/Substrate/GLints/dict_16_192_64_0p5_0p02_0036_0013.uasset" 5911
"../../../Engine/Content/EngineMaterials/Substrate/GLints/dict_16_192_64_0p5_0p02_0036_0007.uasset" 5912
"../../../Engine/Content/EngineMaterials/Substrate/GLints/dict_16_192_64_0p5_0p02_0036_0000.uasset" 5913
"../../../Engine/Content/EngineMaterials/Substrate/GLints/dict_16_192_64_0p5_0p02_0036_0015.uasset" 5914
"../../../Engine/Content/EngineMaterials/Substrate/GLints/dict_16_192_64_0p5_0p02_0036_0005.uasset" 5915
"../../../Engine/Content/EngineMaterials/Substrate/GLints/dict_16_192_64_0p5_0p02_0036_0014.uasset" 5916
"../../../Engine/Content/EngineMaterials/Substrate/GLints/dict_16_192_64_0p5_0p02_0035_0015.uasset" 5917
"../../../Engine/Content/EngineMaterials/Substrate/GLints/dict_16_192_64_0p5_0p02_0036_0011.uasset" 5918
"../../../Engine/Content/EngineMaterials/Substrate/GLints/dict_16_192_64_0p5_0p02_0036_0008.uasset" 5919
"../../../Engine/Content/EngineMaterials/Substrate/GLints/dict_16_192_64_0p5_0p02_0036_0012.uasset" 5920
"/Engine/EngineMaterials/Substrate/GLints/dict_16_192_64_0p5_0p02_0035_0009" 5921
"/Engine/EngineMaterials/Substrate/GLints/dict_16_192_64_0p5_0p02_0035_0008" 5922
"/Engine/EngineMaterials/Substrate/GLints/dict_16_192_64_0p5_0p02_0035_0007" 5923
"/Engine/EngineMaterials/Substrate/GLints/dict_16_192_64_0p5_0p02_0035_0006" 5924
"/Engine/EngineMaterials/Substrate/GLints/dict_16_192_64_0p5_0p02_0035_0005" 5925
"/Engine/EngineMaterials/Substrate/GLints/dict_16_192_64_0p5_0p02_0035_0004" 5926
"/Engine/EngineMaterials/Substrate/GLints/dict_16_192_64_0p5_0p02_0035_0003" 5927
"/Engine/EngineMaterials/Substrate/GLints/dict_16_192_64_0p5_0p02_0035_0002" 5928
"/Engine/EngineMaterials/Substrate/GLints/dict_16_192_64_0p5_0p02_0035_0001" 5929
"/Engine/EngineMaterials/Substrate/GLints/dict_16_192_64_0p5_0p02_0035_0000" 5930
"../../../Engine/Content/EngineMaterials/Substrate/GLints/dict_16_192_64_0p5_0p02_0037_0000.uasset" 5931
"../../../Engine/Content/EngineMaterials/Substrate/GLints/dict_16_192_64_0p5_0p02_0037_0001.uasset" 5932
"../../../Engine/Content/EngineMaterials/Substrate/GLints/dict_16_192_64_0p5_0p02_0037_0002.uasset" 5933
"../../../Engine/Content/EngineMaterials/Substrate/GLints/dict_16_192_64_0p5_0p02_0037_0003.uasset" 5934
"/Engine/EngineMaterials/Substrate/GLints/dict_16_192_64_0p5_0p02_0036_0015" 5935
"../../../Engine/Content/EngineMaterials/Substrate/GLints/dict_16_192_64_0p5_0p02_0037_0008.uasset" 5936
"../../../Engine/Content/EngineMaterials/Substrate/GLints/dict_16_192_64_0p5_0p02_0037_0005.uasset" 5937
"../../../Engine/Content/EngineMaterials/Substrate/GLints/dict_16_192_64_0p5_0p02_0037_0009.uasset" 5938
"../../../Engine/Content/EngineMaterials/Substrate/GLints/dict_16_192_64_0p5_0p02_0037_0007.uasset" 5939
"../../../Engine/Content/EngineMaterials/Substrate/GLints/dict_16_192_64_0p5_0p02_0037_0004.uasset" 5940
"../../../Engine/Content/EngineMaterials/Substrate/GLints/dict_16_192_64_0p5_0p02_0037_0006.uasset" 5941
"../../../Engine/Content/EngineMaterials/Substrate/GLints/dict_16_192_64_0p5_0p02_0037_0010.uasset" 5942
"/Engine/EngineMaterials/Substrate/GLints/dict_16_192_64_0p5_0p02_0036_0014" 5943
"/Engine/EngineMaterials/Substrate/GLints/dict_16_192_64_0p5_0p02_0036_0013" 5944
"/Engine/EngineMaterials/Substrate/GLints/dict_16_192_64_0p5_0p02_0036_0012" 5945
"/Engine/EngineMaterials/Substrate/GLints/dict_16_192_64_0p5_0p02_0036_0011" 5946
"/Engine/EngineMaterials/Substrate/GLints/dict_16_192_64_0p5_0p02_0036_0010" 5947
"/Engine/EngineMaterials/Substrate/GLints/dict_16_192_64_0p5_0p02_0036_0009" 5948
"/Engine/EngineMaterials/Substrate/GLints/dict_16_192_64_0p5_0p02_0036_0008" 5949
"/Engine/EngineMaterials/Substrate/GLints/dict_16_192_64_0p5_0p02_0036_0007" 5950
"/Engine/EngineMaterials/Substrate/GLints/dict_16_192_64_0p5_0p02_0036_0006" 5951
"/Engine/EngineMaterials/Substrate/GLints/dict_16_192_64_0p5_0p02_0036_0005" 5952
"/Engine/EngineMaterials/Substrate/GLints/dict_16_192_64_0p5_0p02_0036_0004" 5953
"/Engine/EngineMaterials/Substrate/GLints/dict_16_192_64_0p5_0p02_0036_0003" 5954
"/Engine/EngineMaterials/Substrate/GLints/dict_16_192_64_0p5_0p02_0036_0002" 5955
"/Engine/EngineMaterials/Substrate/GLints/dict_16_192_64_0p5_0p02_0036_0001" 5956
"/Engine/EngineMaterials/Substrate/GLints/dict_16_192_64_0p5_0p02_0036_0000" 5957
"/Engine/EngineMaterials/Substrate/GLints/dict_16_192_64_0p5_0p02_0035_0015" 5958
"/Engine/EngineMaterials/Substrate/GLints/dict_16_192_64_0p5_0p02_0035_0014" 5959
"/Engine/EngineMaterials/Substrate/GLints/dict_16_192_64_0p5_0p02_0035_0013" 5960
"/Engine/EngineMaterials/Substrate/GLints/dict_16_192_64_0p5_0p02_0035_0012" 5961
"/Engine/EngineMaterials/Substrate/GLints/dict_16_192_64_0p5_0p02_0035_0011" 5962
"../../../Engine/Content/EngineMaterials/Substrate/GLints/dict_16_192_64_0p5_0p02_0038_0001.uasset" 5963
"../../../Engine/Content/EngineMaterials/Substrate/GLints/dict_16_192_64_0p5_0p02_0037_0011.uasset" 5964
"../../../Engine/Content/EngineMaterials/Substrate/GLints/dict_16_192_64_0p5_0p02_0038_0000.uasset" 5965
"../../../Engine/Content/EngineMaterials/Substrate/GLints/dict_16_192_64_0p5_0p02_0038_0004.uasset" 5966
"../../../Engine/Content/EngineMaterials/Substrate/GLints/dict_16_192_64_0p5_0p02_0038_0006.uasset" 5967
"../../../Engine/Content/EngineMaterials/Substrate/GLints/dict_16_192_64_0p5_0p02_0038_0003.uasset" 5968
"../../../Engine/Content/EngineMaterials/Substrate/GLints/dict_16_192_64_0p5_0p02_0038_0009.uasset" 5969
"/Engine/EngineMaterials/Substrate/GLints/dict_16_192_64_0p5_0p02_0037_0010" 5970
"../../../Engine/Content/EngineMaterials/Substrate/GLints/dict_16_192_64_0p5_0p02_0038_0007.uasset" 5971
"../../../Engine/Content/EngineMaterials/Substrate/GLints/dict_16_192_64_0p5_0p02_0038_0013.uasset" 5972
"../../../Engine/Content/EngineMaterials/Substrate/GLints/dict_16_192_64_0p5_0p02_0038_0008.uasset" 5973
"../../../Engine/Content/EngineMaterials/Substrate/GLints/dict_16_192_64_0p5_0p02_0038_0014.uasset" 5974
"../../../Engine/Content/EngineMaterials/Substrate/GLints/dict_16_192_64_0p5_0p02_0037_0015.uasset" 5975
"../../../Engine/Content/EngineMaterials/Substrate/GLints/dict_16_192_64_0p5_0p02_0038_0015.uasset" 5976
"../../../Engine/Content/EngineMaterials/Substrate/GLints/dict_16_192_64_0p5_0p02_0038_0010.uasset" 5977
"../../../Engine/Content/EngineMaterials/Substrate/GLints/dict_16_192_64_0p5_0p02_0037_0014.uasset" 5978
"../../../Engine/Content/EngineMaterials/Substrate/GLints/dict_16_192_64_0p5_0p02_0038_0002.uasset" 5979
"../../../Engine/Content/EngineMaterials/Substrate/GLints/dict_16_192_64_0p5_0p02_0037_0013.uasset" 5980
"../../../Engine/Content/EngineMaterials/Substrate/GLints/dict_16_192_64_0p5_0p02_0038_0011.uasset" 5981
"../../../Engine/Content/EngineMaterials/Substrate/GLints/dict_16_192_64_0p5_0p02_0038_0005.uasset" 5982
"../../../Engine/Content/EngineMaterials/Substrate/GLints/dict_16_192_64_0p5_0p02_0038_0012.uasset" 5983
"../../../Engine/Content/EngineMaterials/Substrate/GLints/dict_16_192_64_0p5_0p02_0037_0012.uasset" 5984
"/Engine/EngineMaterials/Substrate/GLints/dict_16_192_64_0p5_0p02_0037_0009" 5985
"/Engine/EngineMaterials/Substrate/GLints/dict_16_192_64_0p5_0p02_0037_0008" 5986
"/Engine/EngineMaterials/Substrate/GLints/dict_16_192_64_0p5_0p02_0037_0007" 5987
"/Engine/EngineMaterials/Substrate/GLints/dict_16_192_64_0p5_0p02_0037_0006" 5988
"/Engine/EngineMaterials/Substrate/GLints/dict_16_192_64_0p5_0p02_0037_0005" 5989
"/Engine/EngineMaterials/Substrate/GLints/dict_16_192_64_0p5_0p02_0037_0004" 5990
"/Engine/EngineMaterials/Substrate/GLints/dict_16_192_64_0p5_0p02_0037_0003" 5991
"/Engine/EngineMaterials/Substrate/GLints/dict_16_192_64_0p5_0p02_0037_0002" 5992
"/Engine/EngineMaterials/Substrate/GLints/dict_16_192_64_0p5_0p02_0037_0001" 5993
"/Engine/EngineMaterials/Substrate/GLints/dict_16_192_64_0p5_0p02_0037_0000" 5994
"../../../Engine/Content/EngineMaterials/Substrate/GLints/dict_16_192_64_0p5_0p02_0039_0001.uasset" 5995
"../../../Engine/Content/EngineMaterials/Substrate/GLints/dict_16_192_64_0p5_0p02_0039_0006.uasset" 5996
"../../../Engine/Content/EngineMaterials/Substrate/GLints/dict_16_192_64_0p5_0p02_0039_0000.uasset" 5997
"../../../Engine/Content/EngineMaterials/Substrate/GLints/dict_16_192_64_0p5_0p02_0039_0009.uasset" 5998
"../../../Engine/Content/EngineMaterials/Substrate/GLints/dict_16_192_64_0p5_0p02_0039_0007.uasset" 5999
"../../../Engine/Content/EngineMaterials/Substrate/GLints/dict_16_192_64_0p5_0p02_0039_0002.uasset" 6000
"/Engine/EngineMaterials/Substrate/GLints/dict_16_192_64_0p5_0p02_0038_0015" 6001
"../../../Engine/Content/EngineMaterials/Substrate/GLints/dict_16_192_64_0p5_0p02_0039_0008.uasset" 6002
"../../../Engine/Content/EngineMaterials/Substrate/GLints/dict_16_192_64_0p5_0p02_0039_0005.uasset" 6003
"../../../Engine/Content/EngineMaterials/Substrate/GLints/dict_16_192_64_0p5_0p02_0039_0004.uasset" 6004
"../../../Engine/Content/EngineMaterials/Substrate/GLints/dict_16_192_64_0p5_0p02_0039_0003.uasset" 6005
"../../../Engine/Content/EngineMaterials/Substrate/GLints/dict_16_192_64_0p5_0p02_0039_0010.uasset" 6006
"/Engine/EngineMaterials/Substrate/GLints/dict_16_192_64_0p5_0p02_0038_0014" 6007
"/Engine/EngineMaterials/Substrate/GLints/dict_16_192_64_0p5_0p02_0038_0013" 6008
"/Engine/EngineMaterials/Substrate/GLints/dict_16_192_64_0p5_0p02_0038_0012" 6009
"/Engine/EngineMaterials/Substrate/GLints/dict_16_192_64_0p5_0p02_0038_0011" 6010
"/Engine/EngineMaterials/Substrate/GLints/dict_16_192_64_0p5_0p02_0038_0010" 6011
"/Engine/EngineMaterials/Substrate/GLints/dict_16_192_64_0p5_0p02_0038_0009" 6012
"/Engine/EngineMaterials/Substrate/GLints/dict_16_192_64_0p5_0p02_0038_0008" 6013
"/Engine/EngineMaterials/Substrate/GLints/dict_16_192_64_0p5_0p02_0038_0007" 6014
"/Engine/EngineMaterials/Substrate/GLints/dict_16_192_64_0p5_0p02_0038_0006" 6015
"/Engine/EngineMaterials/Substrate/GLints/dict_16_192_64_0p5_0p02_0038_0005" 6016
"/Engine/EngineMaterials/Substrate/GLints/dict_16_192_64_0p5_0p02_0038_0004" 6017
"/Engine/EngineMaterials/Substrate/GLints/dict_16_192_64_0p5_0p02_0038_0003" 6018
"/Engine/EngineMaterials/Substrate/GLints/dict_16_192_64_0p5_0p02_0038_0002" 6019
"/Engine/EngineMaterials/Substrate/GLints/dict_16_192_64_0p5_0p02_0038_0001" 6020
"/Engine/EngineMaterials/Substrate/GLints/dict_16_192_64_0p5_0p02_0038_0000" 6021
"/Engine/EngineMaterials/Substrate/GLints/dict_16_192_64_0p5_0p02_0037_0015" 6022
"/Engine/EngineMaterials/Substrate/GLints/dict_16_192_64_0p5_0p02_0037_0014" 6023
"/Engine/EngineMaterials/Substrate/GLints/dict_16_192_64_0p5_0p02_0037_0013" 6024
"/Engine/EngineMaterials/Substrate/GLints/dict_16_192_64_0p5_0p02_0037_0012" 6025
"/Engine/EngineMaterials/Substrate/GLints/dict_16_192_64_0p5_0p02_0037_0011" 6026
"../../../Engine/Content/EngineMaterials/Substrate/GLints/dict_16_192_64_0p5_0p02_0039_0012.uasset" 6027
"../../../Engine/Content/EngineMaterials/Substrate/GLints/dict_16_192_64_0p5_0p02_0039_0015.uasset" 6028
"../../../Engine/Content/EngineMaterials/Substrate/GLints/dict_16_192_64_0p5_0p02_0040_0008.uasset" 6029
"../../../Engine/Content/EngineMaterials/Substrate/GLints/dict_16_192_64_0p5_0p02_0040_0002.uasset" 6030
"../../../Engine/Content/EngineMaterials/Substrate/GLints/dict_16_192_64_0p5_0p02_0040_0012.uasset" 6031
"../../../Engine/Content/EngineMaterials/Substrate/GLints/dict_16_192_64_0p5_0p02_0040_0007.uasset" 6032
"/Engine/EngineMaterials/Substrate/GLints/dict_16_192_64_0p5_0p02_0039_0010" 6033
"../../../Engine/Content/EngineMaterials/Substrate/GLints/dict_16_192_64_0p5_0p02_0040_0004.uasset" 6034
"../../../Engine/Content/EngineMaterials/Substrate/GLints/dict_16_192_64_0p5_0p02_0039_0014.uasset" 6035
"../../../Engine/Content/EngineMaterials/Substrate/GLints/dict_16_192_64_0p5_0p02_0040_0013.uasset" 6036
"../../../Engine/Content/EngineMaterials/Substrate/GLints/dict_16_192_64_0p5_0p02_0040_0006.uasset" 6037
"../../../Engine/Content/EngineMaterials/Substrate/GLints/dict_16_192_64_0p5_0p02_0040_0015.uasset" 6038
"../../../Engine/Content/EngineMaterials/Substrate/GLints/dict_16_192_64_0p5_0p02_0040_0014.uasset" 6039
"../../../Engine/Content/EngineMaterials/Substrate/GLints/dict_16_192_64_0p5_0p02_0040_0005.uasset" 6040
"../../../Engine/Content/EngineMaterials/Substrate/GLints/dict_16_192_64_0p5_0p02_0040_0000.uasset" 6041
"../../../Engine/Content/EngineMaterials/Substrate/GLints/dict_16_192_64_0p5_0p02_0040_0003.uasset" 6042
"../../../Engine/Content/EngineMaterials/Substrate/GLints/dict_16_192_64_0p5_0p02_0039_0013.uasset" 6043
"../../../Engine/Content/EngineMaterials/Substrate/GLints/dict_16_192_64_0p5_0p02_0040_0011.uasset" 6044
"../../../Engine/Content/EngineMaterials/Substrate/GLints/dict_16_192_64_0p5_0p02_0039_0011.uasset" 6045
"../../../Engine/Content/EngineMaterials/Substrate/GLints/dict_16_192_64_0p5_0p02_0040_0001.uasset" 6046
"../../../Engine/Content/EngineMaterials/Substrate/GLints/dict_16_192_64_0p5_0p02_0040_0009.uasset" 6047
"../../../Engine/Content/EngineMaterials/Substrate/GLints/dict_16_192_64_0p5_0p02_0040_0010.uasset" 6048
"/Engine/EngineMaterials/Substrate/GLints/dict_16_192_64_0p5_0p02_0039_0009" 6049
"/Engine/EngineMaterials/Substrate/GLints/dict_16_192_64_0p5_0p02_0039_0008" 6050
"/Engine/EngineMaterials/Substrate/GLints/dict_16_192_64_0p5_0p02_0039_0007" 6051
"/Engine/EngineMaterials/Substrate/GLints/dict_16_192_64_0p5_0p02_0039_0006" 6052
"/Engine/EngineMaterials/Substrate/GLints/dict_16_192_64_0p5_0p02_0039_0005" 6053
"/Engine/EngineMaterials/Substrate/GLints/dict_16_192_64_0p5_0p02_0039_0004" 6054
"/Engine/EngineMaterials/Substrate/GLints/dict_16_192_64_0p5_0p02_0039_0003" 6055
"/Engine/EngineMaterials/Substrate/GLints/dict_16_192_64_0p5_0p02_0039_0002" 6056
"/Engine/EngineMaterials/Substrate/GLints/dict_16_192_64_0p5_0p02_0039_0001" 6057
"/Engine/EngineMaterials/Substrate/GLints/dict_16_192_64_0p5_0p02_0039_0000" 6058
"../../../Engine/Content/EngineMaterials/Substrate/GLints/dict_16_192_64_0p5_0p02_0041_0000.uasset" 6059
"../../../Engine/Content/EngineMaterials/Substrate/GLints/dict_16_192_64_0p5_0p02_0041_0003.uasset" 6060
"../../../Engine/Content/EngineMaterials/Substrate/GLints/dict_16_192_64_0p5_0p02_0041_0002.uasset" 6061
"../../../Engine/Content/EngineMaterials/Substrate/GLints/dict_16_192_64_0p5_0p02_0041_0008.uasset" 6062
"../../../Engine/Content/EngineMaterials/Substrate/GLints/dict_16_192_64_0p5_0p02_0041_0001.uasset" 6063
"../../../Engine/Content/EngineMaterials/Substrate/GLints/dict_16_192_64_0p5_0p02_0041_0006.uasset" 6064
"/Engine/EngineMaterials/Substrate/GLints/dict_16_192_64_0p5_0p02_0040_0015" 6065
"../../../Engine/Content/EngineMaterials/Substrate/GLints/dict_16_192_64_0p5_0p02_0041_0007.uasset" 6066
"../../../Engine/Content/EngineMaterials/Substrate/GLints/dict_16_192_64_0p5_0p02_0041_0005.uasset" 6067
"../../../Engine/Content/EngineMaterials/Substrate/GLints/dict_16_192_64_0p5_0p02_0041_0009.uasset" 6068
"../../../Engine/Content/EngineMaterials/Substrate/GLints/dict_16_192_64_0p5_0p02_0041_0004.uasset" 6069
"../../../Engine/Content/EngineMaterials/Substrate/GLints/dict_16_192_64_0p5_0p02_0041_0010.uasset" 6070
"/Engine/EngineMaterials/Substrate/GLints/dict_16_192_64_0p5_0p02_0040_0014" 6071
"/Engine/EngineMaterials/Substrate/GLints/dict_16_192_64_0p5_0p02_0040_0013" 6072
"/Engine/EngineMaterials/Substrate/GLints/dict_16_192_64_0p5_0p02_0040_0012" 6073
"/Engine/EngineMaterials/Substrate/GLints/dict_16_192_64_0p5_0p02_0040_0011" 6074
"/Engine/EngineMaterials/Substrate/GLints/dict_16_192_64_0p5_0p02_0040_0010" 6075
"/Engine/EngineMaterials/Substrate/GLints/dict_16_192_64_0p5_0p02_0040_0009" 6076
"/Engine/EngineMaterials/Substrate/GLints/dict_16_192_64_0p5_0p02_0040_0008" 6077
"/Engine/EngineMaterials/Substrate/GLints/dict_16_192_64_0p5_0p02_0040_0007" 6078
"/Engine/EngineMaterials/Substrate/GLints/dict_16_192_64_0p5_0p02_0040_0006" 6079
"/Engine/EngineMaterials/Substrate/GLints/dict_16_192_64_0p5_0p02_0040_0005" 6080
"/Engine/EngineMaterials/Substrate/GLints/dict_16_192_64_0p5_0p02_0040_0004" 6081
"/Engine/EngineMaterials/Substrate/GLints/dict_16_192_64_0p5_0p02_0040_0003" 6082
"/Engine/EngineMaterials/Substrate/GLints/dict_16_192_64_0p5_0p02_0040_0002" 6083
"/Engine/EngineMaterials/Substrate/GLints/dict_16_192_64_0p5_0p02_0040_0001" 6084
"/Engine/EngineMaterials/Substrate/GLints/dict_16_192_64_0p5_0p02_0040_0000" 6085
"/Engine/EngineMaterials/Substrate/GLints/dict_16_192_64_0p5_0p02_0039_0015" 6086
"/Engine/EngineMaterials/Substrate/GLints/dict_16_192_64_0p5_0p02_0039_0014" 6087
"/Engine/EngineMaterials/Substrate/GLints/dict_16_192_64_0p5_0p02_0039_0013" 6088
"/Engine/EngineMaterials/Substrate/GLints/dict_16_192_64_0p5_0p02_0039_0012" 6089
"/Engine/EngineMaterials/Substrate/GLints/dict_16_192_64_0p5_0p02_0041_0000" 6090
"/Engine/EngineMaterials/Substrate/GLints/dict_16_192_64_0p5_0p02_0039_0011" 6091
"../../../Engine/Content/EngineMaterials/Substrate/GLints/dict_16_192_64_0p5_0p02_0041_0011.uasset" 6092
"../../../Engine/Content/EngineMaterials/Substrate/GLints/dict_16_192_64_0p5_0p02_0041_0013.uasset" 6093
"../../../Engine/Content/EngineMaterials/Substrate/GLints/dict_16_192_64_0p5_0p02_0042_0004.uasset" 6094
"../../../Engine/Content/EngineMaterials/Substrate/GLints/dict_16_192_64_0p5_0p02_0042_0005.uasset" 6095
"../../../Engine/Content/EngineMaterials/Substrate/GLints/dict_16_192_64_0p5_0p02_0042_0011.uasset" 6096
"../../../Engine/Content/EngineMaterials/Substrate/GLints/dict_16_192_64_0p5_0p02_0042_0012.uasset" 6097
"../../../Engine/Content/EngineMaterials/Substrate/GLints/dict_16_192_64_0p5_0p02_0042_0003.uasset" 6098
"../../../Engine/Content/EngineMaterials/Substrate/GLints/dict_16_192_64_0p5_0p02_0042_0007.uasset" 6099
"../../../Engine/Content/EngineMaterials/Substrate/GLints/dict_16_192_64_0p5_0p02_0042_0006.uasset" 6100
"../../../Engine/Content/EngineMaterials/Substrate/GLints/dict_16_192_64_0p5_0p02_0042_0013.uasset" 6101
"../../../Engine/Content/EngineMaterials/Substrate/GLints/dict_16_192_64_0p5_0p02_0042_0002.uasset" 6102
"../../../Engine/Content/EngineMaterials/Substrate/GLints/dict_16_192_64_0p5_0p02_0043_0000.uasset" 6103
"../../../Engine/Content/EngineMaterials/Substrate/GLints/dict_16_192_64_0p5_0p02_0041_0014.uasset" 6104
"../../../Engine/Content/EngineMaterials/Substrate/GLints/dict_16_192_64_0p5_0p02_0042_0001.uasset" 6105
"../../../Engine/Content/EngineMaterials/Substrate/GLints/dict_16_192_64_0p5_0p02_0042_0010.uasset" 6106
"../../../Engine/Content/EngineMaterials/Substrate/GLints/dict_16_192_64_0p5_0p02_0042_0000.uasset" 6107
"/Engine/EngineMaterials/Substrate/GLints/dict_16_192_64_0p5_0p02_0041_0010" 6108
"../../../Engine/Content/EngineMaterials/Substrate/GLints/dict_16_192_64_0p5_0p02_0041_0015.uasset" 6109
"../../../Engine/Content/EngineMaterials/Substrate/GLints/dict_16_192_64_0p5_0p02_0041_0012.uasset" 6110
"../../../Engine/Content/EngineMaterials/Substrate/GLints/dict_16_192_64_0p5_0p02_0042_0014.uasset" 6111
"../../../Engine/Content/EngineMaterials/Substrate/GLints/dict_16_192_64_0p5_0p02_0042_0015.uasset" 6112
"../../../Engine/Content/EngineMaterials/Substrate/GLints/dict_16_192_64_0p5_0p02_0042_0008.uasset" 6113
"../../../Engine/Content/EngineMaterials/Substrate/GLints/dict_16_192_64_0p5_0p02_0042_0009.uasset" 6114
"/Engine/EngineMaterials/Substrate/GLints/dict_16_192_64_0p5_0p02_0041_0009" 6115
"/Engine/EngineMaterials/Substrate/GLints/dict_16_192_64_0p5_0p02_0041_0008" 6116
"/Engine/EngineMaterials/Substrate/GLints/dict_16_192_64_0p5_0p02_0041_0007" 6117
"/Engine/EngineMaterials/Substrate/GLints/dict_16_192_64_0p5_0p02_0041_0006" 6118
"/Engine/EngineMaterials/Substrate/GLints/dict_16_192_64_0p5_0p02_0041_0005" 6119
"/Engine/EngineMaterials/Substrate/GLints/dict_16_192_64_0p5_0p02_0041_0004" 6120
"/Engine/EngineMaterials/Substrate/GLints/dict_16_192_64_0p5_0p02_0041_0003" 6121
"/Engine/EngineMaterials/Substrate/GLints/dict_16_192_64_0p5_0p02_0041_0002" 6122
"/Engine/EngineMaterials/Substrate/GLints/dict_16_192_64_0p5_0p02_0041_0001" 6123
"../../../Engine/Content/EngineMaterials/Substrate/GLints/dict_16_192_64_0p5_0p02_0043_0001.uasset" 6124
"../../../Engine/Content/EngineMaterials/Substrate/GLints/dict_16_192_64_0p5_0p02_0043_0010.uasset" 6125
"../../../Engine/Content/EngineMaterials/Substrate/GLints/dict_16_192_64_0p5_0p02_0043_0005.uasset" 6126
"/Engine/EngineMaterials/Substrate/GLints/dict_16_192_64_0p5_0p02_0043_0000" 6127
"../../../Engine/Content/EngineMaterials/Substrate/GLints/dict_16_192_64_0p5_0p02_0043_0003.uasset" 6128
"../../../Engine/Content/EngineMaterials/Substrate/GLints/dict_16_192_64_0p5_0p02_0043_0004.uasset" 6129
"../../../Engine/Content/EngineMaterials/Substrate/GLints/dict_16_192_64_0p5_0p02_0043_0008.uasset" 6130
"../../../Engine/Content/EngineMaterials/Substrate/GLints/dict_16_192_64_0p5_0p02_0043_0002.uasset" 6131
"../../../Engine/Content/EngineMaterials/Substrate/GLints/dict_16_192_64_0p5_0p02_0043_0009.uasset" 6132
"../../../Engine/Content/EngineMaterials/Substrate/GLints/dict_16_192_64_0p5_0p02_0043_0007.uasset" 6133
"../../../Engine/Content/EngineMaterials/Substrate/GLints/dict_16_192_64_0p5_0p02_0043_0006.uasset" 6134
"/Engine/EngineMaterials/Substrate/GLints/dict_16_192_64_0p5_0p02_0042_0015" 6135
"/Engine/EngineMaterials/Substrate/GLints/dict_16_192_64_0p5_0p02_0042_0014" 6136
"/Engine/EngineMaterials/Substrate/GLints/dict_16_192_64_0p5_0p02_0042_0013" 6137
"/Engine/EngineMaterials/Substrate/GLints/dict_16_192_64_0p5_0p02_0042_0012" 6138
"/Engine/EngineMaterials/Substrate/GLints/dict_16_192_64_0p5_0p02_0042_0011" 6139
"/Engine/EngineMaterials/Substrate/GLints/dict_16_192_64_0p5_0p02_0042_0010" 6140
"/Engine/EngineMaterials/Substrate/GLints/dict_16_192_64_0p5_0p02_0042_0009" 6141
"/Engine/EngineMaterials/Substrate/GLints/dict_16_192_64_0p5_0p02_0042_0008" 6142
"/Engine/EngineMaterials/Substrate/GLints/dict_16_192_64_0p5_0p02_0042_0007" 6143
"/Engine/EngineMaterials/Substrate/GLints/dict_16_192_64_0p5_0p02_0042_0006" 6144
"/Engine/EngineMaterials/Substrate/GLints/dict_16_192_64_0p5_0p02_0042_0005" 6145
"/Engine/EngineMaterials/Substrate/GLints/dict_16_192_64_0p5_0p02_0042_0004" 6146
"/Engine/EngineMaterials/Substrate/GLints/dict_16_192_64_0p5_0p02_0042_0003" 6147
"/Engine/EngineMaterials/Substrate/GLints/dict_16_192_64_0p5_0p02_0042_0002" 6148
"/Engine/EngineMaterials/Substrate/GLints/dict_16_192_64_0p5_0p02_0042_0001" 6149
"/Engine/EngineMaterials/Substrate/GLints/dict_16_192_64_0p5_0p02_0042_0000" 6150
"/Engine/EngineMaterials/Substrate/GLints/dict_16_192_64_0p5_0p02_0041_0015" 6151
"/Engine/EngineMaterials/Substrate/GLints/dict_16_192_64_0p5_0p02_0041_0014" 6152
"/Engine/EngineMaterials/Substrate/GLints/dict_16_192_64_0p5_0p02_0041_0013" 6153
"/Engine/EngineMaterials/Substrate/GLints/dict_16_192_64_0p5_0p02_0041_0012" 6154
"/Engine/EngineMaterials/Substrate/GLints/dict_16_192_64_0p5_0p02_0041_0011" 6155
"../../../Engine/Content/EngineMaterials/Substrate/GLints/dict_16_192_64_0p5_0p02_0043_0013.uasset" 6156
"../../../Engine/Content/EngineMaterials/Substrate/GLints/dict_16_192_64_0p5_0p02_0043_0011.uasset" 6157
"../../../Engine/Content/EngineMaterials/Substrate/GLints/dict_16_192_64_0p5_0p02_0043_0014.uasset" 6158
"../../../Engine/Content/EngineMaterials/Substrate/GLints/dict_16_192_64_0p5_0p02_0044_0002.uasset" 6159
"../../../Engine/Content/EngineMaterials/Substrate/GLints/dict_16_192_64_0p5_0p02_0044_0006.uasset" 6160
"../../../Engine/Content/EngineMaterials/Substrate/GLints/dict_16_192_64_0p5_0p02_0043_0012.uasset" 6161
"../../../Engine/Content/EngineMaterials/Substrate/GLints/dict_16_192_64_0p5_0p02_0044_0009.uasset" 6162
"../../../Engine/Content/EngineMaterials/Substrate/GLints/dict_16_192_64_0p5_0p02_0044_0007.uasset" 6163
"../../../Engine/Content/EngineMaterials/Substrate/GLints/dict_16_192_64_0p5_0p02_0043_0015.uasset" 6164
"../../../Engine/Content/EngineMaterials/Substrate/GLints/dict_16_192_64_0p5_0p02_0044_0010.uasset" 6165
"../../../Engine/Content/EngineMaterials/Substrate/GLints/dict_16_192_64_0p5_0p02_0044_0004.uasset" 6166
"../../../Engine/Content/EngineMaterials/Substrate/GLints/dict_16_192_64_0p5_0p02_0044_0013.uasset" 6167
"../../../Engine/Content/EngineMaterials/Substrate/GLints/dict_16_192_64_0p5_0p02_0044_0008.uasset" 6168
"../../../Engine/Content/EngineMaterials/Substrate/GLints/dict_16_192_64_0p5_0p02_0045_0000.uasset" 6169
"../../../Engine/Content/EngineMaterials/Substrate/GLints/dict_16_192_64_0p5_0p02_0044_0014.uasset" 6170
"../../../Engine/Content/EngineMaterials/Substrate/GLints/dict_16_192_64_0p5_0p02_0044_0003.uasset" 6171
"../../../Engine/Content/EngineMaterials/Substrate/GLints/dict_16_192_64_0p5_0p02_0044_0000.uasset" 6172
"../../../Engine/Content/EngineMaterials/Substrate/GLints/dict_16_192_64_0p5_0p02_0044_0005.uasset" 6173
"../../../Engine/Content/EngineMaterials/Substrate/GLints/dict_16_192_64_0p5_0p02_0044_0012.uasset" 6174
"../../../Engine/Content/EngineMaterials/Substrate/GLints/dict_16_192_64_0p5_0p02_0044_0001.uasset" 6175
"../../../Engine/Content/EngineMaterials/Substrate/GLints/dict_16_192_64_0p5_0p02_0044_0015.uasset" 6176
"../../../Engine/Content/EngineMaterials/Substrate/GLints/dict_16_192_64_0p5_0p02_0044_0011.uasset" 6177
"/Engine/EngineMaterials/Substrate/GLints/dict_16_192_64_0p5_0p02_0043_0010" 6178
"/Engine/EngineMaterials/Substrate/GLints/dict_16_192_64_0p5_0p02_0043_0009" 6179
"/Engine/EngineMaterials/Substrate/GLints/dict_16_192_64_0p5_0p02_0043_0008" 6180
"/Engine/EngineMaterials/Substrate/GLints/dict_16_192_64_0p5_0p02_0043_0007" 6181
"/Engine/EngineMaterials/Substrate/GLints/dict_16_192_64_0p5_0p02_0043_0006" 6182
"/Engine/EngineMaterials/Substrate/GLints/dict_16_192_64_0p5_0p02_0043_0005" 6183
"/Engine/EngineMaterials/Substrate/GLints/dict_16_192_64_0p5_0p02_0043_0004" 6184
"/Engine/EngineMaterials/Substrate/GLints/dict_16_192_64_0p5_0p02_0043_0003" 6185
"/Engine/EngineMaterials/Substrate/GLints/dict_16_192_64_0p5_0p02_0043_0002" 6186
"/Engine/EngineMaterials/Substrate/GLints/dict_16_192_64_0p5_0p02_0043_0001" 6187
"../../../Engine/Content/EngineMaterials/Substrate/GLints/dict_16_192_64_0p5_0p02_0045_0003.uasset" 6188
"../../../Engine/Content/EngineMaterials/Substrate/GLints/dict_16_192_64_0p5_0p02_0045_0001.uasset" 6189
"../../../Engine/Content/EngineMaterials/Substrate/GLints/dict_16_192_64_0p5_0p02_0045_0002.uasset" 6190
"../../../Engine/Content/EngineMaterials/Substrate/GLints/dict_16_192_64_0p5_0p02_0045_0004.uasset" 6191
"../../../Engine/Content/EngineMaterials/Substrate/GLints/dict_16_192_64_0p5_0p02_0045_0007.uasset" 6192
"../../../Engine/Content/EngineMaterials/Substrate/GLints/dict_16_192_64_0p5_0p02_0045_0008.uasset" 6193
"/Engine/EngineMaterials/Substrate/GLints/dict_16_192_64_0p5_0p02_0045_0000" 6194
"../../../Engine/Content/EngineMaterials/Substrate/GLints/dict_16_192_64_0p5_0p02_0045_0009.uasset" 6195
"../../../Engine/Content/EngineMaterials/Substrate/GLints/dict_16_192_64_0p5_0p02_0045_0010.uasset" 6196
"../../../Engine/Content/EngineMaterials/Substrate/GLints/dict_16_192_64_0p5_0p02_0045_0006.uasset" 6197
"../../../Engine/Content/EngineMaterials/Substrate/GLints/dict_16_192_64_0p5_0p02_0045_0005.uasset" 6198
"/Engine/EngineMaterials/Substrate/GLints/dict_16_192_64_0p5_0p02_0044_0015" 6199
"/Engine/EngineMaterials/Substrate/GLints/dict_16_192_64_0p5_0p02_0044_0014" 6200
"/Engine/EngineMaterials/Substrate/GLints/dict_16_192_64_0p5_0p02_0044_0013" 6201
"/Engine/EngineMaterials/Substrate/GLints/dict_16_192_64_0p5_0p02_0044_0012" 6202
"/Engine/EngineMaterials/Substrate/GLints/dict_16_192_64_0p5_0p02_0044_0011" 6203
"/Engine/EngineMaterials/Substrate/GLints/dict_16_192_64_0p5_0p02_0044_0010" 6204
"/Engine/EngineMaterials/Substrate/GLints/dict_16_192_64_0p5_0p02_0044_0009" 6205
"/Engine/EngineMaterials/Substrate/GLints/dict_16_192_64_0p5_0p02_0044_0008" 6206
"/Engine/EngineMaterials/Substrate/GLints/dict_16_192_64_0p5_0p02_0044_0007" 6207
"/Engine/EngineMaterials/Substrate/GLints/dict_16_192_64_0p5_0p02_0044_0006" 6208
"/Engine/EngineMaterials/Substrate/GLints/dict_16_192_64_0p5_0p02_0044_0005" 6209
"/Engine/EngineMaterials/Substrate/GLints/dict_16_192_64_0p5_0p02_0044_0004" 6210
"/Engine/EngineMaterials/Substrate/GLints/dict_16_192_64_0p5_0p02_0044_0003" 6211
"/Engine/EngineMaterials/Substrate/GLints/dict_16_192_64_0p5_0p02_0044_0002" 6212
"/Engine/EngineMaterials/Substrate/GLints/dict_16_192_64_0p5_0p02_0045_0003" 6213
"/Engine/EngineMaterials/Substrate/GLints/dict_16_192_64_0p5_0p02_0044_0001" 6214
"/Engine/EngineMaterials/Substrate/GLints/dict_16_192_64_0p5_0p02_0044_0000" 6215
"/Engine/EngineMaterials/Substrate/GLints/dict_16_192_64_0p5_0p02_0043_0015" 6216
"/Engine/EngineMaterials/Substrate/GLints/dict_16_192_64_0p5_0p02_0043_0014" 6217
"/Engine/EngineMaterials/Substrate/GLints/dict_16_192_64_0p5_0p02_0043_0013" 6218
"/Engine/EngineMaterials/Substrate/GLints/dict_16_192_64_0p5_0p02_0045_0002" 6219
"/Engine/EngineMaterials/Substrate/GLints/dict_16_192_64_0p5_0p02_0045_0001" 6220
"/Engine/EngineMaterials/Substrate/GLints/dict_16_192_64_0p5_0p02_0043_0012" 6221
"/Engine/EngineMaterials/Substrate/GLints/dict_16_192_64_0p5_0p02_0043_0011" 6222
"../../../Engine/Content/EngineMaterials/Substrate/GLints/dict_16_192_64_0p5_0p02_0045_0013.uasset" 6223
"../../../Engine/Content/EngineMaterials/Substrate/GLints/dict_16_192_64_0p5_0p02_0045_0012.uasset" 6224
"../../../Engine/Content/EngineMaterials/Substrate/GLints/dict_16_192_64_0p5_0p02_0045_0014.uasset" 6225
"../../../Engine/Content/EngineMaterials/Substrate/GLints/dict_16_192_64_0p5_0p02_0045_0015.uasset" 6226
"../../../Engine/Content/EngineMaterials/Substrate/GLints/dict_16_192_64_0p5_0p02_0046_0004.uasset" 6227
"../../../Engine/Content/EngineMaterials/Substrate/GLints/dict_16_192_64_0p5_0p02_0046_0010.uasset" 6228
"../../../Engine/Content/EngineMaterials/Substrate/GLints/dict_16_192_64_0p5_0p02_0046_0011.uasset" 6229
"/Engine/EngineMaterials/Substrate/GLints/dict_16_192_64_0p5_0p02_0045_0010" 6230
"../../../Engine/Content/EngineMaterials/Substrate/GLints/dict_16_192_64_0p5_0p02_0046_0005.uasset" 6231
"../../../Engine/Content/EngineMaterials/Substrate/GLints/dict_16_192_64_0p5_0p02_0046_0001.uasset" 6232
"../../../Engine/Content/EngineMaterials/Substrate/GLints/dict_16_192_64_0p5_0p02_0046_0013.uasset" 6233
"../../../Engine/Content/EngineMaterials/Substrate/GLints/dict_16_192_64_0p5_0p02_0046_0009.uasset" 6234
"../../../Engine/Content/EngineMaterials/Substrate/GLints/dict_16_192_64_0p5_0p02_0046_0012.uasset" 6235
"../../../Engine/Content/EngineMaterials/Substrate/GLints/dict_16_192_64_0p5_0p02_0046_0015.uasset" 6236
"../../../Engine/Content/EngineMaterials/Substrate/GLints/dict_16_192_64_0p5_0p02_0047_0000.uasset" 6237
"../../../Engine/Content/EngineMaterials/Substrate/GLints/dict_16_192_64_0p5_0p02_0047_0001.uasset" 6238
"../../../Engine/Content/EngineMaterials/Substrate/GLints/dict_16_192_64_0p5_0p02_0047_0002.uasset" 6239
"../../../Engine/Content/EngineMaterials/Substrate/GLints/dict_16_192_64_0p5_0p02_0047_0003.uasset" 6240
"../../../Engine/Content/EngineMaterials/Substrate/GLints/dict_16_192_64_0p5_0p02_0046_0002.uasset" 6241
"../../../Engine/Content/EngineMaterials/Substrate/GLints/dict_16_192_64_0p5_0p02_0045_0011.uasset" 6242
"../../../Engine/Content/EngineMaterials/Substrate/GLints/dict_16_192_64_0p5_0p02_0046_0008.uasset" 6243
"../../../Engine/Content/EngineMaterials/Substrate/GLints/dict_16_192_64_0p5_0p02_0046_0003.uasset" 6244
"../../../Engine/Content/EngineMaterials/Substrate/GLints/dict_16_192_64_0p5_0p02_0046_0000.uasset" 6245
"../../../Engine/Content/EngineMaterials/Substrate/GLints/dict_16_192_64_0p5_0p02_0046_0014.uasset" 6246
"../../../Engine/Content/EngineMaterials/Substrate/GLints/dict_16_192_64_0p5_0p02_0046_0006.uasset" 6247
"../../../Engine/Content/EngineMaterials/Substrate/GLints/dict_16_192_64_0p5_0p02_0046_0007.uasset" 6248
"/Engine/EngineMaterials/Substrate/GLints/dict_16_192_64_0p5_0p02_0045_0009" 6249
"/Engine/EngineMaterials/Substrate/GLints/dict_16_192_64_0p5_0p02_0045_0008" 6250
"/Engine/EngineMaterials/Substrate/GLints/dict_16_192_64_0p5_0p02_0045_0007" 6251
"/Engine/EngineMaterials/Substrate/GLints/dict_16_192_64_0p5_0p02_0045_0006" 6252
"/Engine/EngineMaterials/Substrate/GLints/dict_16_192_64_0p5_0p02_0045_0005" 6253
"/Engine/EngineMaterials/Substrate/GLints/dict_16_192_64_0p5_0p02_0045_0004" 6254
"../../../Engine/Content/EngineMaterials/Substrate/GLints/dict_16_192_64_0p5_0p02_0047_0005.uasset" 6255
"../../../Engine/Content/EngineMaterials/Substrate/GLints/dict_16_192_64_0p5_0p02_0047_0007.uasset" 6256
"../../../Engine/Content/EngineMaterials/Substrate/GLints/dict_16_192_64_0p5_0p02_0047_0004.uasset" 6257
"../../../Engine/Content/EngineMaterials/Substrate/GLints/dict_16_192_64_0p5_0p02_0047_0006.uasset" 6258
"../../../Engine/Content/EngineMaterials/Substrate/GLints/dict_16_192_64_0p5_0p02_0047_0009.uasset" 6259
"../../../Engine/Content/EngineMaterials/Substrate/GLints/dict_16_192_64_0p5_0p02_0047_0008.uasset" 6260
"../../../Engine/Content/EngineMaterials/Substrate/GLints/dict_16_192_64_0p5_0p02_0047_0010.uasset" 6261
"/Engine/EngineMaterials/Substrate/GLints/dict_16_192_64_0p5_0p02_0047_0003" 6262
"/Engine/EngineMaterials/Substrate/GLints/dict_16_192_64_0p5_0p02_0047_0002" 6263
"/Engine/EngineMaterials/Substrate/GLints/dict_16_192_64_0p5_0p02_0047_0001" 6264
"/Engine/EngineMaterials/Substrate/GLints/dict_16_192_64_0p5_0p02_0047_0000" 6265
"/Engine/EngineMaterials/Substrate/GLints/dict_16_192_64_0p5_0p02_0046_0015" 6266
"/Engine/EngineMaterials/Substrate/GLints/dict_16_192_64_0p5_0p02_0046_0014" 6267
"/Engine/EngineMaterials/Substrate/GLints/dict_16_192_64_0p5_0p02_0046_0013" 6268
"/Engine/EngineMaterials/Substrate/GLints/dict_16_192_64_0p5_0p02_0046_0012" 6269
"/Engine/EngineMaterials/Substrate/GLints/dict_16_192_64_0p5_0p02_0046_0011" 6270
"/Engine/EngineMaterials/Substrate/GLints/dict_16_192_64_0p5_0p02_0046_0010" 6271
"/Engine/EngineMaterials/Substrate/GLints/dict_16_192_64_0p5_0p02_0046_0009" 6272
"/Engine/EngineMaterials/Substrate/GLints/dict_16_192_64_0p5_0p02_0046_0008" 6273
"/Engine/EngineMaterials/Substrate/GLints/dict_16_192_64_0p5_0p02_0046_0007" 6274
"/Engine/EngineMaterials/Substrate/GLints/dict_16_192_64_0p5_0p02_0046_0006" 6275
"/Engine/EngineMaterials/Substrate/GLints/dict_16_192_64_0p5_0p02_0046_0005" 6276
"/Engine/EngineMaterials/Substrate/GLints/dict_16_192_64_0p5_0p02_0046_0004" 6277
"/Engine/EngineMaterials/Substrate/GLints/dict_16_192_64_0p5_0p02_0046_0003" 6278
"/Engine/EngineMaterials/Substrate/GLints/dict_16_192_64_0p5_0p02_0046_0002" 6279
"/Engine/EngineMaterials/Substrate/GLints/dict_16_192_64_0p5_0p02_0046_0001" 6280
"/Engine/EngineMaterials/Substrate/GLints/dict_16_192_64_0p5_0p02_0046_0000" 6281
"/Engine/EngineMaterials/Substrate/GLints/dict_16_192_64_0p5_0p02_0045_0015" 6282
"/Engine/EngineMaterials/Substrate/GLints/dict_16_192_64_0p5_0p02_0045_0014" 6283
"/Engine/EngineMaterials/Substrate/GLints/dict_16_192_64_0p5_0p02_0045_0013" 6284
"/Engine/EngineMaterials/Substrate/GLints/dict_16_192_64_0p5_0p02_0045_0012" 6285
"/Engine/EngineMaterials/Substrate/GLints/dict_16_192_64_0p5_0p02_0045_0011" 6286
"../../../Engine/Content/EngineMaterials/Substrate/GLints/dict_16_192_64_0p5_0p02_0047_0012.uasset" 6287
"../../../Engine/Content/EngineMaterials/Substrate/GLints/dict_16_192_64_0p5_0p02_0047_0011.uasset" 6288
"../../../Engine/Content/EngineMaterials/Substrate/GLints/dict_16_192_64_0p5_0p02_0048_0001.uasset" 6289
"../../../Engine/Content/EngineMaterials/Substrate/GLints/dict_16_192_64_0p5_0p02_0048_0002.uasset" 6290
"../../../Engine/Content/EngineMaterials/Substrate/GLints/dict_16_192_64_0p5_0p02_0047_0015.uasset" 6291
"../../../Engine/Content/EngineMaterials/Substrate/GLints/dict_16_192_64_0p5_0p02_0047_0013.uasset" 6292
"../../../Engine/Content/EngineMaterials/Substrate/GLints/dict_16_192_64_0p5_0p02_0048_0004.uasset" 6293
"../../../Engine/Content/EngineMaterials/Substrate/GLints/dict_16_192_64_0p5_0p02_0048_0003.uasset" 6294
"../../../Engine/Content/EngineMaterials/Substrate/GLints/dict_16_192_64_0p5_0p02_0048_0008.uasset" 6295
"../../../Engine/Content/EngineMaterials/Substrate/GLints/dict_16_192_64_0p5_0p02_0047_0014.uasset" 6296
"../../../Engine/Content/EngineMaterials/Substrate/GLints/dict_16_192_64_0p5_0p02_0048_0013.uasset" 6297
"../../../Engine/Content/EngineMaterials/Substrate/GLints/dict_16_192_64_0p5_0p02_0048_0007.uasset" 6298
"../../../Engine/Content/EngineMaterials/Substrate/GLints/dict_16_192_64_0p5_0p02_0048_0000.uasset" 6299
"../../../Engine/Content/EngineMaterials/Substrate/GLints/dict_16_192_64_0p5_0p02_0048_0015.uasset" 6300
"../../../Engine/Content/EngineMaterials/Substrate/GLints/dict_16_192_64_0p5_0p02_0048_0006.uasset" 6301
"../../../Engine/Content/EngineMaterials/Substrate/GLints/dict_16_192_64_0p5_0p02_0049_0000.uasset" 6302
"../../../Engine/Content/EngineMaterials/Substrate/GLints/dict_16_192_64_0p5_0p02_0049_0002.uasset" 6303
"../../../Engine/Content/EngineMaterials/Substrate/GLints/dict_16_192_64_0p5_0p02_0048_0010.uasset" 6304
"/Engine/EngineMaterials/Substrate/GLints/dict_16_192_64_0p5_0p02_0047_0010" 6305
"../../../Engine/Content/EngineMaterials/Substrate/GLints/dict_16_192_64_0p5_0p02_0049_0003.uasset" 6306
"../../../Engine/Content/EngineMaterials/Substrate/GLints/dict_16_192_64_0p5_0p02_0048_0009.uasset" 6307
"../../../Engine/Content/EngineMaterials/Substrate/GLints/dict_16_192_64_0p5_0p02_0048_0014.uasset" 6308
"../../../Engine/Content/EngineMaterials/Substrate/GLints/dict_16_192_64_0p5_0p02_0048_0012.uasset" 6309
"../../../Engine/Content/EngineMaterials/Substrate/GLints/dict_16_192_64_0p5_0p02_0048_0005.uasset" 6310
"../../../Engine/Content/EngineMaterials/Substrate/GLints/dict_16_192_64_0p5_0p02_0049_0001.uasset" 6311
"../../../Engine/Content/EngineMaterials/Substrate/GLints/dict_16_192_64_0p5_0p02_0048_0011.uasset" 6312
"/Engine/EngineMaterials/Substrate/GLints/dict_16_192_64_0p5_0p02_0047_0009" 6313
"/Engine/EngineMaterials/Substrate/GLints/dict_16_192_64_0p5_0p02_0047_0008" 6314
"/Engine/EngineMaterials/Substrate/GLints/dict_16_192_64_0p5_0p02_0047_0007" 6315
"/Engine/EngineMaterials/Substrate/GLints/dict_16_192_64_0p5_0p02_0047_0006" 6316
"/Engine/EngineMaterials/Substrate/GLints/dict_16_192_64_0p5_0p02_0047_0005" 6317
"/Engine/EngineMaterials/Substrate/GLints/dict_16_192_64_0p5_0p02_0047_0004" 6318
"../../../Engine/Content/EngineMaterials/Substrate/GLints/dict_16_192_64_0p5_0p02_0049_0004.uasset" 6319
"../../../Engine/Content/EngineMaterials/Substrate/GLints/dict_16_192_64_0p5_0p02_0049_0005.uasset" 6320
"../../../Engine/Content/EngineMaterials/Substrate/GLints/dict_16_192_64_0p5_0p02_0049_0009.uasset" 6321
"/Engine/EngineMaterials/Substrate/GLints/dict_16_192_64_0p5_0p02_0049_0003" 6322
"../../../Engine/Content/EngineMaterials/Substrate/GLints/dict_16_192_64_0p5_0p02_0049_0006.uasset" 6323
"../../../Engine/Content/EngineMaterials/Substrate/GLints/dict_16_192_64_0p5_0p02_0049_0008.uasset" 6324
"../../../Engine/Content/EngineMaterials/Substrate/GLints/dict_16_192_64_0p5_0p02_0049_0007.uasset" 6325
"../../../Engine/Content/EngineMaterials/Substrate/GLints/dict_16_192_64_0p5_0p02_0049_0010.uasset" 6326
"/Engine/EngineMaterials/Substrate/GLints/dict_16_192_64_0p5_0p02_0049_0002" 6327
"/Engine/EngineMaterials/Substrate/GLints/dict_16_192_64_0p5_0p02_0049_0001" 6328
"/Engine/EngineMaterials/Substrate/GLints/dict_16_192_64_0p5_0p02_0049_0000" 6329
"/Engine/EngineMaterials/Substrate/GLints/dict_16_192_64_0p5_0p02_0048_0015" 6330
"/Engine/EngineMaterials/Substrate/GLints/dict_16_192_64_0p5_0p02_0048_0014" 6331
"/Engine/EngineMaterials/Substrate/GLints/dict_16_192_64_0p5_0p02_0048_0013" 6332
"/Engine/EngineMaterials/Substrate/GLints/dict_16_192_64_0p5_0p02_0048_0012" 6333
"/Engine/EngineMaterials/Substrate/GLints/dict_16_192_64_0p5_0p02_0048_0011" 6334
"/Engine/EngineMaterials/Substrate/GLints/dict_16_192_64_0p5_0p02_0048_0010" 6335
"/Engine/EngineMaterials/Substrate/GLints/dict_16_192_64_0p5_0p02_0048_0009" 6336
"/Engine/EngineMaterials/Substrate/GLints/dict_16_192_64_0p5_0p02_0048_0008" 6337
"/Engine/EngineMaterials/Substrate/GLints/dict_16_192_64_0p5_0p02_0048_0007" 6338
"/Engine/EngineMaterials/Substrate/GLints/dict_16_192_64_0p5_0p02_0048_0006" 6339
"/Engine/EngineMaterials/Substrate/GLints/dict_16_192_64_0p5_0p02_0048_0005" 6340
"/Engine/EngineMaterials/Substrate/GLints/dict_16_192_64_0p5_0p02_0048_0004" 6341
"/Engine/EngineMaterials/Substrate/GLints/dict_16_192_64_0p5_0p02_0048_0003" 6342
"/Engine/EngineMaterials/Substrate/GLints/dict_16_192_64_0p5_0p02_0048_0002" 6343
"/Engine/EngineMaterials/Substrate/GLints/dict_16_192_64_0p5_0p02_0048_0001" 6344
"/Engine/EngineMaterials/Substrate/GLints/dict_16_192_64_0p5_0p02_0048_0000" 6345
"/Engine/EngineMaterials/Substrate/GLints/dict_16_192_64_0p5_0p02_0047_0015" 6346
"/Engine/EngineMaterials/Substrate/GLints/dict_16_192_64_0p5_0p02_0047_0014" 6347
"/Engine/EngineMaterials/Substrate/GLints/dict_16_192_64_0p5_0p02_0047_0013" 6348
"/Engine/EngineMaterials/Substrate/GLints/dict_16_192_64_0p5_0p02_0047_0012" 6349
"/Engine/EngineMaterials/Substrate/GLints/dict_16_192_64_0p5_0p02_0047_0011" 6350
"../../../Engine/Content/EngineMaterials/Substrate/GLints/dict_16_192_64_0p5_0p02_0049_0013.uasset" 6351
"../../../Engine/Content/EngineMaterials/Substrate/GLints/dict_16_192_64_0p5_0p02_0050_0000.uasset" 6352
"../../../Engine/Content/EngineMaterials/Substrate/GLints/dict_16_192_64_0p5_0p02_0050_0008.uasset" 6353
"../../../Engine/Content/EngineMaterials/Substrate/GLints/dict_16_192_64_0p5_0p02_0050_0001.uasset" 6354
"../../../Engine/Content/EngineMaterials/Substrate/GLints/dict_16_192_64_0p5_0p02_0049_0012.uasset" 6355
"../../../Engine/Content/EngineMaterials/Substrate/GLints/dict_16_192_64_0p5_0p02_0049_0011.uasset" 6356
"../../../Engine/Content/EngineMaterials/Substrate/GLints/dict_16_192_64_0p5_0p02_0050_0004.uasset" 6357
"../../../Engine/Content/EngineMaterials/Substrate/GLints/dict_16_192_64_0p5_0p02_0050_0011.uasset" 6358
"../../../Engine/Content/EngineMaterials/Substrate/GLints/dict_16_192_64_0p5_0p02_0050_0010.uasset" 6359
"../../../Engine/Content/EngineMaterials/Substrate/GLints/dict_16_192_64_0p5_0p02_0050_0012.uasset" 6360
"../../../Engine/Content/EngineMaterials/Substrate/GLints/dict_16_192_64_0p5_0p02_0050_0013.uasset" 6361
"../../../Engine/Content/EngineMaterials/Substrate/GLints/dict_16_192_64_0p5_0p02_0050_0007.uasset" 6362
"../../../Engine/Content/EngineMaterials/Substrate/GLints/dict_16_192_64_0p5_0p02_0050_0014.uasset" 6363
"../../../Engine/Content/EngineMaterials/Substrate/GLints/dict_16_192_64_0p5_0p02_0051_0000.uasset" 6364
"../../../Engine/Content/EngineMaterials/Substrate/GLints/dict_16_192_64_0p5_0p02_0051_0001.uasset" 6365
"../../../Engine/Content/EngineMaterials/Substrate/GLints/dict_16_192_64_0p5_0p02_0050_0003.uasset" 6366
"../../../Engine/Content/EngineMaterials/Substrate/GLints/dict_16_192_64_0p5_0p02_0049_0014.uasset" 6367
"../../../Engine/Content/EngineMaterials/Substrate/GLints/dict_16_192_64_0p5_0p02_0051_0003.uasset" 6368
"../../../Engine/Content/EngineMaterials/Substrate/GLints/dict_16_192_64_0p5_0p02_0051_0002.uasset" 6369
"../../../Engine/Content/EngineMaterials/Substrate/GLints/dict_16_192_64_0p5_0p02_0050_0005.uasset" 6370
"../../../Engine/Content/EngineMaterials/Substrate/GLints/dict_16_192_64_0p5_0p02_0050_0002.uasset" 6371
"/Engine/EngineMaterials/Substrate/GLints/dict_16_192_64_0p5_0p02_0049_0010" 6372
"../../../Engine/Content/EngineMaterials/Substrate/GLints/dict_16_192_64_0p5_0p02_0050_0015.uasset" 6373
"../../../Engine/Content/EngineMaterials/Substrate/GLints/dict_16_192_64_0p5_0p02_0049_0015.uasset" 6374
"../../../Engine/Content/EngineMaterials/Substrate/GLints/dict_16_192_64_0p5_0p02_0050_0006.uasset" 6375
"../../../Engine/Content/EngineMaterials/Substrate/GLints/dict_16_192_64_0p5_0p02_0050_0009.uasset" 6376
"/Engine/EngineMaterials/Substrate/GLints/dict_16_192_64_0p5_0p02_0049_0009" 6377
"/Engine/EngineMaterials/Substrate/GLints/dict_16_192_64_0p5_0p02_0049_0008" 6378
"/Engine/EngineMaterials/Substrate/GLints/dict_16_192_64_0p5_0p02_0049_0007" 6379
"/Engine/EngineMaterials/Substrate/GLints/dict_16_192_64_0p5_0p02_0049_0006" 6380
"/Engine/EngineMaterials/Substrate/GLints/dict_16_192_64_0p5_0p02_0049_0005" 6381
"/Engine/EngineMaterials/Substrate/GLints/dict_16_192_64_0p5_0p02_0049_0004" 6382
"../../../Engine/Content/EngineMaterials/Substrate/GLints/dict_16_192_64_0p5_0p02_0051_0004.uasset" 6383
"../../../Engine/Content/EngineMaterials/Substrate/GLints/dict_16_192_64_0p5_0p02_0051_0007.uasset" 6384
"../../../Engine/Content/EngineMaterials/Substrate/GLints/dict_16_192_64_0p5_0p02_0051_0006.uasset" 6385
"../../../Engine/Content/EngineMaterials/Substrate/GLints/dict_16_192_64_0p5_0p02_0051_0009.uasset" 6386
"/Engine/EngineMaterials/Substrate/GLints/dict_16_192_64_0p5_0p02_0051_0003" 6387
"../../../Engine/Content/EngineMaterials/Substrate/GLints/dict_16_192_64_0p5_0p02_0051_0008.uasset" 6388
"../../../Engine/Content/EngineMaterials/Substrate/GLints/dict_16_192_64_0p5_0p02_0051_0005.uasset" 6389
"../../../Engine/Content/EngineMaterials/Substrate/GLints/dict_16_192_64_0p5_0p02_0051_0010.uasset" 6390
"/Engine/EngineMaterials/Substrate/GLints/dict_16_192_64_0p5_0p02_0051_0002" 6391
"/Engine/EngineMaterials/Substrate/GLints/dict_16_192_64_0p5_0p02_0051_0001" 6392
"/Engine/EngineMaterials/Substrate/GLints/dict_16_192_64_0p5_0p02_0051_0000" 6393
"/Engine/EngineMaterials/Substrate/GLints/dict_16_192_64_0p5_0p02_0050_0015" 6394
"/Engine/EngineMaterials/Substrate/GLints/dict_16_192_64_0p5_0p02_0050_0014" 6395
"/Engine/EngineMaterials/Substrate/GLints/dict_16_192_64_0p5_0p02_0050_0013" 6396
"/Engine/EngineMaterials/Substrate/GLints/dict_16_192_64_0p5_0p02_0050_0012" 6397
"/Engine/EngineMaterials/Substrate/GLints/dict_16_192_64_0p5_0p02_0050_0011" 6398
"/Engine/EngineMaterials/Substrate/GLints/dict_16_192_64_0p5_0p02_0050_0010" 6399
"/Engine/EngineMaterials/Substrate/GLints/dict_16_192_64_0p5_0p02_0050_0009" 6400
"/Engine/EngineMaterials/Substrate/GLints/dict_16_192_64_0p5_0p02_0050_0008" 6401
"/Engine/EngineMaterials/Substrate/GLints/dict_16_192_64_0p5_0p02_0050_0007" 6402
"/Engine/EngineMaterials/Substrate/GLints/dict_16_192_64_0p5_0p02_0050_0006" 6403
"/Engine/EngineMaterials/Substrate/GLints/dict_16_192_64_0p5_0p02_0050_0005" 6404
"/Engine/EngineMaterials/Substrate/GLints/dict_16_192_64_0p5_0p02_0050_0004" 6405
"/Engine/EngineMaterials/Substrate/GLints/dict_16_192_64_0p5_0p02_0050_0003" 6406
"/Engine/EngineMaterials/Substrate/GLints/dict_16_192_64_0p5_0p02_0050_0002" 6407
"/Engine/EngineMaterials/Substrate/GLints/dict_16_192_64_0p5_0p02_0050_0001" 6408
"/Engine/EngineMaterials/Substrate/GLints/dict_16_192_64_0p5_0p02_0050_0000" 6409
"/Engine/EngineMaterials/Substrate/GLints/dict_16_192_64_0p5_0p02_0049_0015" 6410
"/Engine/EngineMaterials/Substrate/GLints/dict_16_192_64_0p5_0p02_0049_0014" 6411
"/Engine/EngineMaterials/Substrate/GLints/dict_16_192_64_0p5_0p02_0049_0013" 6412
"/Engine/EngineMaterials/Substrate/GLints/dict_16_192_64_0p5_0p02_0049_0012" 6413
"/Engine/EngineMaterials/Substrate/GLints/dict_16_192_64_0p5_0p02_0049_0011" 6414
"../../../Engine/Content/EngineMaterials/Substrate/GLints/dict_16_192_64_0p5_0p02_0051_0013.uasset" 6415
"../../../Engine/Content/EngineMaterials/Substrate/GLints/dict_16_192_64_0p5_0p02_0052_0005.uasset" 6416
"../../../Engine/Content/EngineMaterials/Substrate/GLints/dict_16_192_64_0p5_0p02_0051_0012.uasset" 6417
"../../../Engine/Content/EngineMaterials/Substrate/GLints/dict_16_192_64_0p5_0p02_0052_0007.uasset" 6418
"../../../Engine/Content/EngineMaterials/Substrate/GLints/dict_16_192_64_0p5_0p02_0051_0015.uasset" 6419
"../../../Engine/Content/EngineMaterials/Substrate/GLints/dict_16_192_64_0p5_0p02_0052_0001.uasset" 6420
"../../../Engine/Content/EngineMaterials/Substrate/GLints/dict_16_192_64_0p5_0p02_0052_0006.uasset" 6421
"../../../Engine/Content/EngineMaterials/Substrate/GLints/dict_16_192_64_0p5_0p02_0052_0009.uasset" 6422
"/Engine/EngineMaterials/Substrate/GLints/dict_16_192_64_0p5_0p02_0051_0010" 6423
"../../../Engine/Content/EngineMaterials/Substrate/GLints/dict_16_192_64_0p5_0p02_0052_0003.uasset" 6424
"../../../Engine/Content/EngineMaterials/Substrate/GLints/dict_16_192_64_0p5_0p02_0052_0013.uasset" 6425
"../../../Engine/Content/EngineMaterials/Substrate/GLints/dict_16_192_64_0p5_0p02_0052_0002.uasset" 6426
"../../../Engine/Content/EngineMaterials/Substrate/GLints/dict_16_192_64_0p5_0p02_0052_0014.uasset" 6427
"../../../Engine/Content/EngineMaterials/Substrate/GLints/dict_16_192_64_0p5_0p02_0052_0000.uasset" 6428
"../../../Engine/Content/EngineMaterials/Substrate/GLints/dict_16_192_64_0p5_0p02_0052_0015.uasset" 6429
"../../../Engine/Content/EngineMaterials/Substrate/GLints/dict_16_192_64_0p5_0p02_0051_0014.uasset" 6430
"../../../Engine/Content/EngineMaterials/Substrate/GLints/dict_16_192_64_0p5_0p02_0053_0001.uasset" 6431
"../../../Engine/Content/EngineMaterials/Substrate/GLints/dict_16_192_64_0p5_0p02_0052_0010.uasset" 6432
"../../../Engine/Content/EngineMaterials/Substrate/GLints/dict_16_192_64_0p5_0p02_0052_0008.uasset" 6433
"../../../Engine/Content/EngineMaterials/Substrate/GLints/dict_16_192_64_0p5_0p02_0052_0011.uasset" 6434
"../../../Engine/Content/EngineMaterials/Substrate/GLints/dict_16_192_64_0p5_0p02_0051_0011.uasset" 6435
"../../../Engine/Content/EngineMaterials/Substrate/GLints/dict_16_192_64_0p5_0p02_0052_0004.uasset" 6436
"../../../Engine/Content/EngineMaterials/Substrate/GLints/dict_16_192_64_0p5_0p02_0053_0000.uasset" 6437
"../../../Engine/Content/EngineMaterials/Substrate/GLints/dict_16_192_64_0p5_0p02_0053_0003.uasset" 6438
"../../../Engine/Content/EngineMaterials/Substrate/GLints/dict_16_192_64_0p5_0p02_0053_0002.uasset" 6439
"../../../Engine/Content/EngineMaterials/Substrate/GLints/dict_16_192_64_0p5_0p02_0052_0012.uasset" 6440
"/Engine/EngineMaterials/Substrate/GLints/dict_16_192_64_0p5_0p02_0051_0009" 6441
"/Engine/EngineMaterials/Substrate/GLints/dict_16_192_64_0p5_0p02_0051_0008" 6442
"/Engine/EngineMaterials/Substrate/GLints/dict_16_192_64_0p5_0p02_0051_0007" 6443
"/Engine/EngineMaterials/Substrate/GLints/dict_16_192_64_0p5_0p02_0051_0006" 6444
"/Engine/EngineMaterials/Substrate/GLints/dict_16_192_64_0p5_0p02_0051_0005" 6445
"/Engine/EngineMaterials/Substrate/GLints/dict_16_192_64_0p5_0p02_0051_0004" 6446
"../../../Engine/Content/EngineMaterials/Substrate/GLints/dict_16_192_64_0p5_0p02_0053_0005.uasset" 6447
"../../../Engine/Content/EngineMaterials/Substrate/GLints/dict_16_192_64_0p5_0p02_0053_0006.uasset" 6448
"../../../Engine/Content/EngineMaterials/Substrate/GLints/dict_16_192_64_0p5_0p02_0053_0004.uasset" 6449
"../../../Engine/Content/EngineMaterials/Substrate/GLints/dict_16_192_64_0p5_0p02_0053_0007.uasset" 6450
"../../../Engine/Content/EngineMaterials/Substrate/GLints/dict_16_192_64_0p5_0p02_0053_0009.uasset" 6451
"../../../Engine/Content/EngineMaterials/Substrate/GLints/dict_16_192_64_0p5_0p02_0053_0008.uasset" 6452
"/Engine/EngineMaterials/Substrate/GLints/dict_16_192_64_0p5_0p02_0053_0003" 6453
"../../../Engine/Content/EngineMaterials/Substrate/GLints/dict_16_192_64_0p5_0p02_0053_0010.uasset" 6454
"/Engine/EngineMaterials/Substrate/GLints/dict_16_192_64_0p5_0p02_0053_0002" 6455
"/Engine/EngineMaterials/Substrate/GLints/dict_16_192_64_0p5_0p02_0053_0001" 6456
"/Engine/EngineMaterials/Substrate/GLints/dict_16_192_64_0p5_0p02_0053_0000" 6457
"/Engine/EngineMaterials/Substrate/GLints/dict_16_192_64_0p5_0p02_0052_0015" 6458
"/Engine/EngineMaterials/Substrate/GLints/dict_16_192_64_0p5_0p02_0052_0014" 6459
"/Engine/EngineMaterials/Substrate/GLints/dict_16_192_64_0p5_0p02_0052_0013" 6460
"/Engine/EngineMaterials/Substrate/GLints/dict_16_192_64_0p5_0p02_0052_0012" 6461
"/Engine/EngineMaterials/Substrate/GLints/dict_16_192_64_0p5_0p02_0052_0011" 6462
"/Engine/EngineMaterials/Substrate/GLints/dict_16_192_64_0p5_0p02_0052_0010" 6463
"/Engine/EngineMaterials/Substrate/GLints/dict_16_192_64_0p5_0p02_0052_0009" 6464
"/Engine/EngineMaterials/Substrate/GLints/dict_16_192_64_0p5_0p02_0052_0008" 6465
"/Engine/EngineMaterials/Substrate/GLints/dict_16_192_64_0p5_0p02_0052_0007" 6466
"/Engine/EngineMaterials/Substrate/GLints/dict_16_192_64_0p5_0p02_0052_0006" 6467
"/Engine/EngineMaterials/Substrate/GLints/dict_16_192_64_0p5_0p02_0052_0005" 6468
"/Engine/EngineMaterials/Substrate/GLints/dict_16_192_64_0p5_0p02_0052_0004" 6469
"/Engine/EngineMaterials/Substrate/GLints/dict_16_192_64_0p5_0p02_0052_0003" 6470
"/Engine/EngineMaterials/Substrate/GLints/dict_16_192_64_0p5_0p02_0052_0002" 6471
"/Engine/EngineMaterials/Substrate/GLints/dict_16_192_64_0p5_0p02_0052_0001" 6472
"/Engine/EngineMaterials/Substrate/GLints/dict_16_192_64_0p5_0p02_0052_0000" 6473
"/Engine/EngineMaterials/Substrate/GLints/dict_16_192_64_0p5_0p02_0051_0015" 6474
"/Engine/EngineMaterials/Substrate/GLints/dict_16_192_64_0p5_0p02_0051_0014" 6475
"/Engine/EngineMaterials/Substrate/GLints/dict_16_192_64_0p5_0p02_0051_0013" 6476
"/Engine/EngineMaterials/Substrate/GLints/dict_16_192_64_0p5_0p02_0051_0012" 6477
"/Engine/EngineMaterials/Substrate/GLints/dict_16_192_64_0p5_0p02_0051_0011" 6478
"../../../Engine/Content/EngineMaterials/Substrate/GLints/dict_16_192_64_0p5_0p02_0053_0011.uasset" 6479
"../../../Engine/Content/EngineMaterials/Substrate/GLints/dict_16_192_64_0p5_0p02_0053_0015.uasset" 6480
"../../../Engine/Content/EngineMaterials/Substrate/GLints/dict_16_192_64_0p5_0p02_0054_0007.uasset" 6481
"../../../Engine/Content/EngineMaterials/Substrate/GLints/dict_16_192_64_0p5_0p02_0054_0001.uasset" 6482
"../../../Engine/Content/EngineMaterials/Substrate/GLints/dict_16_192_64_0p5_0p02_0054_0009.uasset" 6483
"../../../Engine/Content/EngineMaterials/Substrate/GLints/dict_16_192_64_0p5_0p02_0054_0008.uasset" 6484
"../../../Engine/Content/EngineMaterials/Substrate/GLints/dict_16_192_64_0p5_0p02_0054_0011.uasset" 6485
"../../../Engine/Content/EngineMaterials/Substrate/GLints/dict_16_192_64_0p5_0p02_0054_0012.uasset" 6486
"../../../Engine/Content/EngineMaterials/Substrate/GLints/dict_16_192_64_0p5_0p02_0053_0012.uasset" 6487
"../../../Engine/Content/EngineMaterials/Substrate/GLints/dict_16_192_64_0p5_0p02_0054_0014.uasset" 6488
"/Engine/EngineMaterials/Substrate/GLints/dict_16_192_64_0p5_0p02_0053_0010" 6489
"../../../Engine/Content/EngineMaterials/Substrate/GLints/dict_16_192_64_0p5_0p02_0055_0000.uasset" 6490
"../../../Engine/Content/EngineMaterials/Substrate/GLints/dict_16_192_64_0p5_0p02_0054_0015.uasset" 6491
"../../../Engine/Content/EngineMaterials/Substrate/GLints/dict_16_192_64_0p5_0p02_0055_0001.uasset" 6492
"../../../Engine/Content/EngineMaterials/Substrate/GLints/dict_16_192_64_0p5_0p02_0054_0004.uasset" 6493
"../../../Engine/Content/EngineMaterials/Substrate/GLints/dict_16_192_64_0p5_0p02_0054_0002.uasset" 6494
"../../../Engine/Content/EngineMaterials/Substrate/GLints/dict_16_192_64_0p5_0p02_0055_0002.uasset" 6495
"../../../Engine/Content/EngineMaterials/Substrate/GLints/dict_16_192_64_0p5_0p02_0054_0006.uasset" 6496
"../../../Engine/Content/EngineMaterials/Substrate/GLints/dict_16_192_64_0p5_0p02_0055_0003.uasset" 6497
"../../../Engine/Content/EngineMaterials/Substrate/GLints/dict_16_192_64_0p5_0p02_0054_0003.uasset" 6498
"../../../Engine/Content/EngineMaterials/Substrate/GLints/dict_16_192_64_0p5_0p02_0054_0005.uasset" 6499
"../../../Engine/Content/EngineMaterials/Substrate/GLints/dict_16_192_64_0p5_0p02_0053_0014.uasset" 6500
"../../../Engine/Content/EngineMaterials/Substrate/GLints/dict_16_192_64_0p5_0p02_0054_0010.uasset" 6501
"../../../Engine/Content/EngineMaterials/Substrate/GLints/dict_16_192_64_0p5_0p02_0054_0000.uasset" 6502
"../../../Engine/Content/EngineMaterials/Substrate/GLints/dict_16_192_64_0p5_0p02_0054_0013.uasset" 6503
"../../../Engine/Content/EngineMaterials/Substrate/GLints/dict_16_192_64_0p5_0p02_0053_0013.uasset" 6504
"/Engine/EngineMaterials/Substrate/GLints/dict_16_192_64_0p5_0p02_0053_0009" 6505
"/Engine/EngineMaterials/Substrate/GLints/dict_16_192_64_0p5_0p02_0053_0008" 6506
"/Engine/EngineMaterials/Substrate/GLints/dict_16_192_64_0p5_0p02_0053_0007" 6507
"/Engine/EngineMaterials/Substrate/GLints/dict_16_192_64_0p5_0p02_0053_0006" 6508
"/Engine/EngineMaterials/Substrate/GLints/dict_16_192_64_0p5_0p02_0054_0007" 6509
"/Engine/EngineMaterials/Substrate/GLints/dict_16_192_64_0p5_0p02_0053_0005" 6510
"/Engine/EngineMaterials/Substrate/GLints/dict_16_192_64_0p5_0p02_0053_0004" 6511
"/Engine/EngineMaterials/Substrate/GLints/dict_16_192_64_0p5_0p02_0053_0015" 6512
"/Engine/EngineMaterials/Substrate/GLints/dict_16_192_64_0p5_0p02_0053_0011" 6513
"../../../Engine/Content/EngineMaterials/Substrate/GLints/dict_16_192_64_0p5_0p02_0055_0004.uasset" 6514
"../../../Engine/Content/EngineMaterials/Substrate/GLints/dict_16_192_64_0p5_0p02_0055_0006.uasset" 6515
"../../../Engine/Content/EngineMaterials/Substrate/GLints/dict_16_192_64_0p5_0p02_0055_0005.uasset" 6516
"../../../Engine/Content/EngineMaterials/Substrate/GLints/dict_16_192_64_0p5_0p02_0055_0008.uasset" 6517
"../../../Engine/Content/EngineMaterials/Substrate/GLints/dict_16_192_64_0p5_0p02_0055_0010.uasset" 6518
"../../../Engine/Content/EngineMaterials/Substrate/GLints/dict_16_192_64_0p5_0p02_0055_0009.uasset" 6519
"../../../Engine/Content/EngineMaterials/Substrate/GLints/dict_16_192_64_0p5_0p02_0055_0007.uasset" 6520
"/Engine/EngineMaterials/Substrate/GLints/dict_16_192_64_0p5_0p02_0055_0003" 6521
"../../../Engine/Content/EngineMaterials/Substrate/GLints/dict_16_192_64_0p5_0p02_0055_0012.uasset" 6522
"../../../Engine/Content/EngineMaterials/Substrate/GLints/dict_16_192_64_0p5_0p02_0055_0013.uasset" 6523
"../../../Engine/Content/EngineMaterials/Substrate/GLints/dict_16_192_64_0p5_0p02_0055_0011.uasset" 6524
"/Engine/EngineMaterials/Substrate/GLints/dict_16_192_64_0p5_0p02_0055_0002" 6525
"/Engine/EngineMaterials/Substrate/GLints/dict_16_192_64_0p5_0p02_0055_0001" 6526
"/Engine/EngineMaterials/Substrate/GLints/dict_16_192_64_0p5_0p02_0055_0000" 6527
"/Engine/EngineMaterials/Substrate/GLints/dict_16_192_64_0p5_0p02_0054_0015" 6528
"/Engine/EngineMaterials/Substrate/GLints/dict_16_192_64_0p5_0p02_0054_0014" 6529
"/Engine/EngineMaterials/Substrate/GLints/dict_16_192_64_0p5_0p02_0054_0013" 6530
"/Engine/EngineMaterials/Substrate/GLints/dict_16_192_64_0p5_0p02_0054_0012" 6531
"/Engine/EngineMaterials/Substrate/GLints/dict_16_192_64_0p5_0p02_0054_0011" 6532
"/Engine/EngineMaterials/Substrate/GLints/dict_16_192_64_0p5_0p02_0054_0010" 6533
"/Engine/EngineMaterials/Substrate/GLints/dict_16_192_64_0p5_0p02_0054_0009" 6534
"/Engine/EngineMaterials/Substrate/GLints/dict_16_192_64_0p5_0p02_0054_0008" 6535
"/Engine/EngineMaterials/Substrate/GLints/dict_16_192_64_0p5_0p02_0054_0006" 6536
"/Engine/EngineMaterials/Substrate/GLints/dict_16_192_64_0p5_0p02_0054_0005" 6537
"/Engine/EngineMaterials/Substrate/GLints/dict_16_192_64_0p5_0p02_0054_0004" 6538
"/Engine/EngineMaterials/Substrate/GLints/dict_16_192_64_0p5_0p02_0054_0003" 6539
"/Engine/EngineMaterials/Substrate/GLints/dict_16_192_64_0p5_0p02_0054_0002" 6540
"/Engine/EngineMaterials/Substrate/GLints/dict_16_192_64_0p5_0p02_0054_0001" 6541
"/Engine/EngineMaterials/Substrate/GLints/dict_16_192_64_0p5_0p02_0054_0000" 6542
"/Engine/EngineMaterials/Substrate/GLints/dict_16_192_64_0p5_0p02_0053_0014" 6543
"/Engine/EngineMaterials/Substrate/GLints/dict_16_192_64_0p5_0p02_0053_0013" 6544
"/Engine/EngineMaterials/Substrate/GLints/dict_16_192_64_0p5_0p02_0053_0012" 6545
"/Engine/EngineMaterials/Substrate/GLints/dict_16_192_64_0p5_0p02_0055_0004" 6546
"../../../Engine/Content/EngineMaterials/Substrate/GLints/dict_16_192_64_0p5_0p02_0056_0000.uasset" 6547
"../../../Engine/Content/EngineMaterials/Substrate/GLints/dict_16_192_64_0p5_0p02_0056_0008.uasset" 6548
"../../../Engine/Content/EngineMaterials/Substrate/GLints/dict_16_192_64_0p5_0p02_0056_0001.uasset" 6549
"../../../Engine/Content/EngineMaterials/Substrate/GLints/dict_16_192_64_0p5_0p02_0056_0006.uasset" 6550
"../../../Engine/Content/EngineMaterials/Substrate/GLints/dict_16_192_64_0p5_0p02_0055_0014.uasset" 6551
"../../../Engine/Content/EngineMaterials/Substrate/GLints/dict_16_192_64_0p5_0p02_0056_0012.uasset" 6552
"../../../Engine/Content/EngineMaterials/Substrate/GLints/dict_16_192_64_0p5_0p02_0057_0004.uasset" 6553
"../../../Engine/Content/EngineMaterials/Substrate/GLints/dict_16_192_64_0p5_0p02_0056_0007.uasset" 6554
"../../../Engine/Content/EngineMaterials/Substrate/GLints/dict_16_192_64_0p5_0p02_0057_0001.uasset" 6555
"../../../Engine/Content/EngineMaterials/Substrate/GLints/dict_16_192_64_0p5_0p02_0056_0004.uasset" 6556
"../../../Engine/Content/EngineMaterials/Substrate/GLints/dict_16_192_64_0p5_0p02_0056_0013.uasset" 6557
"../../../Engine/Content/EngineMaterials/Substrate/GLints/dict_16_192_64_0p5_0p02_0057_0000.uasset" 6558
"../../../Engine/Content/EngineMaterials/Substrate/GLints/dict_16_192_64_0p5_0p02_0056_0003.uasset" 6559
"../../../Engine/Content/EngineMaterials/Substrate/GLints/dict_16_192_64_0p5_0p02_0056_0014.uasset" 6560
"../../../Engine/Content/EngineMaterials/Substrate/GLints/dict_16_192_64_0p5_0p02_0055_0015.uasset" 6561
"../../../Engine/Content/EngineMaterials/Substrate/GLints/dict_16_192_64_0p5_0p02_0056_0010.uasset" 6562
"../../../Engine/Content/EngineMaterials/Substrate/GLints/dict_16_192_64_0p5_0p02_0056_0015.uasset" 6563
"../../../Engine/Content/EngineMaterials/Substrate/GLints/dict_16_192_64_0p5_0p02_0056_0002.uasset" 6564
"../../../Engine/Content/EngineMaterials/Substrate/GLints/dict_16_192_64_0p5_0p02_0057_0002.uasset" 6565
"../../../Engine/Content/EngineMaterials/Substrate/GLints/dict_16_192_64_0p5_0p02_0056_0009.uasset" 6566
"../../../Engine/Content/EngineMaterials/Substrate/GLints/dict_16_192_64_0p5_0p02_0056_0011.uasset" 6567
"../../../Engine/Content/EngineMaterials/Substrate/GLints/dict_16_192_64_0p5_0p02_0057_0003.uasset" 6568
"/Engine/EngineMaterials/Substrate/GLints/dict_16_192_64_0p5_0p02_0055_0013" 6569
"../../../Engine/Content/EngineMaterials/Substrate/GLints/dict_16_192_64_0p5_0p02_0056_0005.uasset" 6570
"/Engine/EngineMaterials/Substrate/GLints/dict_16_192_64_0p5_0p02_0055_0012" 6571
"/Engine/EngineMaterials/Substrate/GLints/dict_16_192_64_0p5_0p02_0055_0011" 6572
"/Engine/EngineMaterials/Substrate/GLints/dict_16_192_64_0p5_0p02_0055_0010" 6573
"/Engine/EngineMaterials/Substrate/GLints/dict_16_192_64_0p5_0p02_0055_0009" 6574
"/Engine/EngineMaterials/Substrate/GLints/dict_16_192_64_0p5_0p02_0055_0008" 6575
"/Engine/EngineMaterials/Substrate/GLints/dict_16_192_64_0p5_0p02_0055_0007" 6576
"/Engine/EngineMaterials/Substrate/GLints/dict_16_192_64_0p5_0p02_0055_0006" 6577
"/Engine/EngineMaterials/Substrate/GLints/dict_16_192_64_0p5_0p02_0055_0005" 6578
"../../../Engine/Content/EngineMaterials/Substrate/GLints/dict_16_192_64_0p5_0p02_0057_0006.uasset" 6579
"../../../Engine/Content/EngineMaterials/Substrate/GLints/dict_16_192_64_0p5_0p02_0057_0005.uasset" 6580
"../../../Engine/Content/EngineMaterials/Substrate/GLints/dict_16_192_64_0p5_0p02_0057_0007.uasset" 6581
"../../../Engine/Content/EngineMaterials/Substrate/GLints/dict_16_192_64_0p5_0p02_0057_0008.uasset" 6582
"/Engine/EngineMaterials/Substrate/GLints/dict_16_192_64_0p5_0p02_0057_0004" 6583
"../../../Engine/Content/EngineMaterials/Substrate/GLints/dict_16_192_64_0p5_0p02_0057_0012.uasset" 6584
"../../../Engine/Content/EngineMaterials/Substrate/GLints/dict_16_192_64_0p5_0p02_0057_0013.uasset" 6585
"../../../Engine/Content/EngineMaterials/Substrate/GLints/dict_16_192_64_0p5_0p02_0057_0009.uasset" 6586
"../../../Engine/Content/EngineMaterials/Substrate/GLints/dict_16_192_64_0p5_0p02_0057_0010.uasset" 6587
"../../../Engine/Content/EngineMaterials/Substrate/GLints/dict_16_192_64_0p5_0p02_0057_0011.uasset" 6588
"/Engine/EngineMaterials/Substrate/GLints/dict_16_192_64_0p5_0p02_0057_0003" 6589
"/Engine/EngineMaterials/Substrate/GLints/dict_16_192_64_0p5_0p02_0057_0002" 6590
"/Engine/EngineMaterials/Substrate/GLints/dict_16_192_64_0p5_0p02_0057_0001" 6591
"/Engine/EngineMaterials/Substrate/GLints/dict_16_192_64_0p5_0p02_0057_0000" 6592
"/Engine/EngineMaterials/Substrate/GLints/dict_16_192_64_0p5_0p02_0056_0015" 6593
"/Engine/EngineMaterials/Substrate/GLints/dict_16_192_64_0p5_0p02_0056_0014" 6594
"/Engine/EngineMaterials/Substrate/GLints/dict_16_192_64_0p5_0p02_0056_0013" 6595
"/Engine/EngineMaterials/Substrate/GLints/dict_16_192_64_0p5_0p02_0056_0012" 6596
"/Engine/EngineMaterials/Substrate/GLints/dict_16_192_64_0p5_0p02_0056_0011" 6597
"/Engine/EngineMaterials/Substrate/GLints/dict_16_192_64_0p5_0p02_0056_0010" 6598
"/Engine/EngineMaterials/Substrate/GLints/dict_16_192_64_0p5_0p02_0056_0009" 6599
"/Engine/EngineMaterials/Substrate/GLints/dict_16_192_64_0p5_0p02_0056_0008" 6600
"/Engine/EngineMaterials/Substrate/GLints/dict_16_192_64_0p5_0p02_0056_0007" 6601
"/Engine/EngineMaterials/Substrate/GLints/dict_16_192_64_0p5_0p02_0056_0006" 6602
"/Engine/EngineMaterials/Substrate/GLints/dict_16_192_64_0p5_0p02_0056_0005" 6603
"/Engine/EngineMaterials/Substrate/GLints/dict_16_192_64_0p5_0p02_0056_0004" 6604
"/Engine/EngineMaterials/Substrate/GLints/dict_16_192_64_0p5_0p02_0056_0003" 6605
"/Engine/EngineMaterials/Substrate/GLints/dict_16_192_64_0p5_0p02_0056_0002" 6606
"/Engine/EngineMaterials/Substrate/GLints/dict_16_192_64_0p5_0p02_0056_0001" 6607
"/Engine/EngineMaterials/Substrate/GLints/dict_16_192_64_0p5_0p02_0056_0000" 6608
"/Engine/EngineMaterials/Substrate/GLints/dict_16_192_64_0p5_0p02_0055_0015" 6609
"/Engine/EngineMaterials/Substrate/GLints/dict_16_192_64_0p5_0p02_0055_0014" 6610
"../../../Engine/Content/EngineMaterials/Substrate/GLints/dict_16_192_64_0p5_0p02_0057_0014.uasset" 6611
"../../../Engine/Content/EngineMaterials/Substrate/GLints/dict_16_192_64_0p5_0p02_0058_0000.uasset" 6612
"../../../Engine/Content/EngineMaterials/Substrate/GLints/dict_16_192_64_0p5_0p02_0058_0008.uasset" 6613
"../../../Engine/Content/EngineMaterials/Substrate/GLints/dict_16_192_64_0p5_0p02_0058_0007.uasset" 6614
"../../../Engine/Content/EngineMaterials/Substrate/GLints/dict_16_192_64_0p5_0p02_0058_0005.uasset" 6615
"../../../Engine/Content/EngineMaterials/Substrate/GLints/dict_16_192_64_0p5_0p02_0058_0009.uasset" 6616
"../../../Engine/Content/EngineMaterials/Substrate/GLints/dict_16_192_64_0p5_0p02_0058_0001.uasset" 6617
"../../../Engine/Content/EngineMaterials/Substrate/GLints/dict_16_192_64_0p5_0p02_0058_0012.uasset" 6618
"../../../Engine/Content/EngineMaterials/Substrate/GLints/dict_16_192_64_0p5_0p02_0058_0011.uasset" 6619
"../../../Engine/Content/EngineMaterials/Substrate/GLints/dict_16_192_64_0p5_0p02_0059_0000.uasset" 6620
"../../../Engine/Content/EngineMaterials/Substrate/GLints/dict_16_192_64_0p5_0p02_0058_0015.uasset" 6621
"../../../Engine/Content/EngineMaterials/Substrate/GLints/dict_16_192_64_0p5_0p02_0059_0003.uasset" 6622
"../../../Engine/Content/EngineMaterials/Substrate/GLints/dict_16_192_64_0p5_0p02_0059_0002.uasset" 6623
"../../../Engine/Content/EngineMaterials/Substrate/GLints/dict_16_192_64_0p5_0p02_0057_0015.uasset" 6624
"../../../Engine/Content/EngineMaterials/Substrate/GLints/dict_16_192_64_0p5_0p02_0059_0004.uasset" 6625
"../../../Engine/Content/EngineMaterials/Substrate/GLints/dict_16_192_64_0p5_0p02_0058_0010.uasset" 6626
"../../../Engine/Content/EngineMaterials/Substrate/GLints/dict_16_192_64_0p5_0p02_0058_0013.uasset" 6627
"../../../Engine/Content/EngineMaterials/Substrate/GLints/dict_16_192_64_0p5_0p02_0058_0002.uasset" 6628
"../../../Engine/Content/EngineMaterials/Substrate/GLints/dict_16_192_64_0p5_0p02_0058_0014.uasset" 6629
"../../../Engine/Content/EngineMaterials/Substrate/GLints/dict_16_192_64_0p5_0p02_0058_0004.uasset" 6630
"../../../Engine/Content/EngineMaterials/Substrate/GLints/dict_16_192_64_0p5_0p02_0059_0001.uasset" 6631
"../../../Engine/Content/EngineMaterials/Substrate/GLints/dict_16_192_64_0p5_0p02_0058_0003.uasset" 6632
"/Engine/EngineMaterials/Substrate/GLints/dict_16_192_64_0p5_0p02_0057_0013" 6633
"../../../Engine/Content/EngineMaterials/Substrate/GLints/dict_16_192_64_0p5_0p02_0058_0006.uasset" 6634
"/Engine/EngineMaterials/Substrate/GLints/dict_16_192_64_0p5_0p02_0057_0012" 6635
"/Engine/EngineMaterials/Substrate/GLints/dict_16_192_64_0p5_0p02_0057_0011" 6636
"/Engine/EngineMaterials/Substrate/GLints/dict_16_192_64_0p5_0p02_0057_0010" 6637
"/Engine/EngineMaterials/Substrate/GLints/dict_16_192_64_0p5_0p02_0057_0009" 6638
"/Engine/EngineMaterials/Substrate/GLints/dict_16_192_64_0p5_0p02_0057_0008" 6639
"/Engine/EngineMaterials/Substrate/GLints/dict_16_192_64_0p5_0p02_0057_0007" 6640
"/Engine/EngineMaterials/Substrate/GLints/dict_16_192_64_0p5_0p02_0057_0006" 6641
"/Engine/EngineMaterials/Substrate/GLints/dict_16_192_64_0p5_0p02_0057_0005" 6642
"/Engine/EngineMaterials/Substrate/GLints/dict_16_192_64_0p5_0p02_0058_0000" 6643
"/Engine/EngineMaterials/Substrate/GLints/dict_16_192_64_0p5_0p02_0057_0014" 6644
"../../../Engine/Content/EngineMaterials/Substrate/GLints/dict_16_192_64_0p5_0p02_0059_0005.uasset" 6645
"../../../Engine/Content/EngineMaterials/Substrate/GLints/dict_16_192_64_0p5_0p02_0059_0006.uasset" 6646
"../../../Engine/Content/EngineMaterials/Substrate/GLints/dict_16_192_64_0p5_0p02_0059_0010.uasset" 6647
"../../../Engine/Content/EngineMaterials/Substrate/GLints/dict_16_192_64_0p5_0p02_0059_0011.uasset" 6648
"../../../Engine/Content/EngineMaterials/Substrate/GLints/dict_16_192_64_0p5_0p02_0059_0009.uasset" 6649
"../../../Engine/Content/EngineMaterials/Substrate/GLints/dict_16_192_64_0p5_0p02_0059_0012.uasset" 6650
"../../../Engine/Content/EngineMaterials/Substrate/GLints/dict_16_192_64_0p5_0p02_0059_0008.uasset" 6651
"/Engine/EngineMaterials/Substrate/GLints/dict_16_192_64_0p5_0p02_0059_0004" 6652
"../../../Engine/Content/EngineMaterials/Substrate/GLints/dict_16_192_64_0p5_0p02_0059_0013.uasset" 6653
"../../../Engine/Content/EngineMaterials/Substrate/GLints/dict_16_192_64_0p5_0p02_0059_0007.uasset" 6654
"../../../Engine/Content/EngineMaterials/Substrate/GLints/dict_16_192_64_0p5_0p02_0059_0015.uasset" 6655
"../../../Engine/Content/EngineMaterials/Substrate/GLints/dict_16_192_64_0p5_0p02_0059_0014.uasset" 6656
"/Engine/EngineMaterials/Substrate/GLints/dict_16_192_64_0p5_0p02_0059_0003" 6657
"/Engine/EngineMaterials/Substrate/GLints/dict_16_192_64_0p5_0p02_0059_0002" 6658
"/Engine/EngineMaterials/Substrate/GLints/dict_16_192_64_0p5_0p02_0059_0001" 6659
"/Engine/EngineMaterials/Substrate/GLints/dict_16_192_64_0p5_0p02_0059_0000" 6660
"/Engine/EngineMaterials/Substrate/GLints/dict_16_192_64_0p5_0p02_0058_0015" 6661
"/Engine/EngineMaterials/Substrate/GLints/dict_16_192_64_0p5_0p02_0058_0014" 6662
"/Engine/EngineMaterials/Substrate/GLints/dict_16_192_64_0p5_0p02_0058_0013" 6663
"/Engine/EngineMaterials/Substrate/GLints/dict_16_192_64_0p5_0p02_0058_0012" 6664
"/Engine/EngineMaterials/Substrate/GLints/dict_16_192_64_0p5_0p02_0058_0011" 6665
"/Engine/EngineMaterials/Substrate/GLints/dict_16_192_64_0p5_0p02_0058_0010" 6666
"/Engine/EngineMaterials/Substrate/GLints/dict_16_192_64_0p5_0p02_0058_0009" 6667
"/Engine/EngineMaterials/Substrate/GLints/dict_16_192_64_0p5_0p02_0058_0008" 6668
"/Engine/EngineMaterials/Substrate/GLints/dict_16_192_64_0p5_0p02_0058_0007" 6669
"/Engine/EngineMaterials/Substrate/GLints/dict_16_192_64_0p5_0p02_0058_0006" 6670
"/Engine/EngineMaterials/Substrate/GLints/dict_16_192_64_0p5_0p02_0058_0005" 6671
"/Engine/EngineMaterials/Substrate/GLints/dict_16_192_64_0p5_0p02_0058_0004" 6672
"/Engine/EngineMaterials/Substrate/GLints/dict_16_192_64_0p5_0p02_0058_0003" 6673
"/Engine/EngineMaterials/Substrate/GLints/dict_16_192_64_0p5_0p02_0058_0002" 6674
"/Engine/EngineMaterials/Substrate/GLints/dict_16_192_64_0p5_0p02_0058_0001" 6675
"/Engine/EngineMaterials/Substrate/GLints/dict_16_192_64_0p5_0p02_0057_0015" 6676
"../../../Engine/Content/EngineMaterials/Substrate/GLints/dict_16_192_64_0p5_0p02_0060_0000.uasset" 6677
"../../../Engine/Content/EngineMaterials/Substrate/GLints/dict_16_192_64_0p5_0p02_0060_0005.uasset" 6678
"../../../Engine/Content/EngineMaterials/Substrate/GLints/dict_16_192_64_0p5_0p02_0060_0002.uasset" 6679
"../../../Engine/Content/EngineMaterials/Substrate/GLints/dict_16_192_64_0p5_0p02_0060_0012.uasset" 6680
"../../../Engine/Content/EngineMaterials/Substrate/GLints/dict_16_192_64_0p5_0p02_0060_0003.uasset" 6681
"../../../Engine/Content/EngineMaterials/Substrate/GLints/dict_16_192_64_0p5_0p02_0060_0015.uasset" 6682
"../../../Engine/Content/EngineMaterials/Substrate/GLints/dict_16_192_64_0p5_0p02_0060_0011.uasset" 6683
"/Engine/EngineMaterials/Substrate/GLints/dict_16_192_64_0p5_0p02_0059_0015" 6684
"../../../Engine/Content/EngineMaterials/Substrate/GLints/dict_16_192_64_0p5_0p02_0061_0001.uasset" 6685
"../../../Engine/Content/EngineMaterials/Substrate/GLints/dict_16_192_64_0p5_0p02_0061_0000.uasset" 6686
"../../../Engine/Content/EngineMaterials/Substrate/GLints/dict_16_192_64_0p5_0p02_0060_0004.uasset" 6687
"../../../Engine/Content/EngineMaterials/Substrate/GLints/dict_16_192_64_0p5_0p02_0061_0003.uasset" 6688
"../../../Engine/Content/EngineMaterials/Substrate/GLints/dict_16_192_64_0p5_0p02_0061_0002.uasset" 6689
"../../../Engine/Content/EngineMaterials/Substrate/GLints/dict_16_192_64_0p5_0p02_0060_0008.uasset" 6690
"../../../Engine/Content/EngineMaterials/Substrate/GLints/dict_16_192_64_0p5_0p02_0060_0006.uasset" 6691
"../../../Engine/Content/EngineMaterials/Substrate/GLints/dict_16_192_64_0p5_0p02_0060_0007.uasset" 6692
"../../../Engine/Content/EngineMaterials/Substrate/GLints/dict_16_192_64_0p5_0p02_0060_0001.uasset" 6693
"../../../Engine/Content/EngineMaterials/Substrate/GLints/dict_16_192_64_0p5_0p02_0060_0013.uasset" 6694
"../../../Engine/Content/EngineMaterials/Substrate/GLints/dict_16_192_64_0p5_0p02_0060_0010.uasset" 6695
"../../../Engine/Content/EngineMaterials/Substrate/GLints/dict_16_192_64_0p5_0p02_0060_0009.uasset" 6696
"../../../Engine/Content/EngineMaterials/Substrate/GLints/dict_16_192_64_0p5_0p02_0060_0014.uasset" 6697
"../../../Engine/Content/EngineMaterials/Substrate/GLints/dict_16_192_64_0p5_0p02_0061_0004.uasset" 6698
"/Engine/EngineMaterials/Substrate/GLints/dict_16_192_64_0p5_0p02_0059_0014" 6699
"/Engine/EngineMaterials/Substrate/GLints/dict_16_192_64_0p5_0p02_0059_0013" 6700
"/Engine/EngineMaterials/Substrate/GLints/dict_16_192_64_0p5_0p02_0059_0012" 6701
"/Engine/EngineMaterials/Substrate/GLints/dict_16_192_64_0p5_0p02_0059_0011" 6702
"/Engine/EngineMaterials/Substrate/GLints/dict_16_192_64_0p5_0p02_0059_0010" 6703
"/Engine/EngineMaterials/Substrate/GLints/dict_16_192_64_0p5_0p02_0059_0009" 6704
"/Engine/EngineMaterials/Substrate/GLints/dict_16_192_64_0p5_0p02_0059_0008" 6705
"/Engine/EngineMaterials/Substrate/GLints/dict_16_192_64_0p5_0p02_0059_0007" 6706
"/Engine/EngineMaterials/Substrate/GLints/dict_16_192_64_0p5_0p02_0059_0006" 6707
"/Engine/EngineMaterials/Substrate/GLints/dict_16_192_64_0p5_0p02_0059_0005" 6708
"../../../Engine/Content/EngineMaterials/Substrate/GLints/dict_16_192_64_0p5_0p02_0061_0005.uasset" 6709
"../../../Engine/Content/EngineMaterials/Substrate/GLints/dict_16_192_64_0p5_0p02_0061_0006.uasset" 6710
"../../../Engine/Content/EngineMaterials/Substrate/GLints/dict_16_192_64_0p5_0p02_0061_0007.uasset" 6711
"../../../Engine/Content/EngineMaterials/Substrate/GLints/dict_16_192_64_0p5_0p02_0061_0009.uasset" 6712
"../../../Engine/Content/EngineMaterials/Substrate/GLints/dict_16_192_64_0p5_0p02_0061_0008.uasset" 6713
"/Engine/EngineMaterials/Substrate/GLints/dict_16_192_64_0p5_0p02_0061_0004" 6714
"../../../Engine/Content/EngineMaterials/Substrate/GLints/dict_16_192_64_0p5_0p02_0061_0011.uasset" 6715
"../../../Engine/Content/EngineMaterials/Substrate/GLints/dict_16_192_64_0p5_0p02_0061_0012.uasset" 6716
"../../../Engine/Content/EngineMaterials/Substrate/GLints/dict_16_192_64_0p5_0p02_0061_0015.uasset" 6717
"../../../Engine/Content/EngineMaterials/Substrate/GLints/dict_16_192_64_0p5_0p02_0061_0010.uasset" 6718
"../../../Engine/Content/EngineMaterials/Substrate/GLints/dict_16_192_64_0p5_0p02_0061_0014.uasset" 6719
"../../../Engine/Content/EngineMaterials/Substrate/GLints/dict_16_192_64_0p5_0p02_0061_0013.uasset" 6720
"/Engine/EngineMaterials/Substrate/GLints/dict_16_192_64_0p5_0p02_0061_0003" 6721
"/Engine/EngineMaterials/Substrate/GLints/dict_16_192_64_0p5_0p02_0061_0002" 6722
"/Engine/EngineMaterials/Substrate/GLints/dict_16_192_64_0p5_0p02_0061_0001" 6723
"/Engine/EngineMaterials/Substrate/GLints/dict_16_192_64_0p5_0p02_0061_0000" 6724
"/Engine/EngineMaterials/Substrate/GLints/dict_16_192_64_0p5_0p02_0060_0015" 6725
"/Engine/EngineMaterials/Substrate/GLints/dict_16_192_64_0p5_0p02_0060_0014" 6726
"/Engine/EngineMaterials/Substrate/GLints/dict_16_192_64_0p5_0p02_0060_0013" 6727
"/Engine/EngineMaterials/Substrate/GLints/dict_16_192_64_0p5_0p02_0060_0012" 6728
"/Engine/EngineMaterials/Substrate/GLints/dict_16_192_64_0p5_0p02_0060_0011" 6729
"/Engine/EngineMaterials/Substrate/GLints/dict_16_192_64_0p5_0p02_0060_0010" 6730
"/Engine/EngineMaterials/Substrate/GLints/dict_16_192_64_0p5_0p02_0060_0009" 6731
"/Engine/EngineMaterials/Substrate/GLints/dict_16_192_64_0p5_0p02_0060_0008" 6732
"/Engine/EngineMaterials/Substrate/GLints/dict_16_192_64_0p5_0p02_0060_0007" 6733
"/Engine/EngineMaterials/Substrate/GLints/dict_16_192_64_0p5_0p02_0060_0006" 6734
"/Engine/EngineMaterials/Substrate/GLints/dict_16_192_64_0p5_0p02_0060_0005" 6735
"/Engine/EngineMaterials/Substrate/GLints/dict_16_192_64_0p5_0p02_0060_0004" 6736
"/Engine/EngineMaterials/Substrate/GLints/dict_16_192_64_0p5_0p02_0060_0003" 6737
"/Engine/EngineMaterials/Substrate/GLints/dict_16_192_64_0p5_0p02_0060_0002" 6738
"/Engine/EngineMaterials/Substrate/GLints/dict_16_192_64_0p5_0p02_0060_0001" 6739
"/Engine/EngineMaterials/Substrate/GLints/dict_16_192_64_0p5_0p02_0060_0000" 6740
"/Engine/EngineMaterials/Substrate/GLints/dict_16_192_64_0p5_0p02_0061_0005" 6741
"../../../Engine/Content/EngineMaterials/Substrate/GLints/dict_16_192_64_0p5_0p02_0062_0001.uasset" 6742
"../../../Engine/Content/EngineMaterials/Substrate/GLints/dict_16_192_64_0p5_0p02_0062_0002.uasset" 6743
"../../../Engine/Content/EngineMaterials/Substrate/GLints/dict_16_192_64_0p5_0p02_0062_0000.uasset" 6744
"../../../Engine/Content/EngineMaterials/Substrate/GLints/dict_16_192_64_0p5_0p02_0062_0010.uasset" 6745
"../../../Engine/Content/EngineMaterials/Substrate/GLints/dict_16_192_64_0p5_0p02_0062_0004.uasset" 6746
"../../../Engine/Content/EngineMaterials/Substrate/GLints/dict_16_192_64_0p5_0p02_0062_0005.uasset" 6747
"../../../Engine/Content/EngineMaterials/Substrate/GLints/dict_16_192_64_0p5_0p02_0063_0000.uasset" 6748
"../../../Engine/Content/EngineMaterials/Substrate/GLints/dict_16_192_64_0p5_0p02_0062_0015.uasset" 6749
"../../../Engine/Content/EngineMaterials/Substrate/GLints/dict_16_192_64_0p5_0p02_0062_0011.uasset" 6750
"/Engine/EngineMaterials/Substrate/GLints/dict_16_192_64_0p5_0p02_0061_0015" 6751
"../../../Engine/Content/EngineMaterials/Substrate/GLints/dict_16_192_64_0p5_0p02_0062_0007.uasset" 6752
"../../../Engine/Content/EngineMaterials/Substrate/GLints/dict_16_192_64_0p5_0p02_0063_0005.uasset" 6753
"../../../Engine/Content/EngineMaterials/Substrate/GLints/dict_16_192_64_0p5_0p02_0062_0014.uasset" 6754
"../../../Engine/Content/EngineMaterials/Substrate/GLints/dict_16_192_64_0p5_0p02_0063_0004.uasset" 6755
"../../../Engine/Content/EngineMaterials/Substrate/GLints/dict_16_192_64_0p5_0p02_0062_0013.uasset" 6756
"../../../Engine/Content/EngineMaterials/Substrate/GLints/dict_16_192_64_0p5_0p02_0063_0001.uasset" 6757
"../../../Engine/Content/EngineMaterials/Substrate/GLints/dict_16_192_64_0p5_0p02_0062_0009.uasset" 6758
"../../../Engine/Content/EngineMaterials/Substrate/GLints/dict_16_192_64_0p5_0p02_0063_0003.uasset" 6759
"../../../Engine/Content/EngineMaterials/Substrate/GLints/dict_16_192_64_0p5_0p02_0062_0008.uasset" 6760
"../../../Engine/Content/EngineMaterials/Substrate/GLints/dict_16_192_64_0p5_0p02_0063_0002.uasset" 6761
"../../../Engine/Content/EngineMaterials/Substrate/GLints/dict_16_192_64_0p5_0p02_0062_0006.uasset" 6762
"../../../Engine/Content/EngineMaterials/Substrate/GLints/dict_16_192_64_0p5_0p02_0062_0003.uasset" 6763
"../../../Engine/Content/EngineMaterials/Substrate/GLints/dict_16_192_64_0p5_0p02_0062_0012.uasset" 6764
"/Engine/EngineMaterials/Substrate/GLints/dict_16_192_64_0p5_0p02_0061_0014" 6765
"/Engine/EngineMaterials/Substrate/GLints/dict_16_192_64_0p5_0p02_0061_0013" 6766
"/Engine/EngineMaterials/Substrate/GLints/dict_16_192_64_0p5_0p02_0061_0012" 6767
"/Engine/EngineMaterials/Substrate/GLints/dict_16_192_64_0p5_0p02_0061_0011" 6768
"/Engine/EngineMaterials/Substrate/GLints/dict_16_192_64_0p5_0p02_0061_0010" 6769
"/Engine/EngineMaterials/Substrate/GLints/dict_16_192_64_0p5_0p02_0061_0009" 6770
"/Engine/EngineMaterials/Substrate/GLints/dict_16_192_64_0p5_0p02_0061_0008" 6771
"/Engine/EngineMaterials/Substrate/GLints/dict_16_192_64_0p5_0p02_0061_0007" 6772
"/Engine/EngineMaterials/Substrate/GLints/dict_16_192_64_0p5_0p02_0062_0002" 6773
"/Engine/EngineMaterials/Substrate/GLints/dict_16_192_64_0p5_0p02_0061_0006" 6774
"/Engine/EngineMaterials/Substrate/GLints/dict_16_192_64_0p5_0p02_0062_0001" 6775
"/Engine/EngineMaterials/Substrate/GLints/dict_16_192_64_0p5_0p02_0062_0000" 6776
"../../../Engine/Content/EngineMaterials/Substrate/GLints/dict_16_192_64_0p5_0p02_0063_0006.uasset" 6777
"../../../Engine/Content/EngineMaterials/Substrate/GLints/dict_16_192_64_0p5_0p02_0063_0010.uasset" 6778
"../../../Engine/Content/EngineMaterials/Substrate/GLints/dict_16_192_64_0p5_0p02_0063_0008.uasset" 6779
"../../../Engine/Content/EngineMaterials/Substrate/GLints/AGlintTex2dArray.uasset" 6780
"../../../Engine/Content/EngineMaterials/Substrate/GLints/dict_16_192_64_0p5_0p02_0063_0015.uasset" 6781
"../../../Engine/Content/EngineMaterials/Substrate/Glints2/dict_0000_0001.uasset" 6782
"../../../Engine/Content/EngineMaterials/Substrate/GLints/dict_16_192_64_0p5_0p02_0063_0011.uasset" 6783
"/Engine/EngineMaterials/Substrate/GLints/dict_16_192_64_0p5_0p02_0063_0005" 6784
"../../../Engine/Content/EngineMaterials/Substrate/GLints/dict_16_192_64_0p5_0p02_0063_0013.uasset" 6785
"../../../Engine/Content/EngineMaterials/Substrate/GLints/dict_16_192_64_0p5_0p02_0063_0009.uasset" 6786
"../../../Engine/Content/EngineMaterials/Substrate/GLints/dict_16_192_64_0p5_0p02_0063_0007.uasset" 6787
"../../../Engine/Content/EngineMaterials/Substrate/GLints/dict_16_192_64_0p5_0p02_0063_0012.uasset" 6788
"../../../Engine/Content/EngineMaterials/Substrate/GLints/dict_16_192_64_0p5_0p02_0063_0014.uasset" 6789
"../../../Engine/Content/EngineMaterials/Substrate/Glints2/dict_0000_0000.uasset" 6790
"/Engine/EngineMaterials/Substrate/GLints/dict_16_192_64_0p5_0p02_0063_0004" 6791
"/Engine/EngineMaterials/Substrate/GLints/dict_16_192_64_0p5_0p02_0063_0003" 6792
"/Engine/EngineMaterials/Substrate/GLints/dict_16_192_64_0p5_0p02_0063_0002" 6793
"/Engine/EngineMaterials/Substrate/GLints/dict_16_192_64_0p5_0p02_0063_0001" 6794
"/Engine/EngineMaterials/Substrate/GLints/dict_16_192_64_0p5_0p02_0063_0000" 6795
"/Engine/EngineMaterials/Substrate/GLints/dict_16_192_64_0p5_0p02_0062_0015" 6796
"/Engine/EngineMaterials/Substrate/GLints/dict_16_192_64_0p5_0p02_0062_0014" 6797
"/Engine/EngineMaterials/Substrate/GLints/dict_16_192_64_0p5_0p02_0062_0013" 6798
"/Engine/EngineMaterials/Substrate/GLints/dict_16_192_64_0p5_0p02_0062_0012" 6799
"/Engine/EngineMaterials/Substrate/GLints/dict_16_192_64_0p5_0p02_0062_0011" 6800
"/Engine/EngineMaterials/Substrate/GLints/dict_16_192_64_0p5_0p02_0062_0010" 6801
"/Engine/EngineMaterials/Substrate/GLints/dict_16_192_64_0p5_0p02_0062_0009" 6802
"/Engine/EngineMaterials/Substrate/GLints/dict_16_192_64_0p5_0p02_0062_0008" 6803
"/Engine/EngineMaterials/Substrate/GLints/dict_16_192_64_0p5_0p02_0062_0007" 6804
"/Engine/EngineMaterials/Substrate/GLints/dict_16_192_64_0p5_0p02_0062_0006" 6805
"/Engine/EngineMaterials/Substrate/GLints/dict_16_192_64_0p5_0p02_0062_0005" 6806
"/Engine/EngineMaterials/Substrate/GLints/dict_16_192_64_0p5_0p02_0062_0004" 6807
"/Engine/EngineMaterials/Substrate/GLints/dict_16_192_64_0p5_0p02_0062_0003" 6808
"../../../Engine/Content/EngineMaterials/Substrate/Glints2/dict_0000_0004.uasset" 6809
"../../../Engine/Content/EngineMaterials/Substrate/Glints2/dict_0000_0013.uasset" 6810
"../../../Engine/Content/EngineMaterials/Substrate/Glints2/dict_0000_0011.uasset" 6811
"../../../Engine/Content/EngineMaterials/Substrate/Glints2/dict_0000_0012.uasset" 6812
"../../../Engine/Content/EngineMaterials/Substrate/Glints2/dict_0000_0005.uasset" 6813
"../../../Engine/Content/EngineMaterials/Substrate/Glints2/dict_0000_0010.uasset" 6814
"../../../Engine/Content/EngineMaterials/Substrate/Glints2/dict_0000_0002.uasset" 6815
"../../../Engine/Content/EngineMaterials/Substrate/Glints2/dict_0000_0014.uasset" 6816
"../../../Engine/Content/EngineMaterials/Substrate/Glints2/dict_0000_0007.uasset" 6817
"../../../Engine/Content/EngineMaterials/Substrate/Glints2/dict_0000_0016.uasset" 6818
"/Engine/EngineMaterials/Substrate/Glints2/dict_0000_0001" 6819
"../../../Engine/Content/EngineMaterials/Substrate/Glints2/dict_0000_0020.uasset" 6820
"../../../Engine/Content/EngineMaterials/Substrate/Glints2/dict_0000_0019.uasset" 6821
"../../../Engine/Content/EngineMaterials/Substrate/Glints2/dict_0000_0008.uasset" 6822
"../../../Engine/Content/EngineMaterials/Substrate/Glints2/dict_0000_0015.uasset" 6823
"../../../Engine/Content/EngineMaterials/Substrate/Glints2/dict_0000_0003.uasset" 6824
"../../../Engine/Content/EngineMaterials/Substrate/Glints2/dict_0000_0017.uasset" 6825
"../../../Engine/Content/EngineMaterials/Substrate/Glints2/dict_0000_0009.uasset" 6826
"../../../Engine/Content/EngineMaterials/Substrate/Glints2/dict_0000_0018.uasset" 6827
"../../../Engine/Content/EngineMaterials/Substrate/Glints2/dict_0000_0006.uasset" 6828
"/Engine/EngineMaterials/Substrate/Glints2/dict_0000_0000" 6829
"/Engine/EngineMaterials/Substrate/GLints/AGlintTex2dArray" 6830
"/Engine/EngineMaterials/Substrate/Glints2/dict_0000_0004" 6831
"../../../Engine/Content/EngineMaterials/Substrate/Glints2/dict_0000_0021.uasset" 6832
"../../../Engine/Content/EngineMaterials/Substrate/Glints2/dict_0000_0022.uasset" 6833
"../../../Engine/Content/EngineMaterials/Substrate/Glints2/dict_0000_0023.uasset" 6834
"../../../Engine/Content/EngineMaterials/Substrate/Glints2/dict_0000_0025.uasset" 6835
"../../../Engine/Content/EngineMaterials/Substrate/Glints2/dict_0000_0027.uasset" 6836
"../../../Engine/Content/EngineMaterials/Substrate/Glints2/dict_0000_0031.uasset" 6837
"../../../Engine/Content/EngineMaterials/Substrate/Glints2/dict_0000_0024.uasset" 6838
"../../../Engine/Content/EngineMaterials/Substrate/Glints2/dict_0000_0028.uasset" 6839
"../../../Engine/Content/EngineMaterials/Substrate/Glints2/dict_0000_0032.uasset" 6840
"../../../Engine/Content/EngineMaterials/Substrate/Glints2/dict_0000_0033.uasset" 6841
"../../../Engine/Content/EngineMaterials/Substrate/Glints2/dict_0000_0034.uasset" 6842
"../../../Engine/Content/EngineMaterials/Substrate/Glints2/dict_0000_0026.uasset" 6843
"../../../Engine/Content/EngineMaterials/Substrate/Glints2/dict_0000_0030.uasset" 6844
"../../../Engine/Content/EngineMaterials/Substrate/Glints2/dict_0000_0029.uasset" 6845
"/Engine/EngineMaterials/Substrate/Glints2/dict_0000_0020" 6846
"/Engine/EngineMaterials/Substrate/Glints2/dict_0000_0019" 6847
"/Engine/EngineMaterials/Substrate/Glints2/dict_0000_0018" 6848
"/Engine/EngineMaterials/Substrate/Glints2/dict_0000_0017" 6849
"/Engine/EngineMaterials/Substrate/Glints2/dict_0000_0016" 6850
"/Engine/EngineMaterials/Substrate/Glints2/dict_0000_0015" 6851
"/Engine/EngineMaterials/Substrate/Glints2/dict_0000_0014" 6852
"/Engine/EngineMaterials/Substrate/Glints2/dict_0000_0013" 6853
"/Engine/EngineMaterials/Substrate/Glints2/dict_0000_0012" 6854
"/Engine/EngineMaterials/Substrate/Glints2/dict_0000_0011" 6855
"/Engine/EngineMaterials/Substrate/Glints2/dict_0000_0010" 6856
"/Engine/EngineMaterials/Substrate/Glints2/dict_0000_0009" 6857
"/Engine/EngineMaterials/Substrate/Glints2/dict_0000_0008" 6858
"/Engine/EngineMaterials/Substrate/Glints2/dict_0000_0007" 6859
"/Engine/EngineMaterials/Substrate/Glints2/dict_0000_0006" 6860
"/Engine/EngineMaterials/Substrate/Glints2/dict_0000_0005" 6861
"/Engine/EngineMaterials/Substrate/Glints2/dict_0000_0003" 6862
"/Engine/EngineMaterials/Substrate/Glints2/dict_0000_0002" 6863
"../../../Engine/Content/EngineMaterials/Substrate/Glints2/dict_0000_0038.uasset" 6864
"../../../Engine/Content/EngineMaterials/Substrate/Glints2/dict_0000_0036.uasset" 6865
"../../../Engine/Content/EngineMaterials/Substrate/Glints2/dict_0000_0040.uasset" 6866
"../../../Engine/Content/EngineMaterials/Substrate/Glints2/dict_0000_0046.uasset" 6867
"../../../Engine/Content/EngineMaterials/Substrate/Glints2/dict_0000_0045.uasset" 6868
"../../../Engine/Content/EngineMaterials/Substrate/Glints2/dict_0000_0048.uasset" 6869
"../../../Engine/Content/EngineMaterials/Substrate/Glints2/dict_0000_0047.uasset" 6870
"../../../Engine/Content/EngineMaterials/Substrate/Glints2/dict_0000_0044.uasset" 6871
"../../../Engine/Content/EngineMaterials/Substrate/Glints2/dict_0000_0050.uasset" 6872
"../../../Engine/Content/EngineMaterials/Substrate/Glints2/dict_0000_0049.uasset" 6873
"/Engine/EngineMaterials/Substrate/Glints2/dict_0000_0034" 6874
"../../../Engine/Content/EngineMaterials/Substrate/Glints2/dict_0000_0037.uasset" 6875
"../../../Engine/Content/EngineMaterials/Substrate/Glints2/dict_0000_0051.uasset" 6876
"../../../Engine/Content/EngineMaterials/Substrate/Glints2/dict_0000_0052.uasset" 6877
"../../../Engine/Content/EngineMaterials/Substrate/Glints2/dict_0000_0042.uasset" 6878
"../../../Engine/Content/EngineMaterials/Substrate/Glints2/dict_0000_0039.uasset" 6879
"../../../Engine/Content/EngineMaterials/Substrate/Glints2/dict_0000_0035.uasset" 6880
"../../../Engine/Content/EngineMaterials/Substrate/Glints2/dict_0000_0041.uasset" 6881
"../../../Engine/Content/EngineMaterials/Substrate/Glints2/dict_0000_0043.uasset" 6882
"/Engine/EngineMaterials/Substrate/Glints2/dict_0000_0033" 6883
"/Engine/EngineMaterials/Substrate/Glints2/dict_0000_0032" 6884
"/Engine/EngineMaterials/Substrate/Glints2/dict_0000_0031" 6885
"/Engine/EngineMaterials/Substrate/Glints2/dict_0000_0030" 6886
"/Engine/EngineMaterials/Substrate/Glints2/dict_0000_0029" 6887
"/Engine/EngineMaterials/Substrate/Glints2/dict_0000_0028" 6888
"/Engine/EngineMaterials/Substrate/Glints2/dict_0000_0027" 6889
"/Engine/EngineMaterials/Substrate/Glints2/dict_0000_0026" 6890
"/Engine/EngineMaterials/Substrate/Glints2/dict_0000_0025" 6891
"/Engine/EngineMaterials/Substrate/Glints2/dict_0000_0024" 6892
"/Engine/EngineMaterials/Substrate/Glints2/dict_0000_0023" 6893
"/Engine/EngineMaterials/Substrate/Glints2/dict_0000_0022" 6894
"/Engine/EngineMaterials/Substrate/Glints2/dict_0000_0021" 6895
"../../../Engine/Content/EngineMaterials/Substrate/Glints2/dict_0000_0054.uasset" 6896
"../../../Engine/Content/EngineMaterials/Substrate/Glints2/dict_0000_0055.uasset" 6897
"../../../Engine/Content/EngineMaterials/Substrate/Glints2/dict_0000_0053.uasset" 6898
"../../../Engine/Content/EngineMaterials/Substrate/Glints2/dict_0000_0058.uasset" 6899
"../../../Engine/Content/EngineMaterials/Substrate/Glints2/dict_0000_0061.uasset" 6900
"../../../Engine/Content/EngineMaterials/Substrate/Glints2/dict_0000_0059.uasset" 6901
"../../../Engine/Content/EngineMaterials/Substrate/Glints2/dict_0000_0060.uasset" 6902
"../../../Engine/Content/EngineMaterials/Substrate/Glints2/dict_0000_0063.uasset" 6903
"/Engine/EngineMaterials/Substrate/Glints2/dict_0000_0052" 6904
"../../../Engine/Content/EngineMaterials/Substrate/Glints2/dict_0000_0057.uasset" 6905
"../../../Engine/Content/EngineMaterials/Substrate/Glints2/dict_0000_0064.uasset" 6906
"../../../Engine/Content/EngineMaterials/Substrate/Glints2/dict_0000_0062.uasset" 6907
"../../../Engine/Content/EngineMaterials/Substrate/Glints2/dict_0000_0056.uasset" 6908
"../../../Engine/Content/EngineMaterials/Substrate/Glints2/dict_0000_0065.uasset" 6909
"../../../Engine/Content/EngineMaterials/Substrate/Glints2/dict_0000_0066.uasset" 6910
"/Engine/EngineMaterials/Substrate/Glints2/dict_0000_0051" 6911
"/Engine/EngineMaterials/Substrate/Glints2/dict_0000_0050" 6912
"/Engine/EngineMaterials/Substrate/Glints2/dict_0000_0049" 6913
"/Engine/EngineMaterials/Substrate/Glints2/dict_0000_0048" 6914
"/Engine/EngineMaterials/Substrate/Glints2/dict_0000_0047" 6915
"/Engine/EngineMaterials/Substrate/Glints2/dict_0000_0046" 6916
"/Engine/EngineMaterials/Substrate/Glints2/dict_0000_0045" 6917
"/Engine/EngineMaterials/Substrate/Glints2/dict_0000_0044" 6918
"/Engine/EngineMaterials/Substrate/Glints2/dict_0000_0043" 6919
"/Engine/EngineMaterials/Substrate/Glints2/dict_0000_0042" 6920
"/Engine/EngineMaterials/Substrate/Glints2/dict_0000_0041" 6921
"/Engine/EngineMaterials/Substrate/Glints2/dict_0000_0040" 6922
"/Engine/EngineMaterials/Substrate/Glints2/dict_0000_0039" 6923
"/Engine/EngineMaterials/Substrate/Glints2/dict_0000_0038" 6924
"/Engine/EngineMaterials/Substrate/Glints2/dict_0000_0037" 6925
"/Engine/EngineMaterials/Substrate/Glints2/dict_0000_0036" 6926
"/Engine/EngineMaterials/Substrate/Glints2/dict_0000_0035" 6927
"../../../Engine/Content/EngineMaterials/Substrate/Glints2/dict_0000_0074.uasset" 6928
"../../../Engine/Content/EngineMaterials/Substrate/Glints2/dict_0000_0077.uasset" 6929
"../../../Engine/Content/EngineMaterials/Substrate/Glints2/dict_0000_0068.uasset" 6930
"../../../Engine/Content/EngineMaterials/Substrate/Glints2/dict_0000_0079.uasset" 6931
"../../../Engine/Content/EngineMaterials/Substrate/Glints2/dict_0000_0075.uasset" 6932
"../../../Engine/Content/EngineMaterials/Substrate/Glints2/dict_0000_0081.uasset" 6933
"/Engine/EngineMaterials/Substrate/Glints2/dict_0000_0066" 6934
"../../../Engine/Content/EngineMaterials/Substrate/Glints2/dict_0000_0080.uasset" 6935
"../../../Engine/Content/EngineMaterials/Substrate/Glints2/dict_0000_0070.uasset" 6936
"../../../Engine/Content/EngineMaterials/Substrate/Glints2/dict_0000_0073.uasset" 6937
"../../../Engine/Content/EngineMaterials/Substrate/Glints2/dict_0000_0082.uasset" 6938
"../../../Engine/Content/EngineMaterials/Substrate/Glints2/dict_0000_0083.uasset" 6939
"../../../Engine/Content/EngineMaterials/Substrate/Glints2/dict_0000_0076.uasset" 6940
"../../../Engine/Content/EngineMaterials/Substrate/Glints2/dict_0000_0084.uasset" 6941
"../../../Engine/Content/EngineMaterials/Substrate/Glints2/dict_0000_0067.uasset" 6942
"../../../Engine/Content/EngineMaterials/Substrate/Glints2/dict_0000_0071.uasset" 6943
"../../../Engine/Content/EngineMaterials/Substrate/Glints2/dict_0000_0078.uasset" 6944
"../../../Engine/Content/EngineMaterials/Substrate/Glints2/dict_0000_0069.uasset" 6945
"../../../Engine/Content/EngineMaterials/Substrate/Glints2/dict_0000_0072.uasset" 6946
"/Engine/EngineMaterials/Substrate/Glints2/dict_0000_0065" 6947
"/Engine/EngineMaterials/Substrate/Glints2/dict_0000_0064" 6948
"/Engine/EngineMaterials/Substrate/Glints2/dict_0000_0063" 6949
"/Engine/EngineMaterials/Substrate/Glints2/dict_0000_0062" 6950
"/Engine/EngineMaterials/Substrate/Glints2/dict_0000_0061" 6951
"/Engine/EngineMaterials/Substrate/Glints2/dict_0000_0060" 6952
"/Engine/EngineMaterials/Substrate/Glints2/dict_0000_0059" 6953
"/Engine/EngineMaterials/Substrate/Glints2/dict_0000_0058" 6954
"/Engine/EngineMaterials/Substrate/Glints2/dict_0000_0057" 6955
"/Engine/EngineMaterials/Substrate/Glints2/dict_0000_0056" 6956
"/Engine/EngineMaterials/Substrate/Glints2/dict_0000_0055" 6957
"/Engine/EngineMaterials/Substrate/Glints2/dict_0000_0054" 6958
"/Engine/EngineMaterials/Substrate/Glints2/dict_0000_0053" 6959
"../../../Engine/Content/EngineMaterials/Substrate/Glints2/dict_0000_0087.uasset" 6960
"../../../Engine/Content/EngineMaterials/Substrate/Glints2/dict_0000_0096.uasset" 6961
"../../../Engine/Content/EngineMaterials/Substrate/Glints2/dict_0000_0094.uasset" 6962
"../../../Engine/Content/EngineMaterials/Substrate/Glints2/dict_0000_0093.uasset" 6963
"../../../Engine/Content/EngineMaterials/Substrate/Glints2/dict_0000_0085.uasset" 6964
"../../../Engine/Content/EngineMaterials/Substrate/Glints2/dict_0000_0088.uasset" 6965
"/Engine/EngineMaterials/Substrate/Glints2/dict_0000_0084" 6966
"../../../Engine/Content/EngineMaterials/Substrate/Glints2/dict_0000_0092.uasset" 6967
"../../../Engine/Content/EngineMaterials/Substrate/Glints2/dict_0000_0091.uasset" 6968
"../../../Engine/Content/EngineMaterials/Substrate/Glints2/dict_0000_0098.uasset" 6969
"../../../Engine/Content/EngineMaterials/Substrate/Glints2/dict_0000_0095.uasset" 6970
"../../../Engine/Content/EngineMaterials/Substrate/Glints2/dict_0000_0086.uasset" 6971
"../../../Engine/Content/EngineMaterials/Substrate/Glints2/dict_0000_0097.uasset" 6972
"../../../Engine/Content/EngineMaterials/Substrate/Glints2/dict_0000_0089.uasset" 6973
"../../../Engine/Content/EngineMaterials/Substrate/Glints2/dict_0000_0090.uasset" 6974
"/Engine/EngineMaterials/Substrate/Glints2/dict_0000_0083" 6975
"/Engine/EngineMaterials/Substrate/Glints2/dict_0000_0082" 6976
"/Engine/EngineMaterials/Substrate/Glints2/dict_0000_0081" 6977
"/Engine/EngineMaterials/Substrate/Glints2/dict_0000_0080" 6978
"/Engine/EngineMaterials/Substrate/Glints2/dict_0000_0079" 6979
"/Engine/EngineMaterials/Substrate/Glints2/dict_0000_0078" 6980
"/Engine/EngineMaterials/Substrate/Glints2/dict_0000_0077" 6981
"/Engine/EngineMaterials/Substrate/Glints2/dict_0000_0076" 6982
"/Engine/EngineMaterials/Substrate/Glints2/dict_0000_0075" 6983
"/Engine/EngineMaterials/Substrate/Glints2/dict_0000_0074" 6984
"/Engine/EngineMaterials/Substrate/Glints2/dict_0000_0073" 6985
"/Engine/EngineMaterials/Substrate/Glints2/dict_0000_0072" 6986
"/Engine/EngineMaterials/Substrate/Glints2/dict_0000_0071" 6987
"/Engine/EngineMaterials/Substrate/Glints2/dict_0000_0070" 6988
"/Engine/EngineMaterials/Substrate/Glints2/dict_0000_0069" 6989
"/Engine/EngineMaterials/Substrate/Glints2/dict_0000_0068" 6990
"/Engine/EngineMaterials/Substrate/Glints2/dict_0000_0067" 6991
"../../../Engine/Content/EngineMaterials/Substrate/Glints2/dict_0000_0105.uasset" 6992
"../../../Engine/Content/EngineMaterials/Substrate/Glints2/dict_0000_0099.uasset" 6993
"../../../Engine/Content/EngineMaterials/Substrate/Glints2/dict_0000_0106.uasset" 6994
"../../../Engine/Content/EngineMaterials/Substrate/Glints2/dict_0000_0112.uasset" 6995
"../../../Engine/Content/EngineMaterials/Substrate/Glints2/dict_0000_0102.uasset" 6996
"../../../Engine/Content/EngineMaterials/Substrate/Glints2/dict_0000_0103.uasset" 6997
"/Engine/EngineMaterials/Substrate/Glints2/dict_0000_0098" 6998
"../../../Engine/Content/EngineMaterials/Substrate/Glints2/dict_0000_0100.uasset" 6999
"../../../Engine/Content/EngineMaterials/Substrate/Glints2/dict_0000_0114.uasset" 7000
"../../../Engine/Content/EngineMaterials/Substrate/Glints2/dict_0000_0115.uasset" 7001
"../../../Engine/Content/EngineMaterials/Substrate/Glints2/dict_0000_0116.uasset" 7002
"../../../Engine/Content/EngineMaterials/Substrate/Glints2/dict_0000_0104.uasset" 7003
"../../../Engine/Content/EngineMaterials/Substrate/Glints2/dict_0000_0107.uasset" 7004
"../../../Engine/Content/EngineMaterials/Substrate/Glints2/dict_0000_0101.uasset" 7005
"../../../Engine/Content/EngineMaterials/Substrate/Glints2/dict_0000_0111.uasset" 7006
"../../../Engine/Content/EngineMaterials/Substrate/Glints2/dict_0000_0108.uasset" 7007
"../../../Engine/Content/EngineMaterials/Substrate/Glints2/dict_0000_0109.uasset" 7008
"../../../Engine/Content/EngineMaterials/Substrate/Glints2/dict_0000_0110.uasset" 7009
"../../../Engine/Content/EngineMaterials/Substrate/Glints2/dict_0000_0113.uasset" 7010
"/Engine/EngineMaterials/Substrate/Glints2/dict_0000_0097" 7011
"/Engine/EngineMaterials/Substrate/Glints2/dict_0000_0096" 7012
"/Engine/EngineMaterials/Substrate/Glints2/dict_0000_0095" 7013
"/Engine/EngineMaterials/Substrate/Glints2/dict_0000_0094" 7014
"/Engine/EngineMaterials/Substrate/Glints2/dict_0000_0093" 7015
"/Engine/EngineMaterials/Substrate/Glints2/dict_0000_0092" 7016
"/Engine/EngineMaterials/Substrate/Glints2/dict_0000_0091" 7017
"/Engine/EngineMaterials/Substrate/Glints2/dict_0000_0090" 7018
"/Engine/EngineMaterials/Substrate/Glints2/dict_0000_0089" 7019
"/Engine/EngineMaterials/Substrate/Glints2/dict_0000_0088" 7020
"/Engine/EngineMaterials/Substrate/Glints2/dict_0000_0087" 7021
"/Engine/EngineMaterials/Substrate/Glints2/dict_0000_0086" 7022
"/Engine/EngineMaterials/Substrate/Glints2/dict_0000_0085" 7023
"../../../Engine/Content/EngineMaterials/Substrate/Glints2/dict_0000_0121.uasset" 7024
"../../../Engine/Content/EngineMaterials/Substrate/Glints2/dict_0000_0119.uasset" 7025
"../../../Engine/Content/EngineMaterials/Substrate/Glints2/dict_0000_0123.uasset" 7026
"../../../Engine/Content/EngineMaterials/Substrate/Glints2/dict_0000_0120.uasset" 7027
"../../../Engine/Content/EngineMaterials/Substrate/Glints2/dict_0000_0128.uasset" 7028
"../../../Engine/Content/EngineMaterials/Substrate/Glints2/dict_0000_0125.uasset" 7029
"../../../Engine/Content/EngineMaterials/Substrate/Glints2/dict_0000_0124.uasset" 7030
"../../../Engine/Content/EngineMaterials/Substrate/Glints2/dict_0000_0127.uasset" 7031
"../../../Engine/Content/EngineMaterials/Substrate/Glints2/dict_0000_0130.uasset" 7032
"../../../Engine/Content/EngineMaterials/Substrate/Glints2/dict_0000_0117.uasset" 7033
"../../../Engine/Content/EngineMaterials/Substrate/Glints2/dict_0000_0122.uasset" 7034
"../../../Engine/Content/EngineMaterials/Substrate/Glints2/dict_0000_0126.uasset" 7035
"/Engine/EngineMaterials/Substrate/Glints2/dict_0000_0116" 7036
"../../../Engine/Content/EngineMaterials/Substrate/Glints2/dict_0000_0129.uasset" 7037
"../../../Engine/Content/EngineMaterials/Substrate/Glints2/dict_0000_0118.uasset" 7038
"/Engine/EngineMaterials/Substrate/Glints2/dict_0000_0115" 7039
"/Engine/EngineMaterials/Substrate/Glints2/dict_0000_0114" 7040
"/Engine/EngineMaterials/Substrate/Glints2/dict_0000_0113" 7041
"/Engine/EngineMaterials/Substrate/Glints2/dict_0000_0112" 7042
"/Engine/EngineMaterials/Substrate/Glints2/dict_0000_0111" 7043
"/Engine/EngineMaterials/Substrate/Glints2/dict_0000_0110" 7044
"/Engine/EngineMaterials/Substrate/Glints2/dict_0000_0109" 7045
"/Engine/EngineMaterials/Substrate/Glints2/dict_0000_0108" 7046
"/Engine/EngineMaterials/Substrate/Glints2/dict_0000_0107" 7047
"/Engine/EngineMaterials/Substrate/Glints2/dict_0000_0106" 7048
"/Engine/EngineMaterials/Substrate/Glints2/dict_0000_0105" 7049
"/Engine/EngineMaterials/Substrate/Glints2/dict_0000_0104" 7050
"/Engine/EngineMaterials/Substrate/Glints2/dict_0000_0103" 7051
"/Engine/EngineMaterials/Substrate/Glints2/dict_0000_0102" 7052
"/Engine/EngineMaterials/Substrate/Glints2/dict_0000_0101" 7053
"/Engine/EngineMaterials/Substrate/Glints2/dict_0000_0100" 7054
"/Engine/EngineMaterials/Substrate/Glints2/dict_0000_0099" 7055
"../../../Engine/Content/EngineMaterials/Substrate/Glints2/dict_0000_0131.uasset" 7056
"../../../Engine/Content/EngineMaterials/Substrate/Glints2/dict_0000_0134.uasset" 7057
"../../../Engine/Content/EngineMaterials/Substrate/Glints2/dict_0000_0132.uasset" 7058
"../../../Engine/Content/EngineMaterials/Substrate/Glints2/dict_0000_0137.uasset" 7059
"../../../Engine/Content/EngineMaterials/Substrate/Glints2/dict_0000_0133.uasset" 7060
"../../../Engine/Content/EngineMaterials/Substrate/Glints2/dict_0000_0135.uasset" 7061
"../../../Engine/Content/EngineMaterials/Substrate/Glints2/dict_0000_0144.uasset" 7062
"../../../Engine/Content/EngineMaterials/Substrate/Glints2/dict_0000_0138.uasset" 7063
"../../../Engine/Content/EngineMaterials/Substrate/Glints2/dict_0000_0148.uasset" 7064
"../../../Engine/Content/EngineMaterials/Substrate/Glints2/dict_0000_0139.uasset" 7065
"../../../Engine/Content/EngineMaterials/Substrate/Glints2/dict_0000_0143.uasset" 7066
"../../../Engine/Content/EngineMaterials/Substrate/Glints2/dict_0000_0147.uasset" 7067
"../../../Engine/Content/EngineMaterials/Substrate/Glints2/dict_0000_0146.uasset" 7068
"../../../Engine/Content/EngineMaterials/Substrate/Glints2/dict_0000_0141.uasset" 7069
"../../../Engine/Content/EngineMaterials/Substrate/Glints2/dict_0000_0136.uasset" 7070
"../../../Engine/Content/EngineMaterials/Substrate/Glints2/dict_0000_0140.uasset" 7071
"../../../Engine/Content/EngineMaterials/Substrate/Glints2/dict_0000_0145.uasset" 7072
"../../../Engine/Content/EngineMaterials/Substrate/Glints2/dict_0000_0142.uasset" 7073
"/Engine/EngineMaterials/Substrate/Glints2/dict_0000_0130" 7074
"/Engine/EngineMaterials/Substrate/Glints2/dict_0000_0129" 7075
"/Engine/EngineMaterials/Substrate/Glints2/dict_0000_0128" 7076
"/Engine/EngineMaterials/Substrate/Glints2/dict_0000_0127" 7077
"/Engine/EngineMaterials/Substrate/Glints2/dict_0000_0126" 7078
"/Engine/EngineMaterials/Substrate/Glints2/dict_0000_0125" 7079
"/Engine/EngineMaterials/Substrate/Glints2/dict_0000_0124" 7080
"/Engine/EngineMaterials/Substrate/Glints2/dict_0000_0123" 7081
"/Engine/EngineMaterials/Substrate/Glints2/dict_0000_0122" 7082
"/Engine/EngineMaterials/Substrate/Glints2/dict_0000_0121" 7083
"/Engine/EngineMaterials/Substrate/Glints2/dict_0000_0120" 7084
"/Engine/EngineMaterials/Substrate/Glints2/dict_0000_0119" 7085
"/Engine/EngineMaterials/Substrate/Glints2/dict_0000_0118" 7086
"/Engine/EngineMaterials/Substrate/Glints2/dict_0000_0117" 7087
"../../../Engine/Content/EngineMaterials/Substrate/Glints2/dict_0000_0149.uasset" 7088
"../../../Engine/Content/EngineMaterials/Substrate/Glints2/dict_0000_0151.uasset" 7089
"../../../Engine/Content/EngineMaterials/Substrate/Glints2/dict_0000_0157.uasset" 7090
"../../../Engine/Content/EngineMaterials/Substrate/Glints2/dict_0000_0162.uasset" 7091
"../../../Engine/Content/EngineMaterials/Substrate/Glints2/dict_0000_0153.uasset" 7092
"../../../Engine/Content/EngineMaterials/Substrate/Glints2/dict_0000_0152.uasset" 7093
"../../../Engine/Content/EngineMaterials/Substrate/Glints2/dict_0000_0159.uasset" 7094
"../../../Engine/Content/EngineMaterials/Substrate/Glints2/dict_0000_0154.uasset" 7095
"/Engine/EngineMaterials/Substrate/Glints2/dict_0000_0148" 7096
"../../../Engine/Content/EngineMaterials/Substrate/Glints2/dict_0000_0158.uasset" 7097
"../../../Engine/Content/EngineMaterials/Substrate/Glints2/dict_0000_0160.uasset" 7098
"../../../Engine/Content/EngineMaterials/Substrate/Glints2/dict_0000_0150.uasset" 7099
"../../../Engine/Content/EngineMaterials/Substrate/Glints2/dict_0000_0155.uasset" 7100
"../../../Engine/Content/EngineMaterials/Substrate/Glints2/dict_0000_0156.uasset" 7101
"../../../Engine/Content/EngineMaterials/Substrate/Glints2/dict_0000_0161.uasset" 7102
"/Engine/EngineMaterials/Substrate/Glints2/dict_0000_0147" 7103
"/Engine/EngineMaterials/Substrate/Glints2/dict_0000_0146" 7104
"/Engine/EngineMaterials/Substrate/Glints2/dict_0000_0145" 7105
"/Engine/EngineMaterials/Substrate/Glints2/dict_0000_0144" 7106
"/Engine/EngineMaterials/Substrate/Glints2/dict_0000_0143" 7107
"/Engine/EngineMaterials/Substrate/Glints2/dict_0000_0142" 7108
"/Engine/EngineMaterials/Substrate/Glints2/dict_0000_0141" 7109
"/Engine/EngineMaterials/Substrate/Glints2/dict_0000_0140" 7110
"/Engine/EngineMaterials/Substrate/Glints2/dict_0000_0139" 7111
"/Engine/EngineMaterials/Substrate/Glints2/dict_0000_0138" 7112
"/Engine/EngineMaterials/Substrate/Glints2/dict_0000_0137" 7113
"/Engine/EngineMaterials/Substrate/Glints2/dict_0000_0136" 7114
"/Engine/EngineMaterials/Substrate/Glints2/dict_0000_0135" 7115
"/Engine/EngineMaterials/Substrate/Glints2/dict_0000_0134" 7116
"/Engine/EngineMaterials/Substrate/Glints2/dict_0000_0133" 7117
"/Engine/EngineMaterials/Substrate/Glints2/dict_0000_0132" 7118
"/Engine/EngineMaterials/Substrate/Glints2/dict_0000_0131" 7119
"../../../Engine/Content/EngineMaterials/Substrate/Glints2/dict_0000_0165.uasset" 7120
"../../../Engine/Content/EngineMaterials/Substrate/Glints2/dict_0000_0171.uasset" 7121
"../../../Engine/Content/EngineMaterials/Substrate/Glints2/dict_0000_0163.uasset" 7122
"../../../Engine/Content/EngineMaterials/Substrate/Glints2/dict_0000_0169.uasset" 7123
"../../../Engine/Content/EngineMaterials/Substrate/Glints2/dict_0000_0166.uasset" 7124
"../../../Engine/Content/EngineMaterials/Substrate/Glints2/dict_0000_0173.uasset" 7125
"../../../Engine/Content/EngineMaterials/Substrate/Glints2/dict_0000_0179.uasset" 7126
"../../../Engine/Content/EngineMaterials/Substrate/Glints2/dict_0000_0175.uasset" 7127
"../../../Engine/Content/EngineMaterials/Substrate/Glints2/dict_0000_0164.uasset" 7128
"../../../Engine/Content/EngineMaterials/Substrate/Glints2/dict_0000_0167.uasset" 7129
"../../../Engine/Content/EngineMaterials/Substrate/Glints2/dict_0000_0174.uasset" 7130
"../../../Engine/Content/EngineMaterials/Substrate/Glints2/dict_0000_0180.uasset" 7131
"../../../Engine/Content/EngineMaterials/Substrate/Glints2/dict_0000_0178.uasset" 7132
"../../../Engine/Content/EngineMaterials/Substrate/Glints2/dict_0000_0176.uasset" 7133
"../../../Engine/Content/EngineMaterials/Substrate/Glints2/dict_0000_0177.uasset" 7134
"../../../Engine/Content/EngineMaterials/Substrate/Glints2/dict_0000_0172.uasset" 7135
"../../../Engine/Content/EngineMaterials/Substrate/Glints2/dict_0000_0168.uasset" 7136
"/Engine/EngineMaterials/Substrate/Glints2/dict_0000_0162" 7137
"../../../Engine/Content/EngineMaterials/Substrate/Glints2/dict_0000_0170.uasset" 7138
"/Engine/EngineMaterials/Substrate/Glints2/dict_0000_0161" 7139
"/Engine/EngineMaterials/Substrate/Glints2/dict_0000_0160" 7140
"/Engine/EngineMaterials/Substrate/Glints2/dict_0000_0159" 7141
"/Engine/EngineMaterials/Substrate/Glints2/dict_0000_0158" 7142
"/Engine/EngineMaterials/Substrate/Glints2/dict_0000_0157" 7143
"/Engine/EngineMaterials/Substrate/Glints2/dict_0000_0156" 7144
"/Engine/EngineMaterials/Substrate/Glints2/dict_0000_0155" 7145
"/Engine/EngineMaterials/Substrate/Glints2/dict_0000_0154" 7146
"/Engine/EngineMaterials/Substrate/Glints2/dict_0000_0153" 7147
"/Engine/EngineMaterials/Substrate/Glints2/dict_0000_0152" 7148
"/Engine/EngineMaterials/Substrate/Glints2/dict_0000_0151" 7149
"/Engine/EngineMaterials/Substrate/Glints2/dict_0000_0150" 7150
"/Engine/EngineMaterials/Substrate/Glints2/dict_0000_0149" 7151
"../../../Engine/Content/EngineMaterials/Substrate/Glints2/dict_0000_0184.uasset" 7152
"../../../Engine/Content/EngineMaterials/Substrate/Glints2/dict_0000_0182.uasset" 7153
"../../../Engine/Content/EngineMaterials/Substrate/Glints2/dict_0000_0189.uasset" 7154
"../../../Engine/Content/EngineMaterials/Substrate/Glints2/dict_0000_0183.uasset" 7155
"../../../Engine/Content/EngineMaterials/Substrate/Glints2/dict_0000_0185.uasset" 7156
"../../../Engine/Content/EngineMaterials/Substrate/Glints2/dict_0000_0190.uasset" 7157
"../../../Engine/Content/EngineMaterials/Substrate/Glints2/dict_0000_0181.uasset" 7158
"../../../Engine/Content/EngineMaterials/Substrate/Glints2/dict_0000_0186.uasset" 7159
"../../../Engine/Content/EngineMaterials/Substrate/Glints2/dict_0000_0188.uasset" 7160
"../../../Engine/Content/EngineMaterials/Substrate/Glints2/dict_0000_0194.uasset" 7161
"../../../Engine/Content/EngineMaterials/Substrate/Glints2/dict_0000_0192.uasset" 7162
"../../../Engine/Content/EngineMaterials/Substrate/Glints2/dict_0000_0193.uasset" 7163
"../../../Engine/Content/EngineMaterials/Substrate/Glints2/dict_0000_0187.uasset" 7164
"/Engine/EngineMaterials/Substrate/Glints2/dict_0000_0180" 7165
"../../../Engine/Content/EngineMaterials/Substrate/Glints2/dict_0000_0191.uasset" 7166
"/Engine/EngineMaterials/Substrate/Glints2/dict_0000_0179" 7167
"/Engine/EngineMaterials/Substrate/Glints2/dict_0000_0178" 7168
"/Engine/EngineMaterials/Substrate/Glints2/dict_0000_0177" 7169
"/Engine/EngineMaterials/Substrate/Glints2/dict_0000_0176" 7170
"/Engine/EngineMaterials/Substrate/Glints2/dict_0000_0175" 7171
"/Engine/EngineMaterials/Substrate/Glints2/dict_0000_0174" 7172
"/Engine/EngineMaterials/Substrate/Glints2/dict_0000_0173" 7173
"/Engine/EngineMaterials/Substrate/Glints2/dict_0000_0172" 7174
"/Engine/EngineMaterials/Substrate/Glints2/dict_0000_0171" 7175
"/Engine/EngineMaterials/Substrate/Glints2/dict_0000_0170" 7176
"/Engine/EngineMaterials/Substrate/Glints2/dict_0000_0169" 7177
"/Engine/EngineMaterials/Substrate/Glints2/dict_0000_0168" 7178
"/Engine/EngineMaterials/Substrate/Glints2/dict_0000_0167" 7179
"/Engine/EngineMaterials/Substrate/Glints2/dict_0000_0166" 7180
"/Engine/EngineMaterials/Substrate/Glints2/dict_0000_0165" 7181
"/Engine/EngineMaterials/Substrate/Glints2/dict_0000_0164" 7182
"/Engine/EngineMaterials/Substrate/Glints2/dict_0000_0163" 7183
"../../../Engine/Content/EngineMaterials/Substrate/Glints2/dict_0000_0198.uasset" 7184
"../../../Engine/Content/EngineMaterials/Substrate/Glints2/dict_0000_0196.uasset" 7185
"../../../Engine/Content/EngineMaterials/Substrate/Glints2/dict_0000_0201.uasset" 7186
"../../../Engine/Content/EngineMaterials/Substrate/Glints2/dict_0000_0195.uasset" 7187
"../../../Engine/Content/EngineMaterials/Substrate/Glints2/dict_0000_0209.uasset" 7188
"../../../Engine/Content/EngineMaterials/Substrate/Glints2/dict_0000_0199.uasset" 7189
"../../../Engine/Content/EngineMaterials/Substrate/Glints2/dict_0000_0205.uasset" 7190
"../../../Engine/Content/EngineMaterials/Substrate/Glints2/dict_0000_0211.uasset" 7191
"../../../Engine/Content/EngineMaterials/Substrate/Glints2/dict_0000_0207.uasset" 7192
"../../../Engine/Content/EngineMaterials/Substrate/Glints2/dict_0000_0197.uasset" 7193
"../../../Engine/Content/EngineMaterials/Substrate/Glints2/dict_0000_0202.uasset" 7194
"../../../Engine/Content/EngineMaterials/Substrate/Glints2/dict_0000_0200.uasset" 7195
"../../../Engine/Content/EngineMaterials/Substrate/Glints2/dict_0000_0208.uasset" 7196
"../../../Engine/Content/EngineMaterials/Substrate/Glints2/dict_0000_0204.uasset" 7197
"../../../Engine/Content/EngineMaterials/Substrate/Glints2/dict_0000_0206.uasset" 7198
"../../../Engine/Content/EngineMaterials/Substrate/Glints2/dict_0000_0212.uasset" 7199
"/Engine/EngineMaterials/Substrate/Glints2/dict_0000_0194" 7200
"../../../Engine/Content/EngineMaterials/Substrate/Glints2/dict_0000_0203.uasset" 7201
"../../../Engine/Content/EngineMaterials/Substrate/Glints2/dict_0000_0210.uasset" 7202
"/Engine/EngineMaterials/Substrate/Glints2/dict_0000_0193" 7203
"/Engine/EngineMaterials/Substrate/Glints2/dict_0000_0192" 7204
"/Engine/EngineMaterials/Substrate/Glints2/dict_0000_0191" 7205
"/Engine/EngineMaterials/Substrate/Glints2/dict_0000_0190" 7206
"/Engine/EngineMaterials/Substrate/Glints2/dict_0000_0189" 7207
"/Engine/EngineMaterials/Substrate/Glints2/dict_0000_0188" 7208
"/Engine/EngineMaterials/Substrate/Glints2/dict_0000_0187" 7209
"/Engine/EngineMaterials/Substrate/Glints2/dict_0000_0186" 7210
"/Engine/EngineMaterials/Substrate/Glints2/dict_0000_0185" 7211
"/Engine/EngineMaterials/Substrate/Glints2/dict_0000_0184" 7212
"/Engine/EngineMaterials/Substrate/Glints2/dict_0000_0183" 7213
"/Engine/EngineMaterials/Substrate/Glints2/dict_0000_0182" 7214
"/Engine/EngineMaterials/Substrate/Glints2/dict_0000_0181" 7215
"../../../Engine/Content/EngineMaterials/Substrate/Glints2/dict_0000_0215.uasset" 7216
"../../../Engine/Content/EngineMaterials/Substrate/Glints2/dict_0000_0214.uasset" 7217
"../../../Engine/Content/EngineMaterials/Substrate/Glints2/dict_0000_0213.uasset" 7218
"../../../Engine/Content/EngineMaterials/Substrate/Glints2/dict_0000_0224.uasset" 7219
"../../../Engine/Content/EngineMaterials/Substrate/Glints2/dict_0000_0218.uasset" 7220
"../../../Engine/Content/EngineMaterials/Substrate/Glints2/dict_0000_0223.uasset" 7221
"../../../Engine/Content/EngineMaterials/Substrate/Glints2/dict_0000_0226.uasset" 7222
"/Engine/EngineMaterials/Substrate/Glints2/dict_0000_0212" 7223
"../../../Engine/Content/EngineMaterials/Substrate/Glints2/dict_0000_0217.uasset" 7224
"../../../Engine/Content/EngineMaterials/Substrate/Glints2/dict_0000_0216.uasset" 7225
"../../../Engine/Content/EngineMaterials/Substrate/Glints2/dict_0000_0225.uasset" 7226
"../../../Engine/Content/EngineMaterials/Substrate/Glints2/dict_0000_0219.uasset" 7227
"../../../Engine/Content/EngineMaterials/Substrate/Glints2/dict_0000_0221.uasset" 7228
"../../../Engine/Content/EngineMaterials/Substrate/Glints2/dict_0000_0220.uasset" 7229
"../../../Engine/Content/EngineMaterials/Substrate/Glints2/dict_0000_0222.uasset" 7230
"/Engine/EngineMaterials/Substrate/Glints2/dict_0000_0211" 7231
"/Engine/EngineMaterials/Substrate/Glints2/dict_0000_0210" 7232
"/Engine/EngineMaterials/Substrate/Glints2/dict_0000_0209" 7233
"/Engine/EngineMaterials/Substrate/Glints2/dict_0000_0208" 7234
"/Engine/EngineMaterials/Substrate/Glints2/dict_0000_0207" 7235
"/Engine/EngineMaterials/Substrate/Glints2/dict_0000_0206" 7236
"/Engine/EngineMaterials/Substrate/Glints2/dict_0000_0205" 7237
"/Engine/EngineMaterials/Substrate/Glints2/dict_0000_0204" 7238
"/Engine/EngineMaterials/Substrate/Glints2/dict_0000_0203" 7239
"/Engine/EngineMaterials/Substrate/Glints2/dict_0000_0202" 7240
"/Engine/EngineMaterials/Substrate/Glints2/dict_0000_0201" 7241
"/Engine/EngineMaterials/Substrate/Glints2/dict_0000_0200" 7242
"/Engine/EngineMaterials/Substrate/Glints2/dict_0000_0199" 7243
"/Engine/EngineMaterials/Substrate/Glints2/dict_0000_0198" 7244
"/Engine/EngineMaterials/Substrate/Glints2/dict_0000_0197" 7245
"/Engine/EngineMaterials/Substrate/Glints2/dict_0000_0196" 7246
"/Engine/EngineMaterials/Substrate/Glints2/dict_0000_0195" 7247
"../../../Engine/Content/EngineMaterials/Substrate/Glints2/dict_0000_0236.uasset" 7248
"../../../Engine/Content/EngineMaterials/Substrate/Glints2/dict_0000_0233.uasset" 7249
"../../../Engine/Content/EngineMaterials/Substrate/Glints2/dict_0000_0234.uasset" 7250
"../../../Engine/Content/EngineMaterials/Substrate/Glints2/dict_0000_0235.uasset" 7251
"../../../Engine/Content/EngineMaterials/Substrate/Glints2/dict_0000_0240.uasset" 7252
"../../../Engine/Content/EngineMaterials/Substrate/Glints2/dict_0000_0237.uasset" 7253
"../../../Engine/Content/EngineMaterials/Substrate/Glints2/dict_0000_0242.uasset" 7254
"../../../Engine/Content/EngineMaterials/Substrate/Glints2/dict_0000_0238.uasset" 7255
"../../../Engine/Content/EngineMaterials/Substrate/Glints2/dict_0000_0243.uasset" 7256
"../../../Engine/Content/EngineMaterials/Substrate/Glints2/dict_0000_0227.uasset" 7257
"../../../Engine/Content/EngineMaterials/Substrate/Glints2/dict_0000_0239.uasset" 7258
"../../../Engine/Content/EngineMaterials/Substrate/Glints2/dict_0000_0231.uasset" 7259
"../../../Engine/Content/EngineMaterials/Substrate/Glints2/dict_0000_0228.uasset" 7260
"/Engine/EngineMaterials/Substrate/Glints2/dict_0000_0226" 7261
"../../../Engine/Content/EngineMaterials/Substrate/Glints2/dict_0000_0230.uasset" 7262
"../../../Engine/Content/EngineMaterials/Substrate/Glints2/dict_0000_0229.uasset" 7263
"../../../Engine/Content/EngineMaterials/Substrate/Glints2/dict_0000_0232.uasset" 7264
"../../../Engine/Content/EngineMaterials/Substrate/Glints2/dict_0000_0241.uasset" 7265
"../../../Engine/Content/EngineMaterials/Substrate/Glints2/dict_0000_0244.uasset" 7266
"/Engine/EngineMaterials/Substrate/Glints2/dict_0000_0225" 7267
"/Engine/EngineMaterials/Substrate/Glints2/dict_0000_0224" 7268
"/Engine/EngineMaterials/Substrate/Glints2/dict_0000_0223" 7269
"/Engine/EngineMaterials/Substrate/Glints2/dict_0000_0222" 7270
"/Engine/EngineMaterials/Substrate/Glints2/dict_0000_0221" 7271
"/Engine/EngineMaterials/Substrate/Glints2/dict_0000_0220" 7272
"/Engine/EngineMaterials/Substrate/Glints2/dict_0000_0219" 7273
"/Engine/EngineMaterials/Substrate/Glints2/dict_0000_0218" 7274
"/Engine/EngineMaterials/Substrate/Glints2/dict_0000_0217" 7275
"/Engine/EngineMaterials/Substrate/Glints2/dict_0000_0216" 7276
"/Engine/EngineMaterials/Substrate/Glints2/dict_0000_0215" 7277
"/Engine/EngineMaterials/Substrate/Glints2/dict_0000_0214" 7278
"/Engine/EngineMaterials/Substrate/Glints2/dict_0000_0213" 7279
"../../../Engine/Content/EngineMaterials/Substrate/Glints2/dict_0000_0245.uasset" 7280
"../../../Engine/Content/EngineMaterials/Substrate/Glints2/dict_0001_0001.uasset" 7281
"../../../Engine/Content/EngineMaterials/Substrate/Glints2/dict_0000_0255.uasset" 7282
"../../../Engine/Content/EngineMaterials/Substrate/Glints2/dict_0001_0002.uasset" 7283
"../../../Engine/Content/EngineMaterials/Substrate/Glints2/dict_0000_0254.uasset" 7284
"/Engine/EngineMaterials/Substrate/Glints2/dict_0000_0244" 7285
"../../../Engine/Content/EngineMaterials/Substrate/Glints2/dict_0000_0247.uasset" 7286
"../../../Engine/Content/EngineMaterials/Substrate/Glints2/dict_0000_0253.uasset" 7287
"../../../Engine/Content/EngineMaterials/Substrate/Glints2/dict_0000_0248.uasset" 7288
"../../../Engine/Content/EngineMaterials/Substrate/Glints2/dict_0001_0000.uasset" 7289
"../../../Engine/Content/EngineMaterials/Substrate/Glints2/dict_0000_0251.uasset" 7290
"../../../Engine/Content/EngineMaterials/Substrate/Glints2/dict_0000_0250.uasset" 7291
"../../../Engine/Content/EngineMaterials/Substrate/Glints2/dict_0000_0249.uasset" 7292
"../../../Engine/Content/EngineMaterials/Substrate/Glints2/dict_0000_0252.uasset" 7293
"../../../Engine/Content/EngineMaterials/Substrate/Glints2/dict_0000_0246.uasset" 7294
"/Engine/EngineMaterials/Substrate/Glints2/dict_0000_0243" 7295
"/Engine/EngineMaterials/Substrate/Glints2/dict_0000_0242" 7296
"/Engine/EngineMaterials/Substrate/Glints2/dict_0000_0241" 7297
"/Engine/EngineMaterials/Substrate/Glints2/dict_0000_0240" 7298
"/Engine/EngineMaterials/Substrate/Glints2/dict_0000_0239" 7299
"/Engine/EngineMaterials/Substrate/Glints2/dict_0000_0238" 7300
"/Engine/EngineMaterials/Substrate/Glints2/dict_0000_0237" 7301
"/Engine/EngineMaterials/Substrate/Glints2/dict_0000_0236" 7302
"/Engine/EngineMaterials/Substrate/Glints2/dict_0000_0235" 7303
"/Engine/EngineMaterials/Substrate/Glints2/dict_0000_0234" 7304
"/Engine/EngineMaterials/Substrate/Glints2/dict_0000_0233" 7305
"/Engine/EngineMaterials/Substrate/Glints2/dict_0000_0232" 7306
"/Engine/EngineMaterials/Substrate/Glints2/dict_0000_0231" 7307
"/Engine/EngineMaterials/Substrate/Glints2/dict_0000_0230" 7308
"/Engine/EngineMaterials/Substrate/Glints2/dict_0000_0229" 7309
"/Engine/EngineMaterials/Substrate/Glints2/dict_0000_0228" 7310
"/Engine/EngineMaterials/Substrate/Glints2/dict_0000_0227" 7311
"../../../Engine/Content/EngineMaterials/Substrate/Glints2/dict_0001_0005.uasset" 7312
"../../../Engine/Content/EngineMaterials/Substrate/Glints2/dict_0001_0003.uasset" 7313
"../../../Engine/Content/EngineMaterials/Substrate/Glints2/dict_0001_0004.uasset" 7314
"../../../Engine/Content/EngineMaterials/Substrate/Glints2/dict_0001_0015.uasset" 7315
"../../../Engine/Content/EngineMaterials/Substrate/Glints2/dict_0001_0014.uasset" 7316
"../../../Engine/Content/EngineMaterials/Substrate/Glints2/dict_0001_0009.uasset" 7317
"../../../Engine/Content/EngineMaterials/Substrate/Glints2/dict_0001_0017.uasset" 7318
"../../../Engine/Content/EngineMaterials/Substrate/Glints2/dict_0001_0012.uasset" 7319
"/Engine/EngineMaterials/Substrate/Glints2/dict_0001_0002" 7320
"../../../Engine/Content/EngineMaterials/Substrate/Glints2/dict_0001_0007.uasset" 7321
"../../../Engine/Content/EngineMaterials/Substrate/Glints2/dict_0001_0011.uasset" 7322
"../../../Engine/Content/EngineMaterials/Substrate/Glints2/dict_0001_0013.uasset" 7323
"../../../Engine/Content/EngineMaterials/Substrate/Glints2/dict_0001_0010.uasset" 7324
"../../../Engine/Content/EngineMaterials/Substrate/Glints2/dict_0001_0019.uasset" 7325
"../../../Engine/Content/EngineMaterials/Substrate/Glints2/dict_0001_0008.uasset" 7326
"../../../Engine/Content/EngineMaterials/Substrate/Glints2/dict_0001_0006.uasset" 7327
"../../../Engine/Content/EngineMaterials/Substrate/Glints2/dict_0001_0018.uasset" 7328
"../../../Engine/Content/EngineMaterials/Substrate/Glints2/dict_0001_0016.uasset" 7329
"../../../Engine/Content/EngineMaterials/Substrate/Glints2/dict_0001_0020.uasset" 7330
"/Engine/EngineMaterials/Substrate/Glints2/dict_0001_0001" 7331
"/Engine/EngineMaterials/Substrate/Glints2/dict_0001_0000" 7332
"/Engine/EngineMaterials/Substrate/Glints2/dict_0000_0255" 7333
"/Engine/EngineMaterials/Substrate/Glints2/dict_0000_0254" 7334
"/Engine/EngineMaterials/Substrate/Glints2/dict_0000_0253" 7335
"/Engine/EngineMaterials/Substrate/Glints2/dict_0000_0252" 7336
"/Engine/EngineMaterials/Substrate/Glints2/dict_0000_0251" 7337
"/Engine/EngineMaterials/Substrate/Glints2/dict_0000_0250" 7338
"/Engine/EngineMaterials/Substrate/Glints2/dict_0000_0249" 7339
"/Engine/EngineMaterials/Substrate/Glints2/dict_0000_0248" 7340
"/Engine/EngineMaterials/Substrate/Glints2/dict_0000_0247" 7341
"/Engine/EngineMaterials/Substrate/Glints2/dict_0000_0246" 7342
"/Engine/EngineMaterials/Substrate/Glints2/dict_0000_0245" 7343
"../../../Engine/Content/EngineMaterials/Substrate/Glints2/dict_0001_0021.uasset" 7344
"../../../Engine/Content/EngineMaterials/Substrate/Glints2/dict_0001_0022.uasset" 7345
"../../../Engine/Content/EngineMaterials/Substrate/Glints2/dict_0001_0026.uasset" 7346
"../../../Engine/Content/EngineMaterials/Substrate/Glints2/dict_0001_0024.uasset" 7347
"../../../Engine/Content/EngineMaterials/Substrate/Glints2/dict_0001_0027.uasset" 7348
"../../../Engine/Content/EngineMaterials/Substrate/Glints2/dict_0001_0032.uasset" 7349
"../../../Engine/Content/EngineMaterials/Substrate/Glints2/dict_0001_0025.uasset" 7350
"../../../Engine/Content/EngineMaterials/Substrate/Glints2/dict_0001_0031.uasset" 7351
"../../../Engine/Content/EngineMaterials/Substrate/Glints2/dict_0001_0028.uasset" 7352
"../../../Engine/Content/EngineMaterials/Substrate/Glints2/dict_0001_0033.uasset" 7353
"../../../Engine/Content/EngineMaterials/Substrate/Glints2/dict_0001_0029.uasset" 7354
"../../../Engine/Content/EngineMaterials/Substrate/Glints2/dict_0001_0023.uasset" 7355
"../../../Engine/Content/EngineMaterials/Substrate/Glints2/dict_0001_0030.uasset" 7356
"/Engine/EngineMaterials/Substrate/Glints2/dict_0001_0020" 7357
"../../../Engine/Content/EngineMaterials/Substrate/Glints2/dict_0001_0034.uasset" 7358
"/Engine/EngineMaterials/Substrate/Glints2/dict_0001_0019" 7359
"/Engine/EngineMaterials/Substrate/Glints2/dict_0001_0018" 7360
"/Engine/EngineMaterials/Substrate/Glints2/dict_0001_0017" 7361
"/Engine/EngineMaterials/Substrate/Glints2/dict_0001_0016" 7362
"/Engine/EngineMaterials/Substrate/Glints2/dict_0001_0015" 7363
"/Engine/EngineMaterials/Substrate/Glints2/dict_0001_0014" 7364
"/Engine/EngineMaterials/Substrate/Glints2/dict_0001_0013" 7365
"/Engine/EngineMaterials/Substrate/Glints2/dict_0001_0012" 7366
"/Engine/EngineMaterials/Substrate/Glints2/dict_0001_0011" 7367
"/Engine/EngineMaterials/Substrate/Glints2/dict_0001_0010" 7368
"/Engine/EngineMaterials/Substrate/Glints2/dict_0001_0009" 7369
"/Engine/EngineMaterials/Substrate/Glints2/dict_0001_0008" 7370
"/Engine/EngineMaterials/Substrate/Glints2/dict_0001_0007" 7371
"/Engine/EngineMaterials/Substrate/Glints2/dict_0001_0006" 7372
"/Engine/EngineMaterials/Substrate/Glints2/dict_0001_0005" 7373
"/Engine/EngineMaterials/Substrate/Glints2/dict_0001_0004" 7374
"/Engine/EngineMaterials/Substrate/Glints2/dict_0001_0003" 7375
"/Engine/EngineMaterials/Substrate/Glints2/dict_0001_0022" 7376
"/Engine/EngineMaterials/Substrate/Glints2/dict_0001_0021" 7377
"../../../Engine/Content/EngineMaterials/Substrate/Glints2/dict_0001_0040.uasset" 7378
"../../../Engine/Content/EngineMaterials/Substrate/Glints2/dict_0001_0036.uasset" 7379
"../../../Engine/Content/EngineMaterials/Substrate/Glints2/dict_0001_0043.uasset" 7380
"../../../Engine/Content/EngineMaterials/Substrate/Glints2/dict_0001_0039.uasset" 7381
"../../../Engine/Content/EngineMaterials/Substrate/Glints2/dict_0001_0047.uasset" 7382
"../../../Engine/Content/EngineMaterials/Substrate/Glints2/dict_0001_0048.uasset" 7383
"../../../Engine/Content/EngineMaterials/Substrate/Glints2/dict_0001_0037.uasset" 7384
"../../../Engine/Content/EngineMaterials/Substrate/Glints2/dict_0001_0051.uasset" 7385
"../../../Engine/Content/EngineMaterials/Substrate/Glints2/dict_0001_0035.uasset" 7386
"../../../Engine/Content/EngineMaterials/Substrate/Glints2/dict_0001_0049.uasset" 7387
"../../../Engine/Content/EngineMaterials/Substrate/Glints2/dict_0001_0053.uasset" 7388
"../../../Engine/Content/EngineMaterials/Substrate/Glints2/dict_0001_0042.uasset" 7389
"../../../Engine/Content/EngineMaterials/Substrate/Glints2/dict_0001_0054.uasset" 7390
"../../../Engine/Content/EngineMaterials/Substrate/Glints2/dict_0001_0041.uasset" 7391
"../../../Engine/Content/EngineMaterials/Substrate/Glints2/dict_0001_0038.uasset" 7392
"../../../Engine/Content/EngineMaterials/Substrate/Glints2/dict_0001_0044.uasset" 7393
"../../../Engine/Content/EngineMaterials/Substrate/Glints2/dict_0001_0050.uasset" 7394
"../../../Engine/Content/EngineMaterials/Substrate/Glints2/dict_0001_0052.uasset" 7395
"../../../Engine/Content/EngineMaterials/Substrate/Glints2/dict_0001_0045.uasset" 7396
"/Engine/EngineMaterials/Substrate/Glints2/dict_0001_0034" 7397
"../../../Engine/Content/EngineMaterials/Substrate/Glints2/dict_0001_0046.uasset" 7398
"/Engine/EngineMaterials/Substrate/Glints2/dict_0001_0033" 7399
"/Engine/EngineMaterials/Substrate/Glints2/dict_0001_0032" 7400
"/Engine/EngineMaterials/Substrate/Glints2/dict_0001_0031" 7401
"/Engine/EngineMaterials/Substrate/Glints2/dict_0001_0030" 7402
"/Engine/EngineMaterials/Substrate/Glints2/dict_0001_0029" 7403
"/Engine/EngineMaterials/Substrate/Glints2/dict_0001_0028" 7404
"/Engine/EngineMaterials/Substrate/Glints2/dict_0001_0027" 7405
"/Engine/EngineMaterials/Substrate/Glints2/dict_0001_0026" 7406
"/Engine/EngineMaterials/Substrate/Glints2/dict_0001_0025" 7407
"/Engine/EngineMaterials/Substrate/Glints2/dict_0001_0024" 7408
"/Engine/EngineMaterials/Substrate/Glints2/dict_0001_0023" 7409
"../../../Engine/Content/EngineMaterials/Substrate/Glints2/dict_0001_0063.uasset" 7410
"../../../Engine/Content/EngineMaterials/Substrate/Glints2/dict_0001_0055.uasset" 7411
"../../../Engine/Content/EngineMaterials/Substrate/Glints2/dict_0001_0061.uasset" 7412
"../../../Engine/Content/EngineMaterials/Substrate/Glints2/dict_0001_0059.uasset" 7413
"../../../Engine/Content/EngineMaterials/Substrate/Glints2/dict_0001_0062.uasset" 7414
"../../../Engine/Content/EngineMaterials/Substrate/Glints2/dict_0001_0065.uasset" 7415
"../../../Engine/Content/EngineMaterials/Substrate/Glints2/dict_0001_0066.uasset" 7416
"../../../Engine/Content/EngineMaterials/Substrate/Glints2/dict_0001_0058.uasset" 7417
"/Engine/EngineMaterials/Substrate/Glints2/dict_0001_0054" 7418
"../../../Engine/Content/EngineMaterials/Substrate/Glints2/dict_0001_0056.uasset" 7419
"../../../Engine/Content/EngineMaterials/Substrate/Glints2/dict_0001_0060.uasset" 7420
"../../../Engine/Content/EngineMaterials/Substrate/Glints2/dict_0001_0057.uasset" 7421
"../../../Engine/Content/EngineMaterials/Substrate/Glints2/dict_0001_0064.uasset" 7422
"/Engine/EngineMaterials/Substrate/Glints2/dict_0001_0053" 7423
"/Engine/EngineMaterials/Substrate/Glints2/dict_0001_0052" 7424
"/Engine/EngineMaterials/Substrate/Glints2/dict_0001_0051" 7425
"/Engine/EngineMaterials/Substrate/Glints2/dict_0001_0050" 7426
"/Engine/EngineMaterials/Substrate/Glints2/dict_0001_0049" 7427
"/Engine/EngineMaterials/Substrate/Glints2/dict_0001_0048" 7428
"/Engine/EngineMaterials/Substrate/Glints2/dict_0001_0047" 7429
"/Engine/EngineMaterials/Substrate/Glints2/dict_0001_0046" 7430
"/Engine/EngineMaterials/Substrate/Glints2/dict_0001_0045" 7431
"/Engine/EngineMaterials/Substrate/Glints2/dict_0001_0044" 7432
"/Engine/EngineMaterials/Substrate/Glints2/dict_0001_0043" 7433
"/Engine/EngineMaterials/Substrate/Glints2/dict_0001_0042" 7434
"/Engine/EngineMaterials/Substrate/Glints2/dict_0001_0041" 7435
"/Engine/EngineMaterials/Substrate/Glints2/dict_0001_0040" 7436
"/Engine/EngineMaterials/Substrate/Glints2/dict_0001_0039" 7437
"/Engine/EngineMaterials/Substrate/Glints2/dict_0001_0038" 7438
"/Engine/EngineMaterials/Substrate/Glints2/dict_0001_0037" 7439
"/Engine/EngineMaterials/Substrate/Glints2/dict_0001_0036" 7440
"/Engine/EngineMaterials/Substrate/Glints2/dict_0001_0035" 7441
"../../../Engine/Content/EngineMaterials/Substrate/Glints2/dict_0001_0071.uasset" 7442
"../../../Engine/Content/EngineMaterials/Substrate/Glints2/dict_0001_0067.uasset" 7443
"../../../Engine/Content/EngineMaterials/Substrate/Glints2/dict_0001_0073.uasset" 7444
"../../../Engine/Content/EngineMaterials/Substrate/Glints2/dict_0001_0077.uasset" 7445
"../../../Engine/Content/EngineMaterials/Substrate/Glints2/dict_0001_0083.uasset" 7446
"../../../Engine/Content/EngineMaterials/Substrate/Glints2/dict_0001_0084.uasset" 7447
"../../../Engine/Content/EngineMaterials/Substrate/Glints2/dict_0001_0075.uasset" 7448
"/Engine/EngineMaterials/Substrate/Glints2/dict_0001_0066" 7449
"../../../Engine/Content/EngineMaterials/Substrate/Glints2/dict_0001_0070.uasset" 7450
"../../../Engine/Content/EngineMaterials/Substrate/Glints2/dict_0001_0085.uasset" 7451
"../../../Engine/Content/EngineMaterials/Substrate/Glints2/dict_0001_0074.uasset" 7452
"../../../Engine/Content/EngineMaterials/Substrate/Glints2/dict_0001_0068.uasset" 7453
"../../../Engine/Content/EngineMaterials/Substrate/Glints2/dict_0001_0086.uasset" 7454
"../../../Engine/Content/EngineMaterials/Substrate/Glints2/dict_0001_0076.uasset" 7455
"../../../Engine/Content/EngineMaterials/Substrate/Glints2/dict_0001_0072.uasset" 7456
"../../../Engine/Content/EngineMaterials/Substrate/Glints2/dict_0001_0081.uasset" 7457
"../../../Engine/Content/EngineMaterials/Substrate/Glints2/dict_0001_0078.uasset" 7458
"../../../Engine/Content/EngineMaterials/Substrate/Glints2/dict_0001_0080.uasset" 7459
"../../../Engine/Content/EngineMaterials/Substrate/Glints2/dict_0001_0082.uasset" 7460
"../../../Engine/Content/EngineMaterials/Substrate/Glints2/dict_0001_0079.uasset" 7461
"../../../Engine/Content/EngineMaterials/Substrate/Glints2/dict_0001_0069.uasset" 7462
"/Engine/EngineMaterials/Substrate/Glints2/dict_0001_0065" 7463
"/Engine/EngineMaterials/Substrate/Glints2/dict_0001_0064" 7464
"/Engine/EngineMaterials/Substrate/Glints2/dict_0001_0063" 7465
"/Engine/EngineMaterials/Substrate/Glints2/dict_0001_0062" 7466
"/Engine/EngineMaterials/Substrate/Glints2/dict_0001_0061" 7467
"/Engine/EngineMaterials/Substrate/Glints2/dict_0001_0060" 7468
"/Engine/EngineMaterials/Substrate/Glints2/dict_0001_0059" 7469
"/Engine/EngineMaterials/Substrate/Glints2/dict_0001_0058" 7470
"/Engine/EngineMaterials/Substrate/Glints2/dict_0001_0057" 7471
"/Engine/EngineMaterials/Substrate/Glints2/dict_0001_0056" 7472
"/Engine/EngineMaterials/Substrate/Glints2/dict_0001_0055" 7473
"../../../Engine/Content/EngineMaterials/Substrate/Glints2/dict_0001_0088.uasset" 7474
"../../../Engine/Content/EngineMaterials/Substrate/Glints2/dict_0001_0089.uasset" 7475
"../../../Engine/Content/EngineMaterials/Substrate/Glints2/dict_0001_0091.uasset" 7476
"../../../Engine/Content/EngineMaterials/Substrate/Glints2/dict_0001_0087.uasset" 7477
"../../../Engine/Content/EngineMaterials/Substrate/Glints2/dict_0001_0090.uasset" 7478
"../../../Engine/Content/EngineMaterials/Substrate/Glints2/dict_0001_0093.uasset" 7479
"/Engine/EngineMaterials/Substrate/Glints2/dict_0001_0086" 7480
"../../../Engine/Content/EngineMaterials/Substrate/Glints2/dict_0001_0092.uasset" 7481
"../../../Engine/Content/EngineMaterials/Substrate/Glints2/dict_0001_0097.uasset" 7482
"../../../Engine/Content/EngineMaterials/Substrate/Glints2/dict_0001_0096.uasset" 7483
"../../../Engine/Content/EngineMaterials/Substrate/Glints2/dict_0001_0098.uasset" 7484
"../../../Engine/Content/EngineMaterials/Substrate/Glints2/dict_0001_0094.uasset" 7485
"../../../Engine/Content/EngineMaterials/Substrate/Glints2/dict_0001_0095.uasset" 7486
"/Engine/EngineMaterials/Substrate/Glints2/dict_0001_0085" 7487
"/Engine/EngineMaterials/Substrate/Glints2/dict_0001_0084" 7488
"/Engine/EngineMaterials/Substrate/Glints2/dict_0001_0083" 7489
"/Engine/EngineMaterials/Substrate/Glints2/dict_0001_0082" 7490
"/Engine/EngineMaterials/Substrate/Glints2/dict_0001_0081" 7491
"/Engine/EngineMaterials/Substrate/Glints2/dict_0001_0080" 7492
"/Engine/EngineMaterials/Substrate/Glints2/dict_0001_0079" 7493
"/Engine/EngineMaterials/Substrate/Glints2/dict_0001_0078" 7494
"/Engine/EngineMaterials/Substrate/Glints2/dict_0001_0077" 7495
"/Engine/EngineMaterials/Substrate/Glints2/dict_0001_0076" 7496
"/Engine/EngineMaterials/Substrate/Glints2/dict_0001_0075" 7497
"/Engine/EngineMaterials/Substrate/Glints2/dict_0001_0074" 7498
"/Engine/EngineMaterials/Substrate/Glints2/dict_0001_0073" 7499
"/Engine/EngineMaterials/Substrate/Glints2/dict_0001_0072" 7500
"/Engine/EngineMaterials/Substrate/Glints2/dict_0001_0071" 7501
"/Engine/EngineMaterials/Substrate/Glints2/dict_0001_0070" 7502
"/Engine/EngineMaterials/Substrate/Glints2/dict_0001_0069" 7503
"/Engine/EngineMaterials/Substrate/Glints2/dict_0001_0068" 7504
"/Engine/EngineMaterials/Substrate/Glints2/dict_0001_0067" 7505
"../../../Engine/Content/EngineMaterials/Substrate/Glints2/dict_0001_0099.uasset" 7506
"../../../Engine/Content/EngineMaterials/Substrate/Glints2/dict_0001_0107.uasset" 7507
"../../../Engine/Content/EngineMaterials/Substrate/Glints2/dict_0001_0104.uasset" 7508
"../../../Engine/Content/EngineMaterials/Substrate/Glints2/dict_0001_0114.uasset" 7509
"../../../Engine/Content/EngineMaterials/Substrate/Glints2/dict_0001_0102.uasset" 7510
"../../../Engine/Content/EngineMaterials/Substrate/Glints2/dict_0001_0111.uasset" 7511
"../../../Engine/Content/EngineMaterials/Substrate/Glints2/dict_0001_0101.uasset" 7512
"../../../Engine/Content/EngineMaterials/Substrate/Glints2/dict_0001_0116.uasset" 7513
"../../../Engine/Content/EngineMaterials/Substrate/Glints2/dict_0001_0117.uasset" 7514
"../../../Engine/Content/EngineMaterials/Substrate/Glints2/dict_0001_0100.uasset" 7515
"../../../Engine/Content/EngineMaterials/Substrate/Glints2/dict_0001_0106.uasset" 7516
"../../../Engine/Content/EngineMaterials/Substrate/Glints2/dict_0001_0115.uasset" 7517
"../../../Engine/Content/EngineMaterials/Substrate/Glints2/dict_0001_0109.uasset" 7518
"../../../Engine/Content/EngineMaterials/Substrate/Glints2/dict_0001_0118.uasset" 7519
"../../../Engine/Content/EngineMaterials/Substrate/Glints2/dict_0001_0112.uasset" 7520
"../../../Engine/Content/EngineMaterials/Substrate/Glints2/dict_0001_0113.uasset" 7521
"../../../Engine/Content/EngineMaterials/Substrate/Glints2/dict_0001_0103.uasset" 7522
"../../../Engine/Content/EngineMaterials/Substrate/Glints2/dict_0001_0108.uasset" 7523
"../../../Engine/Content/EngineMaterials/Substrate/Glints2/dict_0001_0110.uasset" 7524
"/Engine/EngineMaterials/Substrate/Glints2/dict_0001_0098" 7525
"../../../Engine/Content/EngineMaterials/Substrate/Glints2/dict_0001_0105.uasset" 7526
"/Engine/EngineMaterials/Substrate/Glints2/dict_0001_0097" 7527
"/Engine/EngineMaterials/Substrate/Glints2/dict_0001_0096" 7528
"/Engine/EngineMaterials/Substrate/Glints2/dict_0001_0095" 7529
"/Engine/EngineMaterials/Substrate/Glints2/dict_0001_0094" 7530
"/Engine/EngineMaterials/Substrate/Glints2/dict_0001_0093" 7531
"/Engine/EngineMaterials/Substrate/Glints2/dict_0001_0092" 7532
"/Engine/EngineMaterials/Substrate/Glints2/dict_0001_0091" 7533
"/Engine/EngineMaterials/Substrate/Glints2/dict_0001_0090" 7534
"/Engine/EngineMaterials/Substrate/Glints2/dict_0001_0089" 7535
"/Engine/EngineMaterials/Substrate/Glints2/dict_0001_0088" 7536
"/Engine/EngineMaterials/Substrate/Glints2/dict_0001_0087" 7537
"../../../Engine/Content/EngineMaterials/Substrate/Glints2/dict_0001_0120.uasset" 7538
"../../../Engine/Content/EngineMaterials/Substrate/Glints2/dict_0001_0119.uasset" 7539
"../../../Engine/Content/EngineMaterials/Substrate/Glints2/dict_0001_0130.uasset" 7540
"../../../Engine/Content/EngineMaterials/Substrate/Glints2/dict_0001_0124.uasset" 7541
"/Engine/EngineMaterials/Substrate/Glints2/dict_0001_0118" 7542
"../../../Engine/Content/EngineMaterials/Substrate/Glints2/dict_0001_0126.uasset" 7543
"../../../Engine/Content/EngineMaterials/Substrate/Glints2/dict_0001_0122.uasset" 7544
"../../../Engine/Content/EngineMaterials/Substrate/Glints2/dict_0001_0123.uasset" 7545
"../../../Engine/Content/EngineMaterials/Substrate/Glints2/dict_0001_0121.uasset" 7546
"../../../Engine/Content/EngineMaterials/Substrate/Glints2/dict_0001_0127.uasset" 7547
"../../../Engine/Content/EngineMaterials/Substrate/Glints2/dict_0001_0129.uasset" 7548
"../../../Engine/Content/EngineMaterials/Substrate/Glints2/dict_0001_0128.uasset" 7549
"../../../Engine/Content/EngineMaterials/Substrate/Glints2/dict_0001_0125.uasset" 7550
"/Engine/EngineMaterials/Substrate/Glints2/dict_0001_0117" 7551
"/Engine/EngineMaterials/Substrate/Glints2/dict_0001_0116" 7552
"/Engine/EngineMaterials/Substrate/Glints2/dict_0001_0115" 7553
"/Engine/EngineMaterials/Substrate/Glints2/dict_0001_0114" 7554
"/Engine/EngineMaterials/Substrate/Glints2/dict_0001_0113" 7555
"/Engine/EngineMaterials/Substrate/Glints2/dict_0001_0112" 7556
"/Engine/EngineMaterials/Substrate/Glints2/dict_0001_0111" 7557
"/Engine/EngineMaterials/Substrate/Glints2/dict_0001_0110" 7558
"/Engine/EngineMaterials/Substrate/Glints2/dict_0001_0109" 7559
"/Engine/EngineMaterials/Substrate/Glints2/dict_0001_0108" 7560
"/Engine/EngineMaterials/Substrate/Glints2/dict_0001_0107" 7561
"/Engine/EngineMaterials/Substrate/Glints2/dict_0001_0106" 7562
"/Engine/EngineMaterials/Substrate/Glints2/dict_0001_0105" 7563
"/Engine/EngineMaterials/Substrate/Glints2/dict_0001_0104" 7564
"/Engine/EngineMaterials/Substrate/Glints2/dict_0001_0103" 7565
"/Engine/EngineMaterials/Substrate/Glints2/dict_0001_0102" 7566
"/Engine/EngineMaterials/Substrate/Glints2/dict_0001_0101" 7567
"/Engine/EngineMaterials/Substrate/Glints2/dict_0001_0100" 7568
"/Engine/EngineMaterials/Substrate/Glints2/dict_0001_0099" 7569
"../../../Engine/Content/EngineMaterials/Substrate/Glints2/dict_0001_0134.uasset" 7570
"../../../Engine/Content/EngineMaterials/Substrate/Glints2/dict_0001_0133.uasset" 7571
"../../../Engine/Content/EngineMaterials/Substrate/Glints2/dict_0001_0138.uasset" 7572
"../../../Engine/Content/EngineMaterials/Substrate/Glints2/dict_0001_0145.uasset" 7573
"/Engine/EngineMaterials/Substrate/Glints2/dict_0001_0130" 7574
"../../../Engine/Content/EngineMaterials/Substrate/Glints2/dict_0001_0147.uasset" 7575
"../../../Engine/Content/EngineMaterials/Substrate/Glints2/dict_0001_0139.uasset" 7576
"../../../Engine/Content/EngineMaterials/Substrate/Glints2/dict_0001_0148.uasset" 7577
"../../../Engine/Content/EngineMaterials/Substrate/Glints2/dict_0001_0149.uasset" 7578
"../../../Engine/Content/EngineMaterials/Substrate/Glints2/dict_0001_0132.uasset" 7579
"../../../Engine/Content/EngineMaterials/Substrate/Glints2/dict_0001_0135.uasset" 7580
"../../../Engine/Content/EngineMaterials/Substrate/Glints2/dict_0001_0131.uasset" 7581
"../../../Engine/Content/EngineMaterials/Substrate/Glints2/dict_0001_0150.uasset" 7582
"../../../Engine/Content/EngineMaterials/Substrate/Glints2/dict_0001_0140.uasset" 7583
"../../../Engine/Content/EngineMaterials/Substrate/Glints2/dict_0001_0141.uasset" 7584
"../../../Engine/Content/EngineMaterials/Substrate/Glints2/dict_0001_0136.uasset" 7585
"../../../Engine/Content/EngineMaterials/Substrate/Glints2/dict_0001_0143.uasset" 7586
"../../../Engine/Content/EngineMaterials/Substrate/Glints2/dict_0001_0144.uasset" 7587
"../../../Engine/Content/EngineMaterials/Substrate/Glints2/dict_0001_0137.uasset" 7588
"/Engine/EngineMaterials/Substrate/Glints2/dict_0001_0129" 7589
"../../../Engine/Content/EngineMaterials/Substrate/Glints2/dict_0001_0142.uasset" 7590
"../../../Engine/Content/EngineMaterials/Substrate/Glints2/dict_0001_0146.uasset" 7591
"/Engine/EngineMaterials/Substrate/Glints2/dict_0001_0128" 7592
"/Engine/EngineMaterials/Substrate/Glints2/dict_0001_0127" 7593
"/Engine/EngineMaterials/Substrate/Glints2/dict_0001_0126" 7594
"/Engine/EngineMaterials/Substrate/Glints2/dict_0001_0125" 7595
"/Engine/EngineMaterials/Substrate/Glints2/dict_0001_0124" 7596
"/Engine/EngineMaterials/Substrate/Glints2/dict_0001_0123" 7597
"/Engine/EngineMaterials/Substrate/Glints2/dict_0001_0122" 7598
"/Engine/EngineMaterials/Substrate/Glints2/dict_0001_0121" 7599
"/Engine/EngineMaterials/Substrate/Glints2/dict_0001_0120" 7600
"/Engine/EngineMaterials/Substrate/Glints2/dict_0001_0119" 7601
"../../../Engine/Content/EngineMaterials/Substrate/Glints2/dict_0001_0151.uasset" 7602
"../../../Engine/Content/EngineMaterials/Substrate/Glints2/dict_0001_0153.uasset" 7603
"../../../Engine/Content/EngineMaterials/Substrate/Glints2/dict_0001_0152.uasset" 7604
"../../../Engine/Content/EngineMaterials/Substrate/Glints2/dict_0001_0154.uasset" 7605
"../../../Engine/Content/EngineMaterials/Substrate/Glints2/dict_0001_0158.uasset" 7606
"/Engine/EngineMaterials/Substrate/Glints2/dict_0001_0150" 7607
"../../../Engine/Content/EngineMaterials/Substrate/Glints2/dict_0001_0161.uasset" 7608
"../../../Engine/Content/EngineMaterials/Substrate/Glints2/dict_0001_0162.uasset" 7609
"../../../Engine/Content/EngineMaterials/Substrate/Glints2/dict_0001_0155.uasset" 7610
"../../../Engine/Content/EngineMaterials/Substrate/Glints2/dict_0001_0156.uasset" 7611
"../../../Engine/Content/EngineMaterials/Substrate/Glints2/dict_0001_0159.uasset" 7612
"../../../Engine/Content/EngineMaterials/Substrate/Glints2/dict_0001_0160.uasset" 7613
"../../../Engine/Content/EngineMaterials/Substrate/Glints2/dict_0001_0157.uasset" 7614
"/Engine/EngineMaterials/Substrate/Glints2/dict_0001_0149" 7615
"/Engine/EngineMaterials/Substrate/Glints2/dict_0001_0148" 7616
"/Engine/EngineMaterials/Substrate/Glints2/dict_0001_0147" 7617
"/Engine/EngineMaterials/Substrate/Glints2/dict_0001_0146" 7618
"/Engine/EngineMaterials/Substrate/Glints2/dict_0001_0145" 7619
"/Engine/EngineMaterials/Substrate/Glints2/dict_0001_0144" 7620
"/Engine/EngineMaterials/Substrate/Glints2/dict_0001_0143" 7621
"/Engine/EngineMaterials/Substrate/Glints2/dict_0001_0142" 7622
"/Engine/EngineMaterials/Substrate/Glints2/dict_0001_0141" 7623
"/Engine/EngineMaterials/Substrate/Glints2/dict_0001_0140" 7624
"/Engine/EngineMaterials/Substrate/Glints2/dict_0001_0139" 7625
"/Engine/EngineMaterials/Substrate/Glints2/dict_0001_0138" 7626
"/Engine/EngineMaterials/Substrate/Glints2/dict_0001_0137" 7627
"/Engine/EngineMaterials/Substrate/Glints2/dict_0001_0136" 7628
"/Engine/EngineMaterials/Substrate/Glints2/dict_0001_0135" 7629
"/Engine/EngineMaterials/Substrate/Glints2/dict_0001_0134" 7630
"/Engine/EngineMaterials/Substrate/Glints2/dict_0001_0133" 7631
"/Engine/EngineMaterials/Substrate/Glints2/dict_0001_0132" 7632
"/Engine/EngineMaterials/Substrate/Glints2/dict_0001_0131" 7633
"../../../Engine/Content/EngineMaterials/Substrate/Glints2/dict_0001_0163.uasset" 7634
"../../../Engine/Content/EngineMaterials/Substrate/Glints2/dict_0001_0171.uasset" 7635
"../../../Engine/Content/EngineMaterials/Substrate/Glints2/dict_0001_0176.uasset" 7636
"../../../Engine/Content/EngineMaterials/Substrate/Glints2/dict_0001_0177.uasset" 7637
"../../../Engine/Content/EngineMaterials/Substrate/Glints2/dict_0001_0164.uasset" 7638
"../../../Engine/Content/EngineMaterials/Substrate/Glints2/dict_0001_0179.uasset" 7639
"../../../Engine/Content/EngineMaterials/Substrate/Glints2/dict_0001_0180.uasset" 7640
"../../../Engine/Content/EngineMaterials/Substrate/Glints2/dict_0001_0174.uasset" 7641
"../../../Engine/Content/EngineMaterials/Substrate/Glints2/dict_0001_0170.uasset" 7642
"../../../Engine/Content/EngineMaterials/Substrate/Glints2/dict_0001_0167.uasset" 7643
"../../../Engine/Content/EngineMaterials/Substrate/Glints2/dict_0001_0181.uasset" 7644
"../../../Engine/Content/EngineMaterials/Substrate/Glints2/dict_0001_0168.uasset" 7645
"../../../Engine/Content/EngineMaterials/Substrate/Glints2/dict_0001_0182.uasset" 7646
"../../../Engine/Content/EngineMaterials/Substrate/Glints2/dict_0001_0173.uasset" 7647
"../../../Engine/Content/EngineMaterials/Substrate/Glints2/dict_0001_0166.uasset" 7648
"../../../Engine/Content/EngineMaterials/Substrate/Glints2/dict_0001_0172.uasset" 7649
"../../../Engine/Content/EngineMaterials/Substrate/Glints2/dict_0001_0175.uasset" 7650
"../../../Engine/Content/EngineMaterials/Substrate/Glints2/dict_0001_0169.uasset" 7651
"../../../Engine/Content/EngineMaterials/Substrate/Glints2/dict_0001_0178.uasset" 7652
"/Engine/EngineMaterials/Substrate/Glints2/dict_0001_0162" 7653
"../../../Engine/Content/EngineMaterials/Substrate/Glints2/dict_0001_0165.uasset" 7654
"/Engine/EngineMaterials/Substrate/Glints2/dict_0001_0161" 7655
"/Engine/EngineMaterials/Substrate/Glints2/dict_0001_0160" 7656
"/Engine/EngineMaterials/Substrate/Glints2/dict_0001_0159" 7657
"/Engine/EngineMaterials/Substrate/Glints2/dict_0001_0158" 7658
"/Engine/EngineMaterials/Substrate/Glints2/dict_0001_0157" 7659
"/Engine/EngineMaterials/Substrate/Glints2/dict_0001_0156" 7660
"/Engine/EngineMaterials/Substrate/Glints2/dict_0001_0155" 7661
"/Engine/EngineMaterials/Substrate/Glints2/dict_0001_0154" 7662
"/Engine/EngineMaterials/Substrate/Glints2/dict_0001_0153" 7663
"/Engine/EngineMaterials/Substrate/Glints2/dict_0001_0152" 7664
"/Engine/EngineMaterials/Substrate/Glints2/dict_0001_0151" 7665
"../../../Engine/Content/EngineMaterials/Substrate/Glints2/dict_0001_0187.uasset" 7666
"../../../Engine/Content/EngineMaterials/Substrate/Glints2/dict_0001_0192.uasset" 7667
"../../../Engine/Content/EngineMaterials/Substrate/Glints2/dict_0001_0191.uasset" 7668
"../../../Engine/Content/EngineMaterials/Substrate/Glints2/dict_0001_0194.uasset" 7669
"../../../Engine/Content/EngineMaterials/Substrate/Glints2/dict_0001_0186.uasset" 7670
"../../../Engine/Content/EngineMaterials/Substrate/Glints2/dict_0001_0188.uasset" 7671
"../../../Engine/Content/EngineMaterials/Substrate/Glints2/dict_0001_0193.uasset" 7672
"../../../Engine/Content/EngineMaterials/Substrate/Glints2/dict_0001_0183.uasset" 7673
"../../../Engine/Content/EngineMaterials/Substrate/Glints2/dict_0001_0184.uasset" 7674
"../../../Engine/Content/EngineMaterials/Substrate/Glints2/dict_0001_0189.uasset" 7675
"../../../Engine/Content/EngineMaterials/Substrate/Glints2/dict_0001_0190.uasset" 7676
"/Engine/EngineMaterials/Substrate/Glints2/dict_0001_0182" 7677
"../../../Engine/Content/EngineMaterials/Substrate/Glints2/dict_0001_0185.uasset" 7678
"/Engine/EngineMaterials/Substrate/Glints2/dict_0001_0181" 7679
"/Engine/EngineMaterials/Substrate/Glints2/dict_0001_0180" 7680
"/Engine/EngineMaterials/Substrate/Glints2/dict_0001_0179" 7681
"/Engine/EngineMaterials/Substrate/Glints2/dict_0001_0178" 7682
"/Engine/EngineMaterials/Substrate/Glints2/dict_0001_0177" 7683
"/Engine/EngineMaterials/Substrate/Glints2/dict_0001_0176" 7684
"/Engine/EngineMaterials/Substrate/Glints2/dict_0001_0175" 7685
"/Engine/EngineMaterials/Substrate/Glints2/dict_0001_0174" 7686
"/Engine/EngineMaterials/Substrate/Glints2/dict_0001_0173" 7687
"/Engine/EngineMaterials/Substrate/Glints2/dict_0001_0172" 7688
"/Engine/EngineMaterials/Substrate/Glints2/dict_0001_0171" 7689
"/Engine/EngineMaterials/Substrate/Glints2/dict_0001_0170" 7690
"/Engine/EngineMaterials/Substrate/Glints2/dict_0001_0169" 7691
"/Engine/EngineMaterials/Substrate/Glints2/dict_0001_0168" 7692
"/Engine/EngineMaterials/Substrate/Glints2/dict_0001_0167" 7693
"/Engine/EngineMaterials/Substrate/Glints2/dict_0001_0166" 7694
"/Engine/EngineMaterials/Substrate/Glints2/dict_0001_0165" 7695
"/Engine/EngineMaterials/Substrate/Glints2/dict_0001_0164" 7696
"/Engine/EngineMaterials/Substrate/Glints2/dict_0001_0163" 7697
"../../../Engine/Content/EngineMaterials/Substrate/Glints2/dict_0001_0197.uasset" 7698
"../../../Engine/Content/EngineMaterials/Substrate/Glints2/dict_0001_0198.uasset" 7699
"../../../Engine/Content/EngineMaterials/Substrate/Glints2/dict_0001_0205.uasset" 7700
"../../../Engine/Content/EngineMaterials/Substrate/Glints2/dict_0001_0208.uasset" 7701
"../../../Engine/Content/EngineMaterials/Substrate/Glints2/dict_0001_0207.uasset" 7702
"../../../Engine/Content/EngineMaterials/Substrate/Glints2/dict_0001_0199.uasset" 7703
"../../../Engine/Content/EngineMaterials/Substrate/Glints2/dict_0001_0204.uasset" 7704
"/Engine/EngineMaterials/Substrate/Glints2/dict_0001_0194" 7705
"../../../Engine/Content/EngineMaterials/Substrate/Glints2/dict_0001_0211.uasset" 7706
"../../../Engine/Content/EngineMaterials/Substrate/Glints2/dict_0001_0195.uasset" 7707
"../../../Engine/Content/EngineMaterials/Substrate/Glints2/dict_0001_0201.uasset" 7708
"../../../Engine/Content/EngineMaterials/Substrate/Glints2/dict_0001_0200.uasset" 7709
"../../../Engine/Content/EngineMaterials/Substrate/Glints2/dict_0001_0213.uasset" 7710
"../../../Engine/Content/EngineMaterials/Substrate/Glints2/dict_0001_0202.uasset" 7711
"../../../Engine/Content/EngineMaterials/Substrate/Glints2/dict_0001_0206.uasset" 7712
"../../../Engine/Content/EngineMaterials/Substrate/Glints2/dict_0001_0214.uasset" 7713
"../../../Engine/Content/EngineMaterials/Substrate/Glints2/dict_0001_0196.uasset" 7714
"../../../Engine/Content/EngineMaterials/Substrate/Glints2/dict_0001_0212.uasset" 7715
"../../../Engine/Content/EngineMaterials/Substrate/Glints2/dict_0001_0203.uasset" 7716
"../../../Engine/Content/EngineMaterials/Substrate/Glints2/dict_0001_0209.uasset" 7717
"../../../Engine/Content/EngineMaterials/Substrate/Glints2/dict_0001_0210.uasset" 7718
"/Engine/EngineMaterials/Substrate/Glints2/dict_0001_0193" 7719
"/Engine/EngineMaterials/Substrate/Glints2/dict_0001_0192" 7720
"/Engine/EngineMaterials/Substrate/Glints2/dict_0001_0191" 7721
"/Engine/EngineMaterials/Substrate/Glints2/dict_0001_0190" 7722
"/Engine/EngineMaterials/Substrate/Glints2/dict_0001_0189" 7723
"/Engine/EngineMaterials/Substrate/Glints2/dict_0001_0188" 7724
"/Engine/EngineMaterials/Substrate/Glints2/dict_0001_0187" 7725
"/Engine/EngineMaterials/Substrate/Glints2/dict_0001_0186" 7726
"/Engine/EngineMaterials/Substrate/Glints2/dict_0001_0185" 7727
"/Engine/EngineMaterials/Substrate/Glints2/dict_0001_0184" 7728
"/Engine/EngineMaterials/Substrate/Glints2/dict_0001_0183" 7729
"../../../Engine/Content/EngineMaterials/Substrate/Glints2/dict_0001_0215.uasset" 7730
"../../../Engine/Content/EngineMaterials/Substrate/Glints2/dict_0001_0216.uasset" 7731
"../../../Engine/Content/EngineMaterials/Substrate/Glints2/dict_0001_0218.uasset" 7732
"../../../Engine/Content/EngineMaterials/Substrate/Glints2/dict_0001_0217.uasset" 7733
"../../../Engine/Content/EngineMaterials/Substrate/Glints2/dict_0001_0222.uasset" 7734
"../../../Engine/Content/EngineMaterials/Substrate/Glints2/dict_0001_0220.uasset" 7735
"../../../Engine/Content/EngineMaterials/Substrate/Glints2/dict_0001_0224.uasset" 7736
"/Engine/EngineMaterials/Substrate/Glints2/dict_0001_0214" 7737
"../../../Engine/Content/EngineMaterials/Substrate/Glints2/dict_0001_0223.uasset" 7738
"../../../Engine/Content/EngineMaterials/Substrate/Glints2/dict_0001_0226.uasset" 7739
"../../../Engine/Content/EngineMaterials/Substrate/Glints2/dict_0001_0221.uasset" 7740
"../../../Engine/Content/EngineMaterials/Substrate/Glints2/dict_0001_0225.uasset" 7741
"../../../Engine/Content/EngineMaterials/Substrate/Glints2/dict_0001_0219.uasset" 7742
"/Engine/EngineMaterials/Substrate/Glints2/dict_0001_0213" 7743
"/Engine/EngineMaterials/Substrate/Glints2/dict_0001_0212" 7744
"/Engine/EngineMaterials/Substrate/Glints2/dict_0001_0211" 7745
"/Engine/EngineMaterials/Substrate/Glints2/dict_0001_0210" 7746
"/Engine/EngineMaterials/Substrate/Glints2/dict_0001_0209" 7747
"/Engine/EngineMaterials/Substrate/Glints2/dict_0001_0208" 7748
"/Engine/EngineMaterials/Substrate/Glints2/dict_0001_0207" 7749
"/Engine/EngineMaterials/Substrate/Glints2/dict_0001_0206" 7750
"/Engine/EngineMaterials/Substrate/Glints2/dict_0001_0205" 7751
"/Engine/EngineMaterials/Substrate/Glints2/dict_0001_0204" 7752
"/Engine/EngineMaterials/Substrate/Glints2/dict_0001_0203" 7753
"/Engine/EngineMaterials/Substrate/Glints2/dict_0001_0202" 7754
"/Engine/EngineMaterials/Substrate/Glints2/dict_0001_0201" 7755
"/Engine/EngineMaterials/Substrate/Glints2/dict_0001_0200" 7756
"/Engine/EngineMaterials/Substrate/Glints2/dict_0001_0199" 7757
"/Engine/EngineMaterials/Substrate/Glints2/dict_0001_0198" 7758
"/Engine/EngineMaterials/Substrate/Glints2/dict_0001_0197" 7759
"/Engine/EngineMaterials/Substrate/Glints2/dict_0001_0215" 7760
"/Engine/EngineMaterials/Substrate/Glints2/dict_0001_0196" 7761
"/Engine/EngineMaterials/Substrate/Glints2/dict_0001_0195" 7762
"../../../Engine/Content/EngineMaterials/Substrate/Glints2/dict_0001_0227.uasset" 7763
"../../../Engine/Content/EngineMaterials/Substrate/Glints2/dict_0001_0230.uasset" 7764
"../../../Engine/Content/EngineMaterials/Substrate/Glints2/dict_0001_0232.uasset" 7765
"../../../Engine/Content/EngineMaterials/Substrate/Glints2/dict_0001_0237.uasset" 7766
"../../../Engine/Content/EngineMaterials/Substrate/Glints2/dict_0001_0240.uasset" 7767
"../../../Engine/Content/EngineMaterials/Substrate/Glints2/dict_0001_0239.uasset" 7768
"../../../Engine/Content/EngineMaterials/Substrate/Glints2/dict_0001_0229.uasset" 7769
"/Engine/EngineMaterials/Substrate/Glints2/dict_0001_0226" 7770
"../../../Engine/Content/EngineMaterials/Substrate/Glints2/dict_0001_0241.uasset" 7771
"../../../Engine/Content/EngineMaterials/Substrate/Glints2/dict_0001_0235.uasset" 7772
"../../../Engine/Content/EngineMaterials/Substrate/Glints2/dict_0001_0231.uasset" 7773
"../../../Engine/Content/EngineMaterials/Substrate/Glints2/dict_0001_0228.uasset" 7774
"../../../Engine/Content/EngineMaterials/Substrate/Glints2/dict_0001_0245.uasset" 7775
"../../../Engine/Content/EngineMaterials/Substrate/Glints2/dict_0001_0246.uasset" 7776
"../../../Engine/Content/EngineMaterials/Substrate/Glints2/dict_0001_0238.uasset" 7777
"../../../Engine/Content/EngineMaterials/Substrate/Glints2/dict_0001_0233.uasset" 7778
"../../../Engine/Content/EngineMaterials/Substrate/Glints2/dict_0001_0242.uasset" 7779
"../../../Engine/Content/EngineMaterials/Substrate/Glints2/dict_0001_0243.uasset" 7780
"../../../Engine/Content/EngineMaterials/Substrate/Glints2/dict_0001_0244.uasset" 7781
"../../../Engine/Content/EngineMaterials/Substrate/Glints2/dict_0001_0234.uasset" 7782
"../../../Engine/Content/EngineMaterials/Substrate/Glints2/dict_0001_0247.uasset" 7783
"../../../Engine/Content/EngineMaterials/Substrate/Glints2/dict_0001_0236.uasset" 7784
"/Engine/EngineMaterials/Substrate/Glints2/dict_0001_0225" 7785
"/Engine/EngineMaterials/Substrate/Glints2/dict_0001_0224" 7786
"/Engine/EngineMaterials/Substrate/Glints2/dict_0001_0223" 7787
"/Engine/EngineMaterials/Substrate/Glints2/dict_0001_0222" 7788
"/Engine/EngineMaterials/Substrate/Glints2/dict_0001_0221" 7789
"/Engine/EngineMaterials/Substrate/Glints2/dict_0001_0220" 7790
"/Engine/EngineMaterials/Substrate/Glints2/dict_0001_0219" 7791
"/Engine/EngineMaterials/Substrate/Glints2/dict_0001_0218" 7792
"/Engine/EngineMaterials/Substrate/Glints2/dict_0001_0217" 7793
"/Engine/EngineMaterials/Substrate/Glints2/dict_0001_0216" 7794
"../../../Engine/Content/EngineMaterials/Substrate/Glints2/dict_0001_0248.uasset" 7795
"../../../Engine/Content/EngineMaterials/Substrate/Glints2/dict_0001_0249.uasset" 7796
"../../../Engine/Content/EngineMaterials/Substrate/Glints2/dict_0001_0253.uasset" 7797
"../../../Engine/Content/EngineMaterials/Substrate/Glints2/dict_0002_0002.uasset" 7798
"../../../Engine/Content/EngineMaterials/Substrate/Glints2/dict_0001_0254.uasset" 7799
"../../../Engine/Content/EngineMaterials/Substrate/Glints2/dict_0001_0250.uasset" 7800
"../../../Engine/Content/EngineMaterials/Substrate/Glints2/dict_0002_0000.uasset" 7801
"../../../Engine/Content/EngineMaterials/Substrate/Glints2/dict_0002_0001.uasset" 7802
"/Engine/EngineMaterials/Substrate/Glints2/dict_0001_0247" 7803
"../../../Engine/Content/EngineMaterials/Substrate/Glints2/dict_0001_0251.uasset" 7804
"../../../Engine/Content/EngineMaterials/Substrate/Glints2/dict_0001_0255.uasset" 7805
"../../../Engine/Content/EngineMaterials/Substrate/Glints2/dict_0001_0252.uasset" 7806
"/Engine/EngineMaterials/Substrate/Glints2/dict_0001_0246" 7807
"/Engine/EngineMaterials/Substrate/Glints2/dict_0001_0245" 7808
"/Engine/EngineMaterials/Substrate/Glints2/dict_0001_0244" 7809
"/Engine/EngineMaterials/Substrate/Glints2/dict_0001_0243" 7810
"/Engine/EngineMaterials/Substrate/Glints2/dict_0001_0242" 7811
"/Engine/EngineMaterials/Substrate/Glints2/dict_0001_0241" 7812
"/Engine/EngineMaterials/Substrate/Glints2/dict_0001_0240" 7813
"/Engine/EngineMaterials/Substrate/Glints2/dict_0001_0239" 7814
"/Engine/EngineMaterials/Substrate/Glints2/dict_0001_0238" 7815
"/Engine/EngineMaterials/Substrate/Glints2/dict_0001_0237" 7816
"/Engine/EngineMaterials/Substrate/Glints2/dict_0001_0236" 7817
"/Engine/EngineMaterials/Substrate/Glints2/dict_0001_0235" 7818
"/Engine/EngineMaterials/Substrate/Glints2/dict_0001_0234" 7819
"/Engine/EngineMaterials/Substrate/Glints2/dict_0001_0233" 7820
"/Engine/EngineMaterials/Substrate/Glints2/dict_0001_0232" 7821
"/Engine/EngineMaterials/Substrate/Glints2/dict_0001_0231" 7822
"/Engine/EngineMaterials/Substrate/Glints2/dict_0001_0230" 7823
"/Engine/EngineMaterials/Substrate/Glints2/dict_0001_0229" 7824
"/Engine/EngineMaterials/Substrate/Glints2/dict_0001_0228" 7825
"/Engine/EngineMaterials/Substrate/Glints2/dict_0001_0227" 7826
"../../../Engine/Content/EngineMaterials/Substrate/Glints2/dict_0002_0007.uasset" 7827
"../../../Engine/Content/EngineMaterials/Substrate/Glints2/dict_0002_0013.uasset" 7828
"../../../Engine/Content/EngineMaterials/Substrate/Glints2/dict_0002_0010.uasset" 7829
"../../../Engine/Content/EngineMaterials/Substrate/Glints2/dict_0002_0004.uasset" 7830
"/Engine/EngineMaterials/Substrate/Glints2/dict_0002_0002" 7831
"../../../Engine/Content/EngineMaterials/Substrate/Glints2/dict_0002_0008.uasset" 7832
"../../../Engine/Content/EngineMaterials/Substrate/Glints2/dict_0002_0019.uasset" 7833
"../../../Engine/Content/EngineMaterials/Substrate/Glints2/dict_0002_0011.uasset" 7834
"../../../Engine/Content/EngineMaterials/Substrate/Glints2/dict_0002_0016.uasset" 7835
"../../../Engine/Content/EngineMaterials/Substrate/Glints2/dict_0002_0015.uasset" 7836
"../../../Engine/Content/EngineMaterials/Substrate/Glints2/dict_0002_0022.uasset" 7837
"../../../Engine/Content/EngineMaterials/Substrate/Glints2/dict_0002_0017.uasset" 7838
"../../../Engine/Content/EngineMaterials/Substrate/Glints2/dict_0002_0003.uasset" 7839
"../../../Engine/Content/EngineMaterials/Substrate/Glints2/dict_0002_0012.uasset" 7840
"../../../Engine/Content/EngineMaterials/Substrate/Glints2/dict_0002_0023.uasset" 7841
"../../../Engine/Content/EngineMaterials/Substrate/Glints2/dict_0002_0021.uasset" 7842
"../../../Engine/Content/EngineMaterials/Substrate/Glints2/dict_0002_0020.uasset" 7843
"../../../Engine/Content/EngineMaterials/Substrate/Glints2/dict_0002_0014.uasset" 7844
"../../../Engine/Content/EngineMaterials/Substrate/Glints2/dict_0002_0006.uasset" 7845
"../../../Engine/Content/EngineMaterials/Substrate/Glints2/dict_0002_0005.uasset" 7846
"../../../Engine/Content/EngineMaterials/Substrate/Glints2/dict_0002_0009.uasset" 7847
"../../../Engine/Content/EngineMaterials/Substrate/Glints2/dict_0002_0018.uasset" 7848
"/Engine/EngineMaterials/Substrate/Glints2/dict_0002_0001" 7849
"/Engine/EngineMaterials/Substrate/Glints2/dict_0002_0000" 7850
"/Engine/EngineMaterials/Substrate/Glints2/dict_0001_0255" 7851
"/Engine/EngineMaterials/Substrate/Glints2/dict_0001_0254" 7852
"/Engine/EngineMaterials/Substrate/Glints2/dict_0001_0253" 7853
"/Engine/EngineMaterials/Substrate/Glints2/dict_0001_0252" 7854
"/Engine/EngineMaterials/Substrate/Glints2/dict_0001_0251" 7855
"/Engine/EngineMaterials/Substrate/Glints2/dict_0001_0250" 7856
"/Engine/EngineMaterials/Substrate/Glints2/dict_0001_0249" 7857
"/Engine/EngineMaterials/Substrate/Glints2/dict_0001_0248" 7858
"../../../Engine/Content/EngineMaterials/Substrate/Glints2/dict_0002_0026.uasset" 7859
"../../../Engine/Content/EngineMaterials/Substrate/Glints2/dict_0002_0025.uasset" 7860
"../../../Engine/Content/EngineMaterials/Substrate/Glints2/dict_0002_0030.uasset" 7861
"../../../Engine/Content/EngineMaterials/Substrate/Glints2/dict_0002_0033.uasset" 7862
"../../../Engine/Content/EngineMaterials/Substrate/Glints2/dict_0002_0034.uasset" 7863
"../../../Engine/Content/EngineMaterials/Substrate/Glints2/dict_0002_0029.uasset" 7864
"/Engine/EngineMaterials/Substrate/Glints2/dict_0002_0023" 7865
"../../../Engine/Content/EngineMaterials/Substrate/Glints2/dict_0002_0031.uasset" 7866
"../../../Engine/Content/EngineMaterials/Substrate/Glints2/dict_0002_0027.uasset" 7867
"../../../Engine/Content/EngineMaterials/Substrate/Glints2/dict_0002_0032.uasset" 7868
"../../../Engine/Content/EngineMaterials/Substrate/Glints2/dict_0002_0028.uasset" 7869
"../../../Engine/Content/EngineMaterials/Substrate/Glints2/dict_0002_0024.uasset" 7870
"/Engine/EngineMaterials/Substrate/Glints2/dict_0002_0022" 7871
"/Engine/EngineMaterials/Substrate/Glints2/dict_0002_0021" 7872
"/Engine/EngineMaterials/Substrate/Glints2/dict_0002_0020" 7873
"/Engine/EngineMaterials/Substrate/Glints2/dict_0002_0019" 7874
"/Engine/EngineMaterials/Substrate/Glints2/dict_0002_0018" 7875
"/Engine/EngineMaterials/Substrate/Glints2/dict_0002_0017" 7876
"/Engine/EngineMaterials/Substrate/Glints2/dict_0002_0016" 7877
"/Engine/EngineMaterials/Substrate/Glints2/dict_0002_0015" 7878
"/Engine/EngineMaterials/Substrate/Glints2/dict_0002_0014" 7879
"/Engine/EngineMaterials/Substrate/Glints2/dict_0002_0013" 7880
"/Engine/EngineMaterials/Substrate/Glints2/dict_0002_0012" 7881
"/Engine/EngineMaterials/Substrate/Glints2/dict_0002_0011" 7882
"/Engine/EngineMaterials/Substrate/Glints2/dict_0002_0010" 7883
"/Engine/EngineMaterials/Substrate/Glints2/dict_0002_0009" 7884
"/Engine/EngineMaterials/Substrate/Glints2/dict_0002_0008" 7885
"/Engine/EngineMaterials/Substrate/Glints2/dict_0002_0007" 7886
"/Engine/EngineMaterials/Substrate/Glints2/dict_0002_0006" 7887
"/Engine/EngineMaterials/Substrate/Glints2/dict_0002_0005" 7888
"/Engine/EngineMaterials/Substrate/Glints2/dict_0002_0004" 7889
"/Engine/EngineMaterials/Substrate/Glints2/dict_0002_0003" 7890
"../../../Engine/Content/EngineMaterials/Substrate/Glints2/dict_0002_0037.uasset" 7891
"../../../Engine/Content/EngineMaterials/Substrate/Glints2/dict_0002_0036.uasset" 7892
"../../../Engine/Content/EngineMaterials/Substrate/Glints2/dict_0002_0038.uasset" 7893
"../../../Engine/Content/EngineMaterials/Substrate/Glints2/dict_0002_0035.uasset" 7894
"../../../Engine/Content/EngineMaterials/Substrate/Glints2/dict_0002_0046.uasset" 7895
"../../../Engine/Content/EngineMaterials/Substrate/Glints2/dict_0002_0042.uasset" 7896
"../../../Engine/Content/EngineMaterials/Substrate/Glints2/dict_0002_0039.uasset" 7897
"../../../Engine/Content/EngineMaterials/Substrate/Glints2/dict_0002_0049.uasset" 7898
"../../../Engine/Content/EngineMaterials/Substrate/Glints2/dict_0002_0040.uasset" 7899
"../../../Engine/Content/EngineMaterials/Substrate/Glints2/dict_0002_0050.uasset" 7900
"../../../Engine/Content/EngineMaterials/Substrate/Glints2/dict_0002_0053.uasset" 7901
"/Engine/EngineMaterials/Substrate/Glints2/dict_0002_0034" 7902
"../../../Engine/Content/EngineMaterials/Substrate/Glints2/dict_0002_0054.uasset" 7903
"../../../Engine/Content/EngineMaterials/Substrate/Glints2/dict_0002_0043.uasset" 7904
"../../../Engine/Content/EngineMaterials/Substrate/Glints2/dict_0002_0048.uasset" 7905
"../../../Engine/Content/EngineMaterials/Substrate/Glints2/dict_0002_0055.uasset" 7906
"../../../Engine/Content/EngineMaterials/Substrate/Glints2/dict_0002_0045.uasset" 7907
"../../../Engine/Content/EngineMaterials/Substrate/Glints2/dict_0002_0041.uasset" 7908
"../../../Engine/Content/EngineMaterials/Substrate/Glints2/dict_0002_0047.uasset" 7909
"../../../Engine/Content/EngineMaterials/Substrate/Glints2/dict_0002_0052.uasset" 7910
"../../../Engine/Content/EngineMaterials/Substrate/Glints2/dict_0002_0044.uasset" 7911
"../../../Engine/Content/EngineMaterials/Substrate/Glints2/dict_0002_0051.uasset" 7912
"/Engine/EngineMaterials/Substrate/Glints2/dict_0002_0033" 7913
"/Engine/EngineMaterials/Substrate/Glints2/dict_0002_0032" 7914
"/Engine/EngineMaterials/Substrate/Glints2/dict_0002_0031" 7915
"/Engine/EngineMaterials/Substrate/Glints2/dict_0002_0030" 7916
"/Engine/EngineMaterials/Substrate/Glints2/dict_0002_0029" 7917
"/Engine/EngineMaterials/Substrate/Glints2/dict_0002_0028" 7918
"/Engine/EngineMaterials/Substrate/Glints2/dict_0002_0027" 7919
"/Engine/EngineMaterials/Substrate/Glints2/dict_0002_0026" 7920
"/Engine/EngineMaterials/Substrate/Glints2/dict_0002_0025" 7921
"/Engine/EngineMaterials/Substrate/Glints2/dict_0002_0024" 7922
"/Engine/EngineMaterials/Substrate/Glints2/dict_0002_0037" 7923
"../../../Engine/Content/EngineMaterials/Substrate/Glints2/dict_0002_0058.uasset" 7924
"../../../Engine/Content/EngineMaterials/Substrate/Glints2/dict_0002_0056.uasset" 7925
"../../../Engine/Content/EngineMaterials/Substrate/Glints2/dict_0002_0057.uasset" 7926
"../../../Engine/Content/EngineMaterials/Substrate/Glints2/dict_0002_0060.uasset" 7927
"../../../Engine/Content/EngineMaterials/Substrate/Glints2/dict_0002_0067.uasset" 7928
"../../../Engine/Content/EngineMaterials/Substrate/Glints2/dict_0002_0064.uasset" 7929
"../../../Engine/Content/EngineMaterials/Substrate/Glints2/dict_0002_0063.uasset" 7930
"../../../Engine/Content/EngineMaterials/Substrate/Glints2/dict_0002_0059.uasset" 7931
"/Engine/EngineMaterials/Substrate/Glints2/dict_0002_0055" 7932
"../../../Engine/Content/EngineMaterials/Substrate/Glints2/dict_0002_0066.uasset" 7933
"../../../Engine/Content/EngineMaterials/Substrate/Glints2/dict_0002_0065.uasset" 7934
"../../../Engine/Content/EngineMaterials/Substrate/Glints2/dict_0002_0061.uasset" 7935
"../../../Engine/Content/EngineMaterials/Substrate/Glints2/dict_0002_0062.uasset" 7936
"/Engine/EngineMaterials/Substrate/Glints2/dict_0002_0054" 7937
"/Engine/EngineMaterials/Substrate/Glints2/dict_0002_0053" 7938
"/Engine/EngineMaterials/Substrate/Glints2/dict_0002_0052" 7939
"/Engine/EngineMaterials/Substrate/Glints2/dict_0002_0051" 7940
"/Engine/EngineMaterials/Substrate/Glints2/dict_0002_0050" 7941
"/Engine/EngineMaterials/Substrate/Glints2/dict_0002_0049" 7942
"/Engine/EngineMaterials/Substrate/Glints2/dict_0002_0048" 7943
"/Engine/EngineMaterials/Substrate/Glints2/dict_0002_0047" 7944
"/Engine/EngineMaterials/Substrate/Glints2/dict_0002_0046" 7945
"/Engine/EngineMaterials/Substrate/Glints2/dict_0002_0045" 7946
"/Engine/EngineMaterials/Substrate/Glints2/dict_0002_0044" 7947
"/Engine/EngineMaterials/Substrate/Glints2/dict_0002_0043" 7948
"/Engine/EngineMaterials/Substrate/Glints2/dict_0002_0042" 7949
"/Engine/EngineMaterials/Substrate/Glints2/dict_0002_0041" 7950
"/Engine/EngineMaterials/Substrate/Glints2/dict_0002_0040" 7951
"/Engine/EngineMaterials/Substrate/Glints2/dict_0002_0039" 7952
"/Engine/EngineMaterials/Substrate/Glints2/dict_0002_0038" 7953
"/Engine/EngineMaterials/Substrate/Glints2/dict_0002_0058" 7954
"/Engine/EngineMaterials/Substrate/Glints2/dict_0002_0036" 7955
"/Engine/EngineMaterials/Substrate/Glints2/dict_0002_0035" 7956
"../../../Engine/Content/EngineMaterials/Substrate/Glints2/dict_0002_0074.uasset" 7957
"../../../Engine/Content/EngineMaterials/Substrate/Glints2/dict_0002_0069.uasset" 7958
"../../../Engine/Content/EngineMaterials/Substrate/Glints2/dict_0002_0072.uasset" 7959
"../../../Engine/Content/EngineMaterials/Substrate/Glints2/dict_0002_0068.uasset" 7960
"../../../Engine/Content/EngineMaterials/Substrate/Glints2/dict_0002_0075.uasset" 7961
"../../../Engine/Content/EngineMaterials/Substrate/Glints2/dict_0002_0078.uasset" 7962
"../../../Engine/Content/EngineMaterials/Substrate/Glints2/dict_0002_0084.uasset" 7963
"../../../Engine/Content/EngineMaterials/Substrate/Glints2/dict_0002_0087.uasset" 7964
"../../../Engine/Content/EngineMaterials/Substrate/Glints2/dict_0002_0086.uasset" 7965
"../../../Engine/Content/EngineMaterials/Substrate/Glints2/dict_0002_0076.uasset" 7966
"../../../Engine/Content/EngineMaterials/Substrate/Glints2/dict_0002_0088.uasset" 7967
"../../../Engine/Content/EngineMaterials/Substrate/Glints2/dict_0002_0073.uasset" 7968
"../../../Engine/Content/EngineMaterials/Substrate/Glints2/dict_0002_0077.uasset" 7969
"../../../Engine/Content/EngineMaterials/Substrate/Glints2/dict_0002_0081.uasset" 7970
"../../../Engine/Content/EngineMaterials/Substrate/Glints2/dict_0002_0079.uasset" 7971
"../../../Engine/Content/EngineMaterials/Substrate/Glints2/dict_0002_0070.uasset" 7972
"../../../Engine/Content/EngineMaterials/Substrate/Glints2/dict_0002_0082.uasset" 7973
"../../../Engine/Content/EngineMaterials/Substrate/Glints2/dict_0002_0071.uasset" 7974
"../../../Engine/Content/EngineMaterials/Substrate/Glints2/dict_0002_0083.uasset" 7975
"../../../Engine/Content/EngineMaterials/Substrate/Glints2/dict_0002_0080.uasset" 7976
"/Engine/EngineMaterials/Substrate/Glints2/dict_0002_0067" 7977
"../../../Engine/Content/EngineMaterials/Substrate/Glints2/dict_0002_0085.uasset" 7978
"/Engine/EngineMaterials/Substrate/Glints2/dict_0002_0066" 7979
"/Engine/EngineMaterials/Substrate/Glints2/dict_0002_0065" 7980
"/Engine/EngineMaterials/Substrate/Glints2/dict_0002_0064" 7981
"/Engine/EngineMaterials/Substrate/Glints2/dict_0002_0063" 7982
"/Engine/EngineMaterials/Substrate/Glints2/dict_0002_0062" 7983
"/Engine/EngineMaterials/Substrate/Glints2/dict_0002_0061" 7984
"/Engine/EngineMaterials/Substrate/Glints2/dict_0002_0060" 7985
"/Engine/EngineMaterials/Substrate/Glints2/dict_0002_0059" 7986
"/Engine/EngineMaterials/Substrate/Glints2/dict_0002_0057" 7987
"/Engine/EngineMaterials/Substrate/Glints2/dict_0002_0056" 7988
"../../../Engine/Content/EngineMaterials/Substrate/Glints2/dict_0002_0098.uasset" 7989
"../../../Engine/Content/EngineMaterials/Substrate/Glints2/dict_0002_0089.uasset" 7990
"../../../Engine/Content/EngineMaterials/Substrate/Glints2/dict_0002_0095.uasset" 7991
"../../../Engine/Content/EngineMaterials/Substrate/Glints2/dict_0002_0090.uasset" 7992
"../../../Engine/Content/EngineMaterials/Substrate/Glints2/dict_0002_0094.uasset" 7993
"/Engine/EngineMaterials/Substrate/Glints2/dict_0002_0088" 7994
"../../../Engine/Content/EngineMaterials/Substrate/Glints2/dict_0002_0097.uasset" 7995
"../../../Engine/Content/EngineMaterials/Substrate/Glints2/dict_0002_0096.uasset" 7996
"../../../Engine/Content/EngineMaterials/Substrate/Glints2/dict_0002_0099.uasset" 7997
"../../../Engine/Content/EngineMaterials/Substrate/Glints2/dict_0002_0092.uasset" 7998
"../../../Engine/Content/EngineMaterials/Substrate/Glints2/dict_0002_0093.uasset" 7999
"../../../Engine/Content/EngineMaterials/Substrate/Glints2/dict_0002_0091.uasset" 8000
"/Engine/EngineMaterials/Substrate/Glints2/dict_0002_0087" 8001
"/Engine/EngineMaterials/Substrate/Glints2/dict_0002_0086" 8002
"/Engine/EngineMaterials/Substrate/Glints2/dict_0002_0085" 8003
"/Engine/EngineMaterials/Substrate/Glints2/dict_0002_0084" 8004
"/Engine/EngineMaterials/Substrate/Glints2/dict_0002_0083" 8005
"/Engine/EngineMaterials/Substrate/Glints2/dict_0002_0082" 8006
"/Engine/EngineMaterials/Substrate/Glints2/dict_0002_0081" 8007
"/Engine/EngineMaterials/Substrate/Glints2/dict_0002_0080" 8008
"/Engine/EngineMaterials/Substrate/Glints2/dict_0002_0079" 8009
"/Engine/EngineMaterials/Substrate/Glints2/dict_0002_0078" 8010
"/Engine/EngineMaterials/Substrate/Glints2/dict_0002_0077" 8011
"/Engine/EngineMaterials/Substrate/Glints2/dict_0002_0076" 8012
"/Engine/EngineMaterials/Substrate/Glints2/dict_0002_0075" 8013
"/Engine/EngineMaterials/Substrate/Glints2/dict_0002_0074" 8014
"/Engine/EngineMaterials/Substrate/Glints2/dict_0002_0073" 8015
"/Engine/EngineMaterials/Substrate/Glints2/dict_0002_0072" 8016
"/Engine/EngineMaterials/Substrate/Glints2/dict_0002_0071" 8017
"/Engine/EngineMaterials/Substrate/Glints2/dict_0002_0070" 8018
"/Engine/EngineMaterials/Substrate/Glints2/dict_0002_0069" 8019
"/Engine/EngineMaterials/Substrate/Glints2/dict_0002_0068" 8020
"../../../Engine/Content/EngineMaterials/Substrate/Glints2/dict_0002_0101.uasset" 8021
"../../../Engine/Content/EngineMaterials/Substrate/Glints2/dict_0002_0103.uasset" 8022
"../../../Engine/Content/EngineMaterials/Substrate/Glints2/dict_0002_0100.uasset" 8023
"../../../Engine/Content/EngineMaterials/Substrate/Glints2/dict_0002_0111.uasset" 8024
"../../../Engine/Content/EngineMaterials/Substrate/Glints2/dict_0002_0106.uasset" 8025
"../../../Engine/Content/EngineMaterials/Substrate/Glints2/dict_0002_0108.uasset" 8026
"../../../Engine/Content/EngineMaterials/Substrate/Glints2/dict_0002_0115.uasset" 8027
"../../../Engine/Content/EngineMaterials/Substrate/Glints2/dict_0002_0113.uasset" 8028
"../../../Engine/Content/EngineMaterials/Substrate/Glints2/dict_0002_0116.uasset" 8029
"/Engine/EngineMaterials/Substrate/Glints2/dict_0002_0099" 8030
"../../../Engine/Content/EngineMaterials/Substrate/Glints2/dict_0002_0104.uasset" 8031
"../../../Engine/Content/EngineMaterials/Substrate/Glints2/dict_0002_0120.uasset" 8032
"../../../Engine/Content/EngineMaterials/Substrate/Glints2/dict_0002_0117.uasset" 8033
"../../../Engine/Content/EngineMaterials/Substrate/Glints2/dict_0002_0112.uasset" 8034
"../../../Engine/Content/EngineMaterials/Substrate/Glints2/dict_0002_0119.uasset" 8035
"../../../Engine/Content/EngineMaterials/Substrate/Glints2/dict_0002_0105.uasset" 8036
"../../../Engine/Content/EngineMaterials/Substrate/Glints2/dict_0002_0107.uasset" 8037
"../../../Engine/Content/EngineMaterials/Substrate/Glints2/dict_0002_0109.uasset" 8038
"../../../Engine/Content/EngineMaterials/Substrate/Glints2/dict_0002_0114.uasset" 8039
"../../../Engine/Content/EngineMaterials/Substrate/Glints2/dict_0002_0102.uasset" 8040
"../../../Engine/Content/EngineMaterials/Substrate/Glints2/dict_0002_0110.uasset" 8041
"../../../Engine/Content/EngineMaterials/Substrate/Glints2/dict_0002_0118.uasset" 8042
"/Engine/EngineMaterials/Substrate/Glints2/dict_0002_0098" 8043
"/Engine/EngineMaterials/Substrate/Glints2/dict_0002_0097" 8044
"/Engine/EngineMaterials/Substrate/Glints2/dict_0002_0096" 8045
"/Engine/EngineMaterials/Substrate/Glints2/dict_0002_0095" 8046
"/Engine/EngineMaterials/Substrate/Glints2/dict_0002_0094" 8047
"/Engine/EngineMaterials/Substrate/Glints2/dict_0002_0093" 8048
"/Engine/EngineMaterials/Substrate/Glints2/dict_0002_0092" 8049
"/Engine/EngineMaterials/Substrate/Glints2/dict_0002_0091" 8050
"/Engine/EngineMaterials/Substrate/Glints2/dict_0002_0090" 8051
"/Engine/EngineMaterials/Substrate/Glints2/dict_0002_0089" 8052
"/Engine/EngineMaterials/Substrate/Glints2/dict_0002_0101" 8053
"../../../Engine/Content/EngineMaterials/Substrate/Glints2/dict_0002_0122.uasset" 8054
"../../../Engine/Content/EngineMaterials/Substrate/Glints2/dict_0002_0121.uasset" 8055
"../../../Engine/Content/EngineMaterials/Substrate/Glints2/dict_0002_0123.uasset" 8056
"../../../Engine/Content/EngineMaterials/Substrate/Glints2/dict_0002_0128.uasset" 8057
"../../../Engine/Content/EngineMaterials/Substrate/Glints2/dict_0002_0124.uasset" 8058
"../../../Engine/Content/EngineMaterials/Substrate/Glints2/dict_0002_0131.uasset" 8059
"../../../Engine/Content/EngineMaterials/Substrate/Glints2/dict_0002_0126.uasset" 8060
"../../../Engine/Content/EngineMaterials/Substrate/Glints2/dict_0002_0129.uasset" 8061
"../../../Engine/Content/EngineMaterials/Substrate/Glints2/dict_0002_0132.uasset" 8062
"../../../Engine/Content/EngineMaterials/Substrate/Glints2/dict_0002_0127.uasset" 8063
"../../../Engine/Content/EngineMaterials/Substrate/Glints2/dict_0002_0125.uasset" 8064
"/Engine/EngineMaterials/Substrate/Glints2/dict_0002_0120" 8065
"../../../Engine/Content/EngineMaterials/Substrate/Glints2/dict_0002_0130.uasset" 8066
"/Engine/EngineMaterials/Substrate/Glints2/dict_0002_0119" 8067
"/Engine/EngineMaterials/Substrate/Glints2/dict_0002_0118" 8068
"/Engine/EngineMaterials/Substrate/Glints2/dict_0002_0117" 8069
"/Engine/EngineMaterials/Substrate/Glints2/dict_0002_0116" 8070
"/Engine/EngineMaterials/Substrate/Glints2/dict_0002_0115" 8071
"/Engine/EngineMaterials/Substrate/Glints2/dict_0002_0114" 8072
"/Engine/EngineMaterials/Substrate/Glints2/dict_0002_0113" 8073
"/Engine/EngineMaterials/Substrate/Glints2/dict_0002_0112" 8074
"/Engine/EngineMaterials/Substrate/Glints2/dict_0002_0111" 8075
"/Engine/EngineMaterials/Substrate/Glints2/dict_0002_0110" 8076
"/Engine/EngineMaterials/Substrate/Glints2/dict_0002_0109" 8077
"/Engine/EngineMaterials/Substrate/Glints2/dict_0002_0108" 8078
"/Engine/EngineMaterials/Substrate/Glints2/dict_0002_0107" 8079
"/Engine/EngineMaterials/Substrate/Glints2/dict_0002_0106" 8080
"/Engine/EngineMaterials/Substrate/Glints2/dict_0002_0105" 8081
"/Engine/EngineMaterials/Substrate/Glints2/dict_0002_0104" 8082
"/Engine/EngineMaterials/Substrate/Glints2/dict_0002_0103" 8083
"/Engine/EngineMaterials/Substrate/Glints2/dict_0002_0102" 8084
"/Engine/EngineMaterials/Substrate/Glints2/dict_0002_0122" 8085
"/Engine/EngineMaterials/Substrate/Glints2/dict_0002_0100" 8086
"../../../Engine/Content/EngineMaterials/Substrate/Glints2/dict_0002_0134.uasset" 8087
"../../../Engine/Content/EngineMaterials/Substrate/Glints2/dict_0002_0133.uasset" 8088
"../../../Engine/Content/EngineMaterials/Substrate/Glints2/dict_0002_0141.uasset" 8089
"../../../Engine/Content/EngineMaterials/Substrate/Glints2/dict_0002_0147.uasset" 8090
"../../../Engine/Content/EngineMaterials/Substrate/Glints2/dict_0002_0145.uasset" 8091
"../../../Engine/Content/EngineMaterials/Substrate/Glints2/dict_0002_0149.uasset" 8092
"../../../Engine/Content/EngineMaterials/Substrate/Glints2/dict_0002_0135.uasset" 8093
"../../../Engine/Content/EngineMaterials/Substrate/Glints2/dict_0002_0150.uasset" 8094
"../../../Engine/Content/EngineMaterials/Substrate/Glints2/dict_0002_0136.uasset" 8095
"../../../Engine/Content/EngineMaterials/Substrate/Glints2/dict_0002_0140.uasset" 8096
"../../../Engine/Content/EngineMaterials/Substrate/Glints2/dict_0002_0138.uasset" 8097
"../../../Engine/Content/EngineMaterials/Substrate/Glints2/dict_0002_0151.uasset" 8098
"../../../Engine/Content/EngineMaterials/Substrate/Glints2/dict_0002_0142.uasset" 8099
"../../../Engine/Content/EngineMaterials/Substrate/Glints2/dict_0002_0152.uasset" 8100
"../../../Engine/Content/EngineMaterials/Substrate/Glints2/dict_0002_0144.uasset" 8101
"../../../Engine/Content/EngineMaterials/Substrate/Glints2/dict_0002_0146.uasset" 8102
"../../../Engine/Content/EngineMaterials/Substrate/Glints2/dict_0002_0143.uasset" 8103
"/Engine/EngineMaterials/Substrate/Glints2/dict_0002_0132" 8104
"../../../Engine/Content/EngineMaterials/Substrate/Glints2/dict_0002_0148.uasset" 8105
"../../../Engine/Content/EngineMaterials/Substrate/Glints2/dict_0002_0137.uasset" 8106
"../../../Engine/Content/EngineMaterials/Substrate/Glints2/dict_0002_0139.uasset" 8107
"../../../Engine/Content/EngineMaterials/Substrate/Glints2/dict_0002_0153.uasset" 8108
"/Engine/EngineMaterials/Substrate/Glints2/dict_0002_0131" 8109
"/Engine/EngineMaterials/Substrate/Glints2/dict_0002_0130" 8110
"/Engine/EngineMaterials/Substrate/Glints2/dict_0002_0129" 8111
"/Engine/EngineMaterials/Substrate/Glints2/dict_0002_0128" 8112
"/Engine/EngineMaterials/Substrate/Glints2/dict_0002_0127" 8113
"/Engine/EngineMaterials/Substrate/Glints2/dict_0002_0126" 8114
"/Engine/EngineMaterials/Substrate/Glints2/dict_0002_0125" 8115
"/Engine/EngineMaterials/Substrate/Glints2/dict_0002_0124" 8116
"/Engine/EngineMaterials/Substrate/Glints2/dict_0002_0123" 8117
"/Engine/EngineMaterials/Substrate/Glints2/dict_0002_0121" 8118
"../../../Engine/Content/EngineMaterials/Substrate/Glints2/dict_0002_0160.uasset" 8119
"../../../Engine/Content/EngineMaterials/Substrate/Glints2/dict_0002_0161.uasset" 8120
"../../../Engine/Content/EngineMaterials/Substrate/Glints2/dict_0002_0163.uasset" 8121
"../../../Engine/Content/EngineMaterials/Substrate/Glints2/dict_0002_0154.uasset" 8122
"../../../Engine/Content/EngineMaterials/Substrate/Glints2/dict_0002_0157.uasset" 8123
"/Engine/EngineMaterials/Substrate/Glints2/dict_0002_0153" 8124
"../../../Engine/Content/EngineMaterials/Substrate/Glints2/dict_0002_0155.uasset" 8125
"../../../Engine/Content/EngineMaterials/Substrate/Glints2/dict_0002_0159.uasset" 8126
"../../../Engine/Content/EngineMaterials/Substrate/Glints2/dict_0002_0158.uasset" 8127
"../../../Engine/Content/EngineMaterials/Substrate/Glints2/dict_0002_0156.uasset" 8128
"../../../Engine/Content/EngineMaterials/Substrate/Glints2/dict_0002_0162.uasset" 8129
"../../../Engine/Content/EngineMaterials/Substrate/Glints2/dict_0002_0164.uasset" 8130
"/Engine/EngineMaterials/Substrate/Glints2/dict_0002_0152" 8131
"/Engine/EngineMaterials/Substrate/Glints2/dict_0002_0151" 8132
"/Engine/EngineMaterials/Substrate/Glints2/dict_0002_0150" 8133
"/Engine/EngineMaterials/Substrate/Glints2/dict_0002_0149" 8134
"/Engine/EngineMaterials/Substrate/Glints2/dict_0002_0148" 8135
"/Engine/EngineMaterials/Substrate/Glints2/dict_0002_0147" 8136
"/Engine/EngineMaterials/Substrate/Glints2/dict_0002_0146" 8137
"/Engine/EngineMaterials/Substrate/Glints2/dict_0002_0145" 8138
"/Engine/EngineMaterials/Substrate/Glints2/dict_0002_0144" 8139
"/Engine/EngineMaterials/Substrate/Glints2/dict_0002_0143" 8140
"/Engine/EngineMaterials/Substrate/Glints2/dict_0002_0142" 8141
"/Engine/EngineMaterials/Substrate/Glints2/dict_0002_0141" 8142
"/Engine/EngineMaterials/Substrate/Glints2/dict_0002_0140" 8143
"/Engine/EngineMaterials/Substrate/Glints2/dict_0002_0139" 8144
"/Engine/EngineMaterials/Substrate/Glints2/dict_0002_0138" 8145
"/Engine/EngineMaterials/Substrate/Glints2/dict_0002_0137" 8146
"/Engine/EngineMaterials/Substrate/Glints2/dict_0002_0136" 8147
"/Engine/EngineMaterials/Substrate/Glints2/dict_0002_0135" 8148
"/Engine/EngineMaterials/Substrate/Glints2/dict_0002_0134" 8149
"/Engine/EngineMaterials/Substrate/Glints2/dict_0002_0133" 8150
"../../../Engine/Content/EngineMaterials/Substrate/Glints2/dict_0002_0165.uasset" 8151
"../../../Engine/Content/EngineMaterials/Substrate/Glints2/dict_0002_0171.uasset" 8152
"../../../Engine/Content/EngineMaterials/Substrate/Glints2/dict_0002_0166.uasset" 8153
"../../../Engine/Content/EngineMaterials/Substrate/Glints2/dict_0002_0167.uasset" 8154
"../../../Engine/Content/EngineMaterials/Substrate/Glints2/dict_0002_0173.uasset" 8155
"../../../Engine/Content/EngineMaterials/Substrate/Glints2/dict_0002_0175.uasset" 8156
"../../../Engine/Content/EngineMaterials/Substrate/Glints2/dict_0002_0174.uasset" 8157
"../../../Engine/Content/EngineMaterials/Substrate/Glints2/dict_0002_0178.uasset" 8158
"/Engine/EngineMaterials/Substrate/Glints2/dict_0002_0164" 8159
"../../../Engine/Content/EngineMaterials/Substrate/Glints2/dict_0002_0169.uasset" 8160
"../../../Engine/Content/EngineMaterials/Substrate/Glints2/dict_0002_0177.uasset" 8161
"../../../Engine/Content/EngineMaterials/Substrate/Glints2/dict_0002_0181.uasset" 8162
"../../../Engine/Content/EngineMaterials/Substrate/Glints2/dict_0002_0176.uasset" 8163
"../../../Engine/Content/EngineMaterials/Substrate/Glints2/dict_0002_0184.uasset" 8164
"../../../Engine/Content/EngineMaterials/Substrate/Glints2/dict_0002_0182.uasset" 8165
"../../../Engine/Content/EngineMaterials/Substrate/Glints2/dict_0002_0168.uasset" 8166
"../../../Engine/Content/EngineMaterials/Substrate/Glints2/dict_0002_0172.uasset" 8167
"../../../Engine/Content/EngineMaterials/Substrate/Glints2/dict_0002_0185.uasset" 8168
"../../../Engine/Content/EngineMaterials/Substrate/Glints2/dict_0002_0179.uasset" 8169
"../../../Engine/Content/EngineMaterials/Substrate/Glints2/dict_0002_0180.uasset" 8170
"../../../Engine/Content/EngineMaterials/Substrate/Glints2/dict_0002_0170.uasset" 8171
"../../../Engine/Content/EngineMaterials/Substrate/Glints2/dict_0002_0183.uasset" 8172
"/Engine/EngineMaterials/Substrate/Glints2/dict_0002_0163" 8173
"/Engine/EngineMaterials/Substrate/Glints2/dict_0002_0162" 8174
"/Engine/EngineMaterials/Substrate/Glints2/dict_0002_0161" 8175
"/Engine/EngineMaterials/Substrate/Glints2/dict_0002_0160" 8176
"/Engine/EngineMaterials/Substrate/Glints2/dict_0002_0159" 8177
"/Engine/EngineMaterials/Substrate/Glints2/dict_0002_0158" 8178
"/Engine/EngineMaterials/Substrate/Glints2/dict_0002_0157" 8179
"/Engine/EngineMaterials/Substrate/Glints2/dict_0002_0156" 8180
"/Engine/EngineMaterials/Substrate/Glints2/dict_0002_0155" 8181
"/Engine/EngineMaterials/Substrate/Glints2/dict_0002_0154" 8182
"../../../Engine/Content/EngineMaterials/Substrate/Glints2/dict_0002_0186.uasset" 8183
"../../../Engine/Content/EngineMaterials/Substrate/Glints2/dict_0002_0188.uasset" 8184
"../../../Engine/Content/EngineMaterials/Substrate/Glints2/dict_0002_0190.uasset" 8185
"../../../Engine/Content/EngineMaterials/Substrate/Glints2/dict_0002_0192.uasset" 8186
"../../../Engine/Content/EngineMaterials/Substrate/Glints2/dict_0002_0194.uasset" 8187
"../../../Engine/Content/EngineMaterials/Substrate/Glints2/dict_0002_0193.uasset" 8188
"../../../Engine/Content/EngineMaterials/Substrate/Glints2/dict_0002_0187.uasset" 8189
"../../../Engine/Content/EngineMaterials/Substrate/Glints2/dict_0002_0189.uasset" 8190
"../../../Engine/Content/EngineMaterials/Substrate/Glints2/dict_0002_0191.uasset" 8191
"../../../Engine/Content/EngineMaterials/Substrate/Glints2/dict_0002_0195.uasset" 8192
"../../../Engine/Content/EngineMaterials/Substrate/Glints2/dict_0002_0196.uasset" 8193
"/Engine/EngineMaterials/Substrate/Glints2/dict_0002_0185" 8194
"/Engine/EngineMaterials/Substrate/Glints2/dict_0002_0184" 8195
"/Engine/EngineMaterials/Substrate/Glints2/dict_0002_0183" 8196
"/Engine/EngineMaterials/Substrate/Glints2/dict_0002_0182" 8197
"/Engine/EngineMaterials/Substrate/Glints2/dict_0002_0181" 8198
"/Engine/EngineMaterials/Substrate/Glints2/dict_0002_0180" 8199
"/Engine/EngineMaterials/Substrate/Glints2/dict_0002_0179" 8200
"/Engine/EngineMaterials/Substrate/Glints2/dict_0002_0178" 8201
"/Engine/EngineMaterials/Substrate/Glints2/dict_0002_0177" 8202
"/Engine/EngineMaterials/Substrate/Glints2/dict_0002_0176" 8203
"/Engine/EngineMaterials/Substrate/Glints2/dict_0002_0175" 8204
"/Engine/EngineMaterials/Substrate/Glints2/dict_0002_0174" 8205
"/Engine/EngineMaterials/Substrate/Glints2/dict_0002_0173" 8206
"/Engine/EngineMaterials/Substrate/Glints2/dict_0002_0172" 8207
"/Engine/EngineMaterials/Substrate/Glints2/dict_0002_0171" 8208
"/Engine/EngineMaterials/Substrate/Glints2/dict_0002_0170" 8209
"/Engine/EngineMaterials/Substrate/Glints2/dict_0002_0169" 8210
"/Engine/EngineMaterials/Substrate/Glints2/dict_0002_0168" 8211
"/Engine/EngineMaterials/Substrate/Glints2/dict_0002_0167" 8212
"/Engine/EngineMaterials/Substrate/Glints2/dict_0002_0166" 8213
"/Engine/EngineMaterials/Substrate/Glints2/dict_0002_0165" 8214
"../../../Engine/Content/EngineMaterials/Substrate/Glints2/dict_0002_0199.uasset" 8215
"../../../Engine/Content/EngineMaterials/Substrate/Glints2/dict_0002_0201.uasset" 8216
"../../../Engine/Content/EngineMaterials/Substrate/Glints2/dict_0002_0203.uasset" 8217
"../../../Engine/Content/EngineMaterials/Substrate/Glints2/dict_0002_0202.uasset" 8218
"../../../Engine/Content/EngineMaterials/Substrate/Glints2/dict_0002_0212.uasset" 8219
"../../../Engine/Content/EngineMaterials/Substrate/Glints2/dict_0002_0209.uasset" 8220
"../../../Engine/Content/EngineMaterials/Substrate/Glints2/dict_0002_0213.uasset" 8221
"../../../Engine/Content/EngineMaterials/Substrate/Glints2/dict_0002_0205.uasset" 8222
"../../../Engine/Content/EngineMaterials/Substrate/Glints2/dict_0002_0208.uasset" 8223
"../../../Engine/Content/EngineMaterials/Substrate/Glints2/dict_0002_0216.uasset" 8224
"../../../Engine/Content/EngineMaterials/Substrate/Glints2/dict_0002_0197.uasset" 8225
"../../../Engine/Content/EngineMaterials/Substrate/Glints2/dict_0002_0215.uasset" 8226
"../../../Engine/Content/EngineMaterials/Substrate/Glints2/dict_0002_0211.uasset" 8227
"../../../Engine/Content/EngineMaterials/Substrate/Glints2/dict_0002_0207.uasset" 8228
"../../../Engine/Content/EngineMaterials/Substrate/Glints2/dict_0002_0217.uasset" 8229
"../../../Engine/Content/EngineMaterials/Substrate/Glints2/dict_0002_0204.uasset" 8230
"/Engine/EngineMaterials/Substrate/Glints2/dict_0002_0196" 8231
"../../../Engine/Content/EngineMaterials/Substrate/Glints2/dict_0002_0206.uasset" 8232
"../../../Engine/Content/EngineMaterials/Substrate/Glints2/dict_0002_0198.uasset" 8233
"../../../Engine/Content/EngineMaterials/Substrate/Glints2/dict_0002_0210.uasset" 8234
"../../../Engine/Content/EngineMaterials/Substrate/Glints2/dict_0002_0200.uasset" 8235
"../../../Engine/Content/EngineMaterials/Substrate/Glints2/dict_0002_0214.uasset" 8236
"/Engine/EngineMaterials/Substrate/Glints2/dict_0002_0195" 8237
"/Engine/EngineMaterials/Substrate/Glints2/dict_0002_0194" 8238
"/Engine/EngineMaterials/Substrate/Glints2/dict_0002_0193" 8239
"/Engine/EngineMaterials/Substrate/Glints2/dict_0002_0192" 8240
"/Engine/EngineMaterials/Substrate/Glints2/dict_0002_0191" 8241
"/Engine/EngineMaterials/Substrate/Glints2/dict_0002_0190" 8242
"/Engine/EngineMaterials/Substrate/Glints2/dict_0002_0189" 8243
"/Engine/EngineMaterials/Substrate/Glints2/dict_0002_0188" 8244
"/Engine/EngineMaterials/Substrate/Glints2/dict_0002_0187" 8245
"/Engine/EngineMaterials/Substrate/Glints2/dict_0002_0186" 8246
"../../../Engine/Content/EngineMaterials/Substrate/Glints2/dict_0002_0220.uasset" 8247
"../../../Engine/Content/EngineMaterials/Substrate/Glints2/dict_0002_0221.uasset" 8248
"../../../Engine/Content/EngineMaterials/Substrate/Glints2/dict_0002_0224.uasset" 8249
"../../../Engine/Content/EngineMaterials/Substrate/Glints2/dict_0002_0222.uasset" 8250
"/Engine/EngineMaterials/Substrate/Glints2/dict_0002_0217" 8251
"../../../Engine/Content/EngineMaterials/Substrate/Glints2/dict_0002_0228.uasset" 8252
"../../../Engine/Content/EngineMaterials/Substrate/Glints2/dict_0002_0219.uasset" 8253
"../../../Engine/Content/EngineMaterials/Substrate/Glints2/dict_0002_0223.uasset" 8254
"../../../Engine/Content/EngineMaterials/Substrate/Glints2/dict_0002_0227.uasset" 8255
"../../../Engine/Content/EngineMaterials/Substrate/Glints2/dict_0002_0226.uasset" 8256
"../../../Engine/Content/EngineMaterials/Substrate/Glints2/dict_0002_0218.uasset" 8257
"../../../Engine/Content/EngineMaterials/Substrate/Glints2/dict_0002_0225.uasset" 8258
"/Engine/EngineMaterials/Substrate/Glints2/dict_0002_0216" 8259
"/Engine/EngineMaterials/Substrate/Glints2/dict_0002_0215" 8260
"/Engine/EngineMaterials/Substrate/Glints2/dict_0002_0214" 8261
"/Engine/EngineMaterials/Substrate/Glints2/dict_0002_0213" 8262
"/Engine/EngineMaterials/Substrate/Glints2/dict_0002_0212" 8263
"/Engine/EngineMaterials/Substrate/Glints2/dict_0002_0211" 8264
"/Engine/EngineMaterials/Substrate/Glints2/dict_0002_0210" 8265
"/Engine/EngineMaterials/Substrate/Glints2/dict_0002_0209" 8266
"/Engine/EngineMaterials/Substrate/Glints2/dict_0002_0208" 8267
"/Engine/EngineMaterials/Substrate/Glints2/dict_0002_0207" 8268
"/Engine/EngineMaterials/Substrate/Glints2/dict_0002_0206" 8269
"/Engine/EngineMaterials/Substrate/Glints2/dict_0002_0205" 8270
"/Engine/EngineMaterials/Substrate/Glints2/dict_0002_0204" 8271
"/Engine/EngineMaterials/Substrate/Glints2/dict_0002_0203" 8272
"/Engine/EngineMaterials/Substrate/Glints2/dict_0002_0202" 8273
"/Engine/EngineMaterials/Substrate/Glints2/dict_0002_0201" 8274
"/Engine/EngineMaterials/Substrate/Glints2/dict_0002_0200" 8275
"/Engine/EngineMaterials/Substrate/Glints2/dict_0002_0199" 8276
"/Engine/EngineMaterials/Substrate/Glints2/dict_0002_0198" 8277
"/Engine/EngineMaterials/Substrate/Glints2/dict_0002_0197" 8278
"../../../Engine/Content/EngineMaterials/Substrate/Glints2/dict_0002_0230.uasset" 8279
"../../../Engine/Content/EngineMaterials/Substrate/Glints2/dict_0002_0235.uasset" 8280
"../../../Engine/Content/EngineMaterials/Substrate/Glints2/dict_0002_0229.uasset" 8281
"../../../Engine/Content/EngineMaterials/Substrate/Glints2/dict_0002_0231.uasset" 8282
"../../../Engine/Content/EngineMaterials/Substrate/Glints2/dict_0002_0242.uasset" 8283
"../../../Engine/Content/EngineMaterials/Substrate/Glints2/dict_0002_0239.uasset" 8284
"../../../Engine/Content/EngineMaterials/Substrate/Glints2/dict_0002_0238.uasset" 8285
"../../../Engine/Content/EngineMaterials/Substrate/Glints2/dict_0002_0232.uasset" 8286
"../../../Engine/Content/EngineMaterials/Substrate/Glints2/dict_0002_0233.uasset" 8287
"../../../Engine/Content/EngineMaterials/Substrate/Glints2/dict_0002_0248.uasset" 8288
"../../../Engine/Content/EngineMaterials/Substrate/Glints2/dict_0002_0247.uasset" 8289
"../../../Engine/Content/EngineMaterials/Substrate/Glints2/dict_0002_0241.uasset" 8290
"../../../Engine/Content/EngineMaterials/Substrate/Glints2/dict_0002_0249.uasset" 8291
"../../../Engine/Content/EngineMaterials/Substrate/Glints2/dict_0002_0234.uasset" 8292
"../../../Engine/Content/EngineMaterials/Substrate/Glints2/dict_0002_0245.uasset" 8293
"../../../Engine/Content/EngineMaterials/Substrate/Glints2/dict_0002_0244.uasset" 8294
"../../../Engine/Content/EngineMaterials/Substrate/Glints2/dict_0002_0243.uasset" 8295
"../../../Engine/Content/EngineMaterials/Substrate/Glints2/dict_0002_0240.uasset" 8296
"../../../Engine/Content/EngineMaterials/Substrate/Glints2/dict_0002_0236.uasset" 8297
"../../../Engine/Content/EngineMaterials/Substrate/Glints2/dict_0002_0237.uasset" 8298
"../../../Engine/Content/EngineMaterials/Substrate/Glints2/dict_0002_0246.uasset" 8299
"/Engine/EngineMaterials/Substrate/Glints2/dict_0002_0228" 8300
"/Engine/EngineMaterials/Substrate/Glints2/dict_0002_0227" 8301
"/Engine/EngineMaterials/Substrate/Glints2/dict_0002_0226" 8302
"/Engine/EngineMaterials/Substrate/Glints2/dict_0002_0225" 8303
"/Engine/EngineMaterials/Substrate/Glints2/dict_0002_0224" 8304
"/Engine/EngineMaterials/Substrate/Glints2/dict_0002_0223" 8305
"/Engine/EngineMaterials/Substrate/Glints2/dict_0002_0222" 8306
"/Engine/EngineMaterials/Substrate/Glints2/dict_0002_0221" 8307
"/Engine/EngineMaterials/Substrate/Glints2/dict_0002_0220" 8308
"/Engine/EngineMaterials/Substrate/Glints2/dict_0002_0219" 8309
"/Engine/EngineMaterials/Substrate/Glints2/dict_0002_0218" 8310
"../../../Engine/Content/EngineMaterials/Substrate/Glints2/dict_0002_0252.uasset" 8311
"../../../Engine/Content/EngineMaterials/Substrate/Glints2/dict_0002_0250.uasset" 8312
"../../../Engine/Content/EngineMaterials/Substrate/Glints2/dict_0002_0251.uasset" 8313
"../../../Engine/Content/EngineMaterials/Substrate/Glints2/dict_0002_0255.uasset" 8314
"../../../Engine/Content/EngineMaterials/Substrate/Glints2/dict_0002_0253.uasset" 8315
"../../../Engine/Content/EngineMaterials/Substrate/Glints2/dict_0003_0003.uasset" 8316
"../../../Engine/Content/EngineMaterials/Substrate/Glints2/dict_0003_0000.uasset" 8317
"../../../Engine/Content/EngineMaterials/Substrate/Glints2/dict_0003_0002.uasset" 8318
"/Engine/EngineMaterials/Substrate/Glints2/dict_0002_0249" 8319
"../../../Engine/Content/EngineMaterials/Substrate/Glints2/dict_0003_0001.uasset" 8320
"../../../Engine/Content/EngineMaterials/Substrate/Glints2/dict_0002_0254.uasset" 8321
"../../../Engine/Content/EngineMaterials/Substrate/Glints2/dict_0003_0004.uasset" 8322
"/Engine/EngineMaterials/Substrate/Glints2/dict_0002_0248" 8323
"/Engine/EngineMaterials/Substrate/Glints2/dict_0002_0247" 8324
"/Engine/EngineMaterials/Substrate/Glints2/dict_0002_0246" 8325
"/Engine/EngineMaterials/Substrate/Glints2/dict_0002_0245" 8326
"/Engine/EngineMaterials/Substrate/Glints2/dict_0002_0244" 8327
"/Engine/EngineMaterials/Substrate/Glints2/dict_0002_0243" 8328
"/Engine/EngineMaterials/Substrate/Glints2/dict_0002_0242" 8329
"/Engine/EngineMaterials/Substrate/Glints2/dict_0002_0241" 8330
"/Engine/EngineMaterials/Substrate/Glints2/dict_0002_0240" 8331
"/Engine/EngineMaterials/Substrate/Glints2/dict_0002_0239" 8332
"/Engine/EngineMaterials/Substrate/Glints2/dict_0002_0238" 8333
"/Engine/EngineMaterials/Substrate/Glints2/dict_0002_0237" 8334
"/Engine/EngineMaterials/Substrate/Glints2/dict_0002_0236" 8335
"/Engine/EngineMaterials/Substrate/Glints2/dict_0002_0235" 8336
"/Engine/EngineMaterials/Substrate/Glints2/dict_0002_0234" 8337
"/Engine/EngineMaterials/Substrate/Glints2/dict_0002_0233" 8338
"/Engine/EngineMaterials/Substrate/Glints2/dict_0002_0232" 8339
"/Engine/EngineMaterials/Substrate/Glints2/dict_0002_0231" 8340
"/Engine/EngineMaterials/Substrate/Glints2/dict_0002_0230" 8341
"/Engine/EngineMaterials/Substrate/Glints2/dict_0002_0229" 8342
"/Engine/EngineMaterials/Substrate/Glints2/dict_0003_0004" 8343
"../../../Engine/Content/EngineMaterials/Substrate/Glints2/dict_0003_0013.uasset" 8344
"../../../Engine/Content/EngineMaterials/Substrate/Glints2/dict_0003_0009.uasset" 8345
"../../../Engine/Content/EngineMaterials/Substrate/Glints2/dict_0003_0010.uasset" 8346
"../../../Engine/Content/EngineMaterials/Substrate/Glints2/dict_0003_0014.uasset" 8347
"../../../Engine/Content/EngineMaterials/Substrate/Glints2/dict_0003_0005.uasset" 8348
"../../../Engine/Content/EngineMaterials/Substrate/Glints2/dict_0003_0015.uasset" 8349
"../../../Engine/Content/EngineMaterials/Substrate/Glints2/dict_0003_0017.uasset" 8350
"../../../Engine/Content/EngineMaterials/Substrate/Glints2/dict_0003_0016.uasset" 8351
"../../../Engine/Content/EngineMaterials/Substrate/Glints2/dict_0003_0019.uasset" 8352
"../../../Engine/Content/EngineMaterials/Substrate/Glints2/dict_0003_0007.uasset" 8353
"../../../Engine/Content/EngineMaterials/Substrate/Glints2/dict_0003_0021.uasset" 8354
"../../../Engine/Content/EngineMaterials/Substrate/Glints2/dict_0003_0020.uasset" 8355
"../../../Engine/Content/EngineMaterials/Substrate/Glints2/dict_0003_0024.uasset" 8356
"../../../Engine/Content/EngineMaterials/Substrate/Glints2/dict_0003_0011.uasset" 8357
"../../../Engine/Content/EngineMaterials/Substrate/Glints2/dict_0003_0025.uasset" 8358
"../../../Engine/Content/EngineMaterials/Substrate/Glints2/dict_0003_0008.uasset" 8359
"../../../Engine/Content/EngineMaterials/Substrate/Glints2/dict_0003_0012.uasset" 8360
"../../../Engine/Content/EngineMaterials/Substrate/Glints2/dict_0003_0022.uasset" 8361
"../../../Engine/Content/EngineMaterials/Substrate/Glints2/dict_0003_0006.uasset" 8362
"../../../Engine/Content/EngineMaterials/Substrate/Glints2/dict_0003_0023.uasset" 8363
"../../../Engine/Content/EngineMaterials/Substrate/Glints2/dict_0003_0018.uasset" 8364
"/Engine/EngineMaterials/Substrate/Glints2/dict_0003_0003" 8365
"/Engine/EngineMaterials/Substrate/Glints2/dict_0003_0002" 8366
"/Engine/EngineMaterials/Substrate/Glints2/dict_0003_0001" 8367
"/Engine/EngineMaterials/Substrate/Glints2/dict_0003_0000" 8368
"/Engine/EngineMaterials/Substrate/Glints2/dict_0002_0255" 8369
"/Engine/EngineMaterials/Substrate/Glints2/dict_0002_0254" 8370
"/Engine/EngineMaterials/Substrate/Glints2/dict_0002_0253" 8371
"/Engine/EngineMaterials/Substrate/Glints2/dict_0002_0252" 8372
"/Engine/EngineMaterials/Substrate/Glints2/dict_0002_0251" 8373
"/Engine/EngineMaterials/Substrate/Glints2/dict_0002_0250" 8374
"../../../Engine/Content/EngineMaterials/Substrate/Glints2/dict_0003_0027.uasset" 8375
"../../../Engine/Content/EngineMaterials/Substrate/Glints2/dict_0003_0026.uasset" 8376
"../../../Engine/Content/EngineMaterials/Substrate/Glints2/dict_0003_0029.uasset" 8377
"../../../Engine/Content/EngineMaterials/Substrate/Glints2/dict_0003_0035.uasset" 8378
"/Engine/EngineMaterials/Substrate/Glints2/dict_0003_0025" 8379
"../../../Engine/Content/EngineMaterials/Substrate/Glints2/dict_0003_0031.uasset" 8380
"../../../Engine/Content/EngineMaterials/Substrate/Glints2/dict_0003_0034.uasset" 8381
"../../../Engine/Content/EngineMaterials/Substrate/Glints2/dict_0003_0036.uasset" 8382
"../../../Engine/Content/EngineMaterials/Substrate/Glints2/dict_0003_0028.uasset" 8383
"../../../Engine/Content/EngineMaterials/Substrate/Glints2/dict_0003_0033.uasset" 8384
"../../../Engine/Content/EngineMaterials/Substrate/Glints2/dict_0003_0030.uasset" 8385
"../../../Engine/Content/EngineMaterials/Substrate/Glints2/dict_0003_0032.uasset" 8386
"/Engine/EngineMaterials/Substrate/Glints2/dict_0003_0024" 8387
"/Engine/EngineMaterials/Substrate/Glints2/dict_0003_0023" 8388
"/Engine/EngineMaterials/Substrate/Glints2/dict_0003_0022" 8389
"/Engine/EngineMaterials/Substrate/Glints2/dict_0003_0021" 8390
"/Engine/EngineMaterials/Substrate/Glints2/dict_0003_0020" 8391
"/Engine/EngineMaterials/Substrate/Glints2/dict_0003_0019" 8392
"/Engine/EngineMaterials/Substrate/Glints2/dict_0003_0018" 8393
"/Engine/EngineMaterials/Substrate/Glints2/dict_0003_0017" 8394
"/Engine/EngineMaterials/Substrate/Glints2/dict_0003_0016" 8395
"/Engine/EngineMaterials/Substrate/Glints2/dict_0003_0015" 8396
"/Engine/EngineMaterials/Substrate/Glints2/dict_0003_0014" 8397
"/Engine/EngineMaterials/Substrate/Glints2/dict_0003_0013" 8398
"/Engine/EngineMaterials/Substrate/Glints2/dict_0003_0012" 8399
"/Engine/EngineMaterials/Substrate/Glints2/dict_0003_0011" 8400
"/Engine/EngineMaterials/Substrate/Glints2/dict_0003_0010" 8401
"/Engine/EngineMaterials/Substrate/Glints2/dict_0003_0009" 8402
"/Engine/EngineMaterials/Substrate/Glints2/dict_0003_0008" 8403
"/Engine/EngineMaterials/Substrate/Glints2/dict_0003_0007" 8404
"/Engine/EngineMaterials/Substrate/Glints2/dict_0003_0006" 8405
"/Engine/EngineMaterials/Substrate/Glints2/dict_0003_0005" 8406
"../../../Engine/Content/EngineMaterials/Substrate/Glints2/dict_0003_0037.uasset" 8407
"../../../Engine/Content/EngineMaterials/Substrate/Glints2/dict_0003_0040.uasset" 8408
"../../../Engine/Content/EngineMaterials/Substrate/Glints2/dict_0003_0046.uasset" 8409
"../../../Engine/Content/EngineMaterials/Substrate/Glints2/dict_0003_0043.uasset" 8410
"../../../Engine/Content/EngineMaterials/Substrate/Glints2/dict_0003_0049.uasset" 8411
"../../../Engine/Content/EngineMaterials/Substrate/Glints2/dict_0003_0050.uasset" 8412
"../../../Engine/Content/EngineMaterials/Substrate/Glints2/dict_0003_0052.uasset" 8413
"../../../Engine/Content/EngineMaterials/Substrate/Glints2/dict_0003_0044.uasset" 8414
"../../../Engine/Content/EngineMaterials/Substrate/Glints2/dict_0003_0041.uasset" 8415
"../../../Engine/Content/EngineMaterials/Substrate/Glints2/dict_0003_0054.uasset" 8416
"../../../Engine/Content/EngineMaterials/Substrate/Glints2/dict_0003_0055.uasset" 8417
"../../../Engine/Content/EngineMaterials/Substrate/Glints2/dict_0003_0056.uasset" 8418
"../../../Engine/Content/EngineMaterials/Substrate/Glints2/dict_0003_0042.uasset" 8419
"../../../Engine/Content/EngineMaterials/Substrate/Glints2/dict_0003_0057.uasset" 8420
"../../../Engine/Content/EngineMaterials/Substrate/Glints2/dict_0003_0048.uasset" 8421
"../../../Engine/Content/EngineMaterials/Substrate/Glints2/dict_0003_0047.uasset" 8422
"../../../Engine/Content/EngineMaterials/Substrate/Glints2/dict_0003_0053.uasset" 8423
"../../../Engine/Content/EngineMaterials/Substrate/Glints2/dict_0003_0051.uasset" 8424
"../../../Engine/Content/EngineMaterials/Substrate/Glints2/dict_0003_0039.uasset" 8425
"/Engine/EngineMaterials/Substrate/Glints2/dict_0003_0036" 8426
"../../../Engine/Content/EngineMaterials/Substrate/Glints2/dict_0003_0045.uasset" 8427
"../../../Engine/Content/EngineMaterials/Substrate/Glints2/dict_0003_0038.uasset" 8428
"/Engine/EngineMaterials/Substrate/Glints2/dict_0003_0035" 8429
"/Engine/EngineMaterials/Substrate/Glints2/dict_0003_0034" 8430
"/Engine/EngineMaterials/Substrate/Glints2/dict_0003_0033" 8431
"/Engine/EngineMaterials/Substrate/Glints2/dict_0003_0032" 8432
"/Engine/EngineMaterials/Substrate/Glints2/dict_0003_0031" 8433
"/Engine/EngineMaterials/Substrate/Glints2/dict_0003_0030" 8434
"/Engine/EngineMaterials/Substrate/Glints2/dict_0003_0029" 8435
"/Engine/EngineMaterials/Substrate/Glints2/dict_0003_0028" 8436
"/Engine/EngineMaterials/Substrate/Glints2/dict_0003_0027" 8437
"/Engine/EngineMaterials/Substrate/Glints2/dict_0003_0026" 8438
"../../../Engine/Content/EngineMaterials/Substrate/Glints2/dict_0003_0059.uasset" 8439
"../../../Engine/Content/EngineMaterials/Substrate/Glints2/dict_0003_0058.uasset" 8440
"../../../Engine/Content/EngineMaterials/Substrate/Glints2/dict_0003_0066.uasset" 8441
"../../../Engine/Content/EngineMaterials/Substrate/Glints2/dict_0003_0065.uasset" 8442
"../../../Engine/Content/EngineMaterials/Substrate/Glints2/dict_0003_0068.uasset" 8443
"../../../Engine/Content/EngineMaterials/Substrate/Glints2/dict_0003_0060.uasset" 8444
"/Engine/EngineMaterials/Substrate/Glints2/dict_0003_0057" 8445
"../../../Engine/Content/EngineMaterials/Substrate/Glints2/dict_0003_0061.uasset" 8446
"../../../Engine/Content/EngineMaterials/Substrate/Glints2/dict_0003_0064.uasset" 8447
"../../../Engine/Content/EngineMaterials/Substrate/Glints2/dict_0003_0063.uasset" 8448
"../../../Engine/Content/EngineMaterials/Substrate/Glints2/dict_0003_0067.uasset" 8449
"../../../Engine/Content/EngineMaterials/Substrate/Glints2/dict_0003_0062.uasset" 8450
"/Engine/EngineMaterials/Substrate/Glints2/dict_0003_0056" 8451
"/Engine/EngineMaterials/Substrate/Glints2/dict_0003_0055" 8452
"/Engine/EngineMaterials/Substrate/Glints2/dict_0003_0054" 8453
"/Engine/EngineMaterials/Substrate/Glints2/dict_0003_0053" 8454
"/Engine/EngineMaterials/Substrate/Glints2/dict_0003_0052" 8455
"/Engine/EngineMaterials/Substrate/Glints2/dict_0003_0051" 8456
"/Engine/EngineMaterials/Substrate/Glints2/dict_0003_0050" 8457
"/Engine/EngineMaterials/Substrate/Glints2/dict_0003_0049" 8458
"/Engine/EngineMaterials/Substrate/Glints2/dict_0003_0048" 8459
"/Engine/EngineMaterials/Substrate/Glints2/dict_0003_0047" 8460
"/Engine/EngineMaterials/Substrate/Glints2/dict_0003_0046" 8461
"/Engine/EngineMaterials/Substrate/Glints2/dict_0003_0045" 8462
"/Engine/EngineMaterials/Substrate/Glints2/dict_0003_0044" 8463
"/Engine/EngineMaterials/Substrate/Glints2/dict_0003_0043" 8464
"/Engine/EngineMaterials/Substrate/Glints2/dict_0003_0042" 8465
"/Engine/EngineMaterials/Substrate/Glints2/dict_0003_0041" 8466
"/Engine/EngineMaterials/Substrate/Glints2/dict_0003_0040" 8467
"/Engine/EngineMaterials/Substrate/Glints2/dict_0003_0039" 8468
"/Engine/EngineMaterials/Substrate/Glints2/dict_0003_0038" 8469
"/Engine/EngineMaterials/Substrate/Glints2/dict_0003_0037" 8470
"../../../Engine/Content/EngineMaterials/Substrate/Glints2/dict_0003_0069.uasset" 8471
"../../../Engine/Content/EngineMaterials/Substrate/Glints2/dict_0003_0077.uasset" 8472
"../../../Engine/Content/EngineMaterials/Substrate/Glints2/dict_0003_0084.uasset" 8473
"../../../Engine/Content/EngineMaterials/Substrate/Glints2/dict_0003_0075.uasset" 8474
"../../../Engine/Content/EngineMaterials/Substrate/Glints2/dict_0003_0082.uasset" 8475
"../../../Engine/Content/EngineMaterials/Substrate/Glints2/dict_0003_0085.uasset" 8476
"../../../Engine/Content/EngineMaterials/Substrate/Glints2/dict_0003_0083.uasset" 8477
"../../../Engine/Content/EngineMaterials/Substrate/Glints2/dict_0003_0081.uasset" 8478
"../../../Engine/Content/EngineMaterials/Substrate/Glints2/dict_0003_0079.uasset" 8479
"../../../Engine/Content/EngineMaterials/Substrate/Glints2/dict_0003_0072.uasset" 8480
"/Engine/EngineMaterials/Substrate/Glints2/dict_0003_0068" 8481
"../../../Engine/Content/EngineMaterials/Substrate/Glints2/dict_0003_0089.uasset" 8482
"../../../Engine/Content/EngineMaterials/Substrate/Glints2/dict_0003_0087.uasset" 8483
"../../../Engine/Content/EngineMaterials/Substrate/Glints2/dict_0003_0073.uasset" 8484
"../../../Engine/Content/EngineMaterials/Substrate/Glints2/dict_0003_0080.uasset" 8485
"../../../Engine/Content/EngineMaterials/Substrate/Glints2/dict_0003_0076.uasset" 8486
"../../../Engine/Content/EngineMaterials/Substrate/Glints2/dict_0003_0071.uasset" 8487
"../../../Engine/Content/EngineMaterials/Substrate/Glints2/dict_0003_0086.uasset" 8488
"../../../Engine/Content/EngineMaterials/Substrate/Glints2/dict_0003_0074.uasset" 8489
"../../../Engine/Content/EngineMaterials/Substrate/Glints2/dict_0003_0078.uasset" 8490
"../../../Engine/Content/EngineMaterials/Substrate/Glints2/dict_0003_0088.uasset" 8491
"../../../Engine/Content/EngineMaterials/Substrate/Glints2/dict_0003_0070.uasset" 8492
"/Engine/EngineMaterials/Substrate/Glints2/dict_0003_0067" 8493
"/Engine/EngineMaterials/Substrate/Glints2/dict_0003_0066" 8494
"/Engine/EngineMaterials/Substrate/Glints2/dict_0003_0065" 8495
"/Engine/EngineMaterials/Substrate/Glints2/dict_0003_0064" 8496
"/Engine/EngineMaterials/Substrate/Glints2/dict_0003_0063" 8497
"/Engine/EngineMaterials/Substrate/Glints2/dict_0003_0062" 8498
"/Engine/EngineMaterials/Substrate/Glints2/dict_0003_0061" 8499
"/Engine/EngineMaterials/Substrate/Glints2/dict_0003_0060" 8500
"/Engine/EngineMaterials/Substrate/Glints2/dict_0003_0059" 8501
"/Engine/EngineMaterials/Substrate/Glints2/dict_0003_0058" 8502
"../../../Engine/Content/EngineMaterials/Substrate/Glints2/dict_0003_0093.uasset" 8503
"../../../Engine/Content/EngineMaterials/Substrate/Glints2/dict_0003_0092.uasset" 8504
"../../../Engine/Content/EngineMaterials/Substrate/Glints2/dict_0003_0097.uasset" 8505
"../../../Engine/Content/EngineMaterials/Substrate/Glints2/dict_0003_0098.uasset" 8506
"../../../Engine/Content/EngineMaterials/Substrate/Glints2/dict_0003_0099.uasset" 8507
"/Engine/EngineMaterials/Substrate/Glints2/dict_0003_0089" 8508
"../../../Engine/Content/EngineMaterials/Substrate/Glints2/dict_0003_0091.uasset" 8509
"../../../Engine/Content/EngineMaterials/Substrate/Glints2/dict_0003_0095.uasset" 8510
"../../../Engine/Content/EngineMaterials/Substrate/Glints2/dict_0003_0090.uasset" 8511
"../../../Engine/Content/EngineMaterials/Substrate/Glints2/dict_0003_0096.uasset" 8512
"../../../Engine/Content/EngineMaterials/Substrate/Glints2/dict_0003_0100.uasset" 8513
"../../../Engine/Content/EngineMaterials/Substrate/Glints2/dict_0003_0094.uasset" 8514
"/Engine/EngineMaterials/Substrate/Glints2/dict_0003_0088" 8515
"/Engine/EngineMaterials/Substrate/Glints2/dict_0003_0087" 8516
"/Engine/EngineMaterials/Substrate/Glints2/dict_0003_0086" 8517
"/Engine/EngineMaterials/Substrate/Glints2/dict_0003_0085" 8518
"/Engine/EngineMaterials/Substrate/Glints2/dict_0003_0084" 8519
"/Engine/EngineMaterials/Substrate/Glints2/dict_0003_0083" 8520
"/Engine/EngineMaterials/Substrate/Glints2/dict_0003_0082" 8521
"/Engine/EngineMaterials/Substrate/Glints2/dict_0003_0081" 8522
"/Engine/EngineMaterials/Substrate/Glints2/dict_0003_0080" 8523
"/Engine/EngineMaterials/Substrate/Glints2/dict_0003_0079" 8524
"/Engine/EngineMaterials/Substrate/Glints2/dict_0003_0078" 8525
"/Engine/EngineMaterials/Substrate/Glints2/dict_0003_0077" 8526
"/Engine/EngineMaterials/Substrate/Glints2/dict_0003_0076" 8527
"/Engine/EngineMaterials/Substrate/Glints2/dict_0003_0075" 8528
"/Engine/EngineMaterials/Substrate/Glints2/dict_0003_0074" 8529
"/Engine/EngineMaterials/Substrate/Glints2/dict_0003_0073" 8530
"/Engine/EngineMaterials/Substrate/Glints2/dict_0003_0072" 8531
"/Engine/EngineMaterials/Substrate/Glints2/dict_0003_0071" 8532
"/Engine/EngineMaterials/Substrate/Glints2/dict_0003_0070" 8533
"/Engine/EngineMaterials/Substrate/Glints2/dict_0003_0069" 8534
"../../../Engine/Content/EngineMaterials/Substrate/Glints2/dict_0003_0104.uasset" 8535
"../../../Engine/Content/EngineMaterials/Substrate/Glints2/dict_0003_0102.uasset" 8536
"../../../Engine/Content/EngineMaterials/Substrate/Glints2/dict_0003_0103.uasset" 8537
"../../../Engine/Content/EngineMaterials/Substrate/Glints2/dict_0003_0108.uasset" 8538
"../../../Engine/Content/EngineMaterials/Substrate/Glints2/dict_0003_0107.uasset" 8539
"/Engine/EngineMaterials/Substrate/Glints2/dict_0003_0100" 8540
"../../../Engine/Content/EngineMaterials/Substrate/Glints2/dict_0003_0116.uasset" 8541
"../../../Engine/Content/EngineMaterials/Substrate/Glints2/dict_0003_0118.uasset" 8542
"../../../Engine/Content/EngineMaterials/Substrate/Glints2/dict_0003_0101.uasset" 8543
"../../../Engine/Content/EngineMaterials/Substrate/Glints2/dict_0003_0119.uasset" 8544
"../../../Engine/Content/EngineMaterials/Substrate/Glints2/dict_0003_0121.uasset" 8545
"../../../Engine/Content/EngineMaterials/Substrate/Glints2/dict_0003_0109.uasset" 8546
"../../../Engine/Content/EngineMaterials/Substrate/Glints2/dict_0003_0111.uasset" 8547
"../../../Engine/Content/EngineMaterials/Substrate/Glints2/dict_0003_0106.uasset" 8548
"../../../Engine/Content/EngineMaterials/Substrate/Glints2/dict_0003_0113.uasset" 8549
"../../../Engine/Content/EngineMaterials/Substrate/Glints2/dict_0003_0112.uasset" 8550
"../../../Engine/Content/EngineMaterials/Substrate/Glints2/dict_0003_0114.uasset" 8551
"../../../Engine/Content/EngineMaterials/Substrate/Glints2/dict_0003_0105.uasset" 8552
"../../../Engine/Content/EngineMaterials/Substrate/Glints2/dict_0003_0110.uasset" 8553
"../../../Engine/Content/EngineMaterials/Substrate/Glints2/dict_0003_0120.uasset" 8554
"../../../Engine/Content/EngineMaterials/Substrate/Glints2/dict_0003_0115.uasset" 8555
"../../../Engine/Content/EngineMaterials/Substrate/Glints2/dict_0003_0117.uasset" 8556
"/Engine/EngineMaterials/Substrate/Glints2/dict_0003_0099" 8557
"/Engine/EngineMaterials/Substrate/Glints2/dict_0003_0098" 8558
"/Engine/EngineMaterials/Substrate/Glints2/dict_0003_0097" 8559
"/Engine/EngineMaterials/Substrate/Glints2/dict_0003_0096" 8560
"/Engine/EngineMaterials/Substrate/Glints2/dict_0003_0095" 8561
"/Engine/EngineMaterials/Substrate/Glints2/dict_0003_0094" 8562
"/Engine/EngineMaterials/Substrate/Glints2/dict_0003_0093" 8563
"/Engine/EngineMaterials/Substrate/Glints2/dict_0003_0092" 8564
"/Engine/EngineMaterials/Substrate/Glints2/dict_0003_0091" 8565
"/Engine/EngineMaterials/Substrate/Glints2/dict_0003_0090" 8566
"../../../Engine/Content/EngineMaterials/Substrate/Glints2/dict_0003_0122.uasset" 8567
"../../../Engine/Content/EngineMaterials/Substrate/Glints2/dict_0003_0123.uasset" 8568
"../../../Engine/Content/EngineMaterials/Substrate/Glints2/dict_0003_0128.uasset" 8569
"../../../Engine/Content/EngineMaterials/Substrate/Glints2/dict_0003_0127.uasset" 8570
"../../../Engine/Content/EngineMaterials/Substrate/Glints2/dict_0003_0131.uasset" 8571
"../../../Engine/Content/EngineMaterials/Substrate/Glints2/dict_0003_0129.uasset" 8572
"../../../Engine/Content/EngineMaterials/Substrate/Glints2/dict_0003_0130.uasset" 8573
"/Engine/EngineMaterials/Substrate/Glints2/dict_0003_0121" 8574
"../../../Engine/Content/EngineMaterials/Substrate/Glints2/dict_0003_0132.uasset" 8575
"../../../Engine/Content/EngineMaterials/Substrate/Glints2/dict_0003_0126.uasset" 8576
"../../../Engine/Content/EngineMaterials/Substrate/Glints2/dict_0003_0125.uasset" 8577
"../../../Engine/Content/EngineMaterials/Substrate/Glints2/dict_0003_0124.uasset" 8578
"/Engine/EngineMaterials/Substrate/Glints2/dict_0003_0120" 8579
"/Engine/EngineMaterials/Substrate/Glints2/dict_0003_0119" 8580
"/Engine/EngineMaterials/Substrate/Glints2/dict_0003_0118" 8581
"/Engine/EngineMaterials/Substrate/Glints2/dict_0003_0117" 8582
"/Engine/EngineMaterials/Substrate/Glints2/dict_0003_0116" 8583
"/Engine/EngineMaterials/Substrate/Glints2/dict_0003_0115" 8584
"/Engine/EngineMaterials/Substrate/Glints2/dict_0003_0114" 8585
"/Engine/EngineMaterials/Substrate/Glints2/dict_0003_0113" 8586
"/Engine/EngineMaterials/Substrate/Glints2/dict_0003_0112" 8587
"/Engine/EngineMaterials/Substrate/Glints2/dict_0003_0111" 8588
"/Engine/EngineMaterials/Substrate/Glints2/dict_0003_0110" 8589
"/Engine/EngineMaterials/Substrate/Glints2/dict_0003_0109" 8590
"/Engine/EngineMaterials/Substrate/Glints2/dict_0003_0108" 8591
"/Engine/EngineMaterials/Substrate/Glints2/dict_0003_0107" 8592
"/Engine/EngineMaterials/Substrate/Glints2/dict_0003_0106" 8593
"/Engine/EngineMaterials/Substrate/Glints2/dict_0003_0105" 8594
"/Engine/EngineMaterials/Substrate/Glints2/dict_0003_0104" 8595
"/Engine/EngineMaterials/Substrate/Glints2/dict_0003_0103" 8596
"/Engine/EngineMaterials/Substrate/Glints2/dict_0003_0102" 8597
"/Engine/EngineMaterials/Substrate/Glints2/dict_0003_0101" 8598
"../../../Engine/Content/EngineMaterials/Substrate/Glints2/dict_0003_0134.uasset" 8599
"../../../Engine/Content/EngineMaterials/Substrate/Glints2/dict_0003_0137.uasset" 8600
"../../../Engine/Content/EngineMaterials/Substrate/Glints2/dict_0003_0138.uasset" 8601
"../../../Engine/Content/EngineMaterials/Substrate/Glints2/dict_0003_0139.uasset" 8602
"../../../Engine/Content/EngineMaterials/Substrate/Glints2/dict_0003_0145.uasset" 8603
"../../../Engine/Content/EngineMaterials/Substrate/Glints2/dict_0003_0143.uasset" 8604
"../../../Engine/Content/EngineMaterials/Substrate/Glints2/dict_0003_0147.uasset" 8605
"../../../Engine/Content/EngineMaterials/Substrate/Glints2/dict_0003_0142.uasset" 8606
"../../../Engine/Content/EngineMaterials/Substrate/Glints2/dict_0003_0148.uasset" 8607
"../../../Engine/Content/EngineMaterials/Substrate/Glints2/dict_0003_0144.uasset" 8608
"../../../Engine/Content/EngineMaterials/Substrate/Glints2/dict_0003_0151.uasset" 8609
"../../../Engine/Content/EngineMaterials/Substrate/Glints2/dict_0003_0153.uasset" 8610
"../../../Engine/Content/EngineMaterials/Substrate/Glints2/dict_0003_0133.uasset" 8611
"../../../Engine/Content/EngineMaterials/Substrate/Glints2/dict_0003_0149.uasset" 8612
"../../../Engine/Content/EngineMaterials/Substrate/Glints2/dict_0003_0140.uasset" 8613
"../../../Engine/Content/EngineMaterials/Substrate/Glints2/dict_0003_0152.uasset" 8614
"../../../Engine/Content/EngineMaterials/Substrate/Glints2/dict_0003_0146.uasset" 8615
"../../../Engine/Content/EngineMaterials/Substrate/Glints2/dict_0003_0135.uasset" 8616
"/Engine/EngineMaterials/Substrate/Glints2/dict_0003_0132" 8617
"../../../Engine/Content/EngineMaterials/Substrate/Glints2/dict_0003_0150.uasset" 8618
"../../../Engine/Content/EngineMaterials/Substrate/Glints2/dict_0003_0141.uasset" 8619
"../../../Engine/Content/EngineMaterials/Substrate/Glints2/dict_0003_0136.uasset" 8620
"/Engine/EngineMaterials/Substrate/Glints2/dict_0003_0131" 8621
"/Engine/EngineMaterials/Substrate/Glints2/dict_0003_0130" 8622
"/Engine/EngineMaterials/Substrate/Glints2/dict_0003_0129" 8623
"/Engine/EngineMaterials/Substrate/Glints2/dict_0003_0128" 8624
"/Engine/EngineMaterials/Substrate/Glints2/dict_0003_0127" 8625
"/Engine/EngineMaterials/Substrate/Glints2/dict_0003_0126" 8626
"/Engine/EngineMaterials/Substrate/Glints2/dict_0003_0125" 8627
"/Engine/EngineMaterials/Substrate/Glints2/dict_0003_0124" 8628
"/Engine/EngineMaterials/Substrate/Glints2/dict_0003_0123" 8629
"/Engine/EngineMaterials/Substrate/Glints2/dict_0003_0122" 8630
"../../../Engine/Content/EngineMaterials/Substrate/Glints2/dict_0003_0155.uasset" 8631
"../../../Engine/Content/EngineMaterials/Substrate/Glints2/dict_0003_0160.uasset" 8632
"../../../Engine/Content/EngineMaterials/Substrate/Glints2/dict_0003_0159.uasset" 8633
"../../../Engine/Content/EngineMaterials/Substrate/Glints2/dict_0003_0163.uasset" 8634
"../../../Engine/Content/EngineMaterials/Substrate/Glints2/dict_0003_0156.uasset" 8635
"/Engine/EngineMaterials/Substrate/Glints2/dict_0003_0153" 8636
"../../../Engine/Content/EngineMaterials/Substrate/Glints2/dict_0003_0161.uasset" 8637
"../../../Engine/Content/EngineMaterials/Substrate/Glints2/dict_0003_0154.uasset" 8638
"../../../Engine/Content/EngineMaterials/Substrate/Glints2/dict_0003_0164.uasset" 8639
"../../../Engine/Content/EngineMaterials/Substrate/Glints2/dict_0003_0157.uasset" 8640
"../../../Engine/Content/EngineMaterials/Substrate/Glints2/dict_0003_0158.uasset" 8641
"../../../Engine/Content/EngineMaterials/Substrate/Glints2/dict_0003_0162.uasset" 8642
"/Engine/EngineMaterials/Substrate/Glints2/dict_0003_0152" 8643
"/Engine/EngineMaterials/Substrate/Glints2/dict_0003_0151" 8644
"/Engine/EngineMaterials/Substrate/Glints2/dict_0003_0150" 8645
"/Engine/EngineMaterials/Substrate/Glints2/dict_0003_0149" 8646
"/Engine/EngineMaterials/Substrate/Glints2/dict_0003_0148" 8647
"/Engine/EngineMaterials/Substrate/Glints2/dict_0003_0147" 8648
"/Engine/EngineMaterials/Substrate/Glints2/dict_0003_0146" 8649
"/Engine/EngineMaterials/Substrate/Glints2/dict_0003_0145" 8650
"/Engine/EngineMaterials/Substrate/Glints2/dict_0003_0144" 8651
"/Engine/EngineMaterials/Substrate/Glints2/dict_0003_0143" 8652
"/Engine/EngineMaterials/Substrate/Glints2/dict_0003_0142" 8653
"/Engine/EngineMaterials/Substrate/Glints2/dict_0003_0141" 8654
"/Engine/EngineMaterials/Substrate/Glints2/dict_0003_0140" 8655
"/Engine/EngineMaterials/Substrate/Glints2/dict_0003_0139" 8656
"/Engine/EngineMaterials/Substrate/Glints2/dict_0003_0138" 8657
"/Engine/EngineMaterials/Substrate/Glints2/dict_0003_0137" 8658
"/Engine/EngineMaterials/Substrate/Glints2/dict_0003_0136" 8659
"/Engine/EngineMaterials/Substrate/Glints2/dict_0003_0135" 8660
"/Engine/EngineMaterials/Substrate/Glints2/dict_0003_0134" 8661
"/Engine/EngineMaterials/Substrate/Glints2/dict_0003_0133" 8662
"../../../Engine/Content/EngineMaterials/Substrate/Glints2/dict_0003_0166.uasset" 8663
"../../../Engine/Content/EngineMaterials/Substrate/Glints2/dict_0003_0167.uasset" 8664
"../../../Engine/Content/EngineMaterials/Substrate/Glints2/dict_0003_0174.uasset" 8665
"../../../Engine/Content/EngineMaterials/Substrate/Glints2/dict_0003_0176.uasset" 8666
"../../../Engine/Content/EngineMaterials/Substrate/Glints2/dict_0003_0181.uasset" 8667
"../../../Engine/Content/EngineMaterials/Substrate/Glints2/dict_0003_0169.uasset" 8668
"../../../Engine/Content/EngineMaterials/Substrate/Glints2/dict_0003_0178.uasset" 8669
"../../../Engine/Content/EngineMaterials/Substrate/Glints2/dict_0003_0175.uasset" 8670
"/Engine/EngineMaterials/Substrate/Glints2/dict_0003_0164" 8671
"../../../Engine/Content/EngineMaterials/Substrate/Glints2/dict_0003_0171.uasset" 8672
"../../../Engine/Content/EngineMaterials/Substrate/Glints2/dict_0003_0183.uasset" 8673
"../../../Engine/Content/EngineMaterials/Substrate/Glints2/dict_0003_0184.uasset" 8674
"../../../Engine/Content/EngineMaterials/Substrate/Glints2/dict_0003_0168.uasset" 8675
"../../../Engine/Content/EngineMaterials/Substrate/Glints2/dict_0003_0165.uasset" 8676
"../../../Engine/Content/EngineMaterials/Substrate/Glints2/dict_0003_0185.uasset" 8677
"../../../Engine/Content/EngineMaterials/Substrate/Glints2/dict_0003_0182.uasset" 8678
"../../../Engine/Content/EngineMaterials/Substrate/Glints2/dict_0003_0172.uasset" 8679
"../../../Engine/Content/EngineMaterials/Substrate/Glints2/dict_0003_0180.uasset" 8680
"../../../Engine/Content/EngineMaterials/Substrate/Glints2/dict_0003_0170.uasset" 8681
"../../../Engine/Content/EngineMaterials/Substrate/Glints2/dict_0003_0177.uasset" 8682
"../../../Engine/Content/EngineMaterials/Substrate/Glints2/dict_0003_0179.uasset" 8683
"../../../Engine/Content/EngineMaterials/Substrate/Glints2/dict_0003_0173.uasset" 8684
"/Engine/EngineMaterials/Substrate/Glints2/dict_0003_0163" 8685
"/Engine/EngineMaterials/Substrate/Glints2/dict_0003_0162" 8686
"/Engine/EngineMaterials/Substrate/Glints2/dict_0003_0161" 8687
"/Engine/EngineMaterials/Substrate/Glints2/dict_0003_0160" 8688
"/Engine/EngineMaterials/Substrate/Glints2/dict_0003_0159" 8689
"/Engine/EngineMaterials/Substrate/Glints2/dict_0003_0158" 8690
"/Engine/EngineMaterials/Substrate/Glints2/dict_0003_0157" 8691
"/Engine/EngineMaterials/Substrate/Glints2/dict_0003_0156" 8692
"/Engine/EngineMaterials/Substrate/Glints2/dict_0003_0155" 8693
"/Engine/EngineMaterials/Substrate/Glints2/dict_0003_0154" 8694
"../../../Engine/Content/EngineMaterials/Substrate/Glints2/dict_0003_0191.uasset" 8695
"../../../Engine/Content/EngineMaterials/Substrate/Glints2/dict_0003_0186.uasset" 8696
"../../../Engine/Content/EngineMaterials/Substrate/Glints2/dict_0003_0195.uasset" 8697
"../../../Engine/Content/EngineMaterials/Substrate/Glints2/dict_0003_0190.uasset" 8698
"../../../Engine/Content/EngineMaterials/Substrate/Glints2/dict_0003_0189.uasset" 8699
"../../../Engine/Content/EngineMaterials/Substrate/Glints2/dict_0003_0187.uasset" 8700
"/Engine/EngineMaterials/Substrate/Glints2/dict_0003_0185" 8701
"../../../Engine/Content/EngineMaterials/Substrate/Glints2/dict_0003_0196.uasset" 8702
"../../../Engine/Content/EngineMaterials/Substrate/Glints2/dict_0003_0193.uasset" 8703
"../../../Engine/Content/EngineMaterials/Substrate/Glints2/dict_0003_0192.uasset" 8704
"../../../Engine/Content/EngineMaterials/Substrate/Glints2/dict_0003_0194.uasset" 8705
"../../../Engine/Content/EngineMaterials/Substrate/Glints2/dict_0003_0188.uasset" 8706
"/Engine/EngineMaterials/Substrate/Glints2/dict_0003_0184" 8707
"/Engine/EngineMaterials/Substrate/Glints2/dict_0003_0183" 8708
"/Engine/EngineMaterials/Substrate/Glints2/dict_0003_0182" 8709
"/Engine/EngineMaterials/Substrate/Glints2/dict_0003_0181" 8710
"/Engine/EngineMaterials/Substrate/Glints2/dict_0003_0180" 8711
"/Engine/EngineMaterials/Substrate/Glints2/dict_0003_0179" 8712
"/Engine/EngineMaterials/Substrate/Glints2/dict_0003_0178" 8713
"/Engine/EngineMaterials/Substrate/Glints2/dict_0003_0177" 8714
"/Engine/EngineMaterials/Substrate/Glints2/dict_0003_0176" 8715
"/Engine/EngineMaterials/Substrate/Glints2/dict_0003_0175" 8716
"/Engine/EngineMaterials/Substrate/Glints2/dict_0003_0174" 8717
"/Engine/EngineMaterials/Substrate/Glints2/dict_0003_0173" 8718
"/Engine/EngineMaterials/Substrate/Glints2/dict_0003_0172" 8719
"/Engine/EngineMaterials/Substrate/Glints2/dict_0003_0171" 8720
"/Engine/EngineMaterials/Substrate/Glints2/dict_0003_0170" 8721
"/Engine/EngineMaterials/Substrate/Glints2/dict_0003_0169" 8722
"/Engine/EngineMaterials/Substrate/Glints2/dict_0003_0168" 8723
"/Engine/EngineMaterials/Substrate/Glints2/dict_0003_0167" 8724
"/Engine/EngineMaterials/Substrate/Glints2/dict_0003_0166" 8725
"/Engine/EngineMaterials/Substrate/Glints2/dict_0003_0165" 8726
"../../../Engine/Content/EngineMaterials/Substrate/Glints2/dict_0003_0206.uasset" 8727
"../../../Engine/Content/EngineMaterials/Substrate/Glints2/dict_0003_0204.uasset" 8728
"../../../Engine/Content/EngineMaterials/Substrate/Glints2/dict_0003_0210.uasset" 8729
"../../../Engine/Content/EngineMaterials/Substrate/Glints2/dict_0003_0208.uasset" 8730
"../../../Engine/Content/EngineMaterials/Substrate/Glints2/dict_0003_0197.uasset" 8731
"../../../Engine/Content/EngineMaterials/Substrate/Glints2/dict_0003_0213.uasset" 8732
"../../../Engine/Content/EngineMaterials/Substrate/Glints2/dict_0003_0209.uasset" 8733
"/Engine/EngineMaterials/Substrate/Glints2/dict_0003_0196" 8734
"../../../Engine/Content/EngineMaterials/Substrate/Glints2/dict_0003_0212.uasset" 8735
"../../../Engine/Content/EngineMaterials/Substrate/Glints2/dict_0003_0211.uasset" 8736
"../../../Engine/Content/EngineMaterials/Substrate/Glints2/dict_0003_0215.uasset" 8737
"../../../Engine/Content/EngineMaterials/Substrate/Glints2/dict_0003_0214.uasset" 8738
"../../../Engine/Content/EngineMaterials/Substrate/Glints2/dict_0003_0217.uasset" 8739
"../../../Engine/Content/EngineMaterials/Substrate/Glints2/dict_0003_0199.uasset" 8740
"../../../Engine/Content/EngineMaterials/Substrate/Glints2/dict_0003_0207.uasset" 8741
"../../../Engine/Content/EngineMaterials/Substrate/Glints2/dict_0003_0216.uasset" 8742
"../../../Engine/Content/EngineMaterials/Substrate/Glints2/dict_0003_0201.uasset" 8743
"../../../Engine/Content/EngineMaterials/Substrate/Glints2/dict_0003_0203.uasset" 8744
"../../../Engine/Content/EngineMaterials/Substrate/Glints2/dict_0003_0202.uasset" 8745
"../../../Engine/Content/EngineMaterials/Substrate/Glints2/dict_0003_0200.uasset" 8746
"../../../Engine/Content/EngineMaterials/Substrate/Glints2/dict_0003_0205.uasset" 8747
"../../../Engine/Content/EngineMaterials/Substrate/Glints2/dict_0003_0198.uasset" 8748
"/Engine/EngineMaterials/Substrate/Glints2/dict_0003_0195" 8749
"/Engine/EngineMaterials/Substrate/Glints2/dict_0003_0194" 8750
"/Engine/EngineMaterials/Substrate/Glints2/dict_0003_0193" 8751
"/Engine/EngineMaterials/Substrate/Glints2/dict_0003_0192" 8752
"/Engine/EngineMaterials/Substrate/Glints2/dict_0003_0191" 8753
"/Engine/EngineMaterials/Substrate/Glints2/dict_0003_0190" 8754
"/Engine/EngineMaterials/Substrate/Glints2/dict_0003_0189" 8755
"/Engine/EngineMaterials/Substrate/Glints2/dict_0003_0188" 8756
"/Engine/EngineMaterials/Substrate/Glints2/dict_0003_0187" 8757
"/Engine/EngineMaterials/Substrate/Glints2/dict_0003_0186" 8758
"../../../Engine/Content/EngineMaterials/Substrate/Glints2/dict_0003_0225.uasset" 8759
"../../../Engine/Content/EngineMaterials/Substrate/Glints2/dict_0003_0224.uasset" 8760
"../../../Engine/Content/EngineMaterials/Substrate/Glints2/dict_0003_0223.uasset" 8761
"../../../Engine/Content/EngineMaterials/Substrate/Glints2/dict_0003_0226.uasset" 8762
"../../../Engine/Content/EngineMaterials/Substrate/Glints2/dict_0003_0218.uasset" 8763
"/Engine/EngineMaterials/Substrate/Glints2/dict_0003_0217" 8764
"../../../Engine/Content/EngineMaterials/Substrate/Glints2/dict_0003_0219.uasset" 8765
"../../../Engine/Content/EngineMaterials/Substrate/Glints2/dict_0003_0221.uasset" 8766
"../../../Engine/Content/EngineMaterials/Substrate/Glints2/dict_0003_0220.uasset" 8767
"../../../Engine/Content/EngineMaterials/Substrate/Glints2/dict_0003_0228.uasset" 8768
"../../../Engine/Content/EngineMaterials/Substrate/Glints2/dict_0003_0222.uasset" 8769
"../../../Engine/Content/EngineMaterials/Substrate/Glints2/dict_0003_0227.uasset" 8770
"/Engine/EngineMaterials/Substrate/Glints2/dict_0003_0216" 8771
"/Engine/EngineMaterials/Substrate/Glints2/dict_0003_0215" 8772
"/Engine/EngineMaterials/Substrate/Glints2/dict_0003_0214" 8773
"/Engine/EngineMaterials/Substrate/Glints2/dict_0003_0213" 8774
"/Engine/EngineMaterials/Substrate/Glints2/dict_0003_0212" 8775
"/Engine/EngineMaterials/Substrate/Glints2/dict_0003_0211" 8776
"/Engine/EngineMaterials/Substrate/Glints2/dict_0003_0210" 8777
"/Engine/EngineMaterials/Substrate/Glints2/dict_0003_0209" 8778
"/Engine/EngineMaterials/Substrate/Glints2/dict_0003_0208" 8779
"/Engine/EngineMaterials/Substrate/Glints2/dict_0003_0207" 8780
"/Engine/EngineMaterials/Substrate/Glints2/dict_0003_0206" 8781
"/Engine/EngineMaterials/Substrate/Glints2/dict_0003_0205" 8782
"/Engine/EngineMaterials/Substrate/Glints2/dict_0003_0204" 8783
"/Engine/EngineMaterials/Substrate/Glints2/dict_0003_0203" 8784
"/Engine/EngineMaterials/Substrate/Glints2/dict_0003_0202" 8785
"/Engine/EngineMaterials/Substrate/Glints2/dict_0003_0201" 8786
"/Engine/EngineMaterials/Substrate/Glints2/dict_0003_0200" 8787
"/Engine/EngineMaterials/Substrate/Glints2/dict_0003_0199" 8788
"/Engine/EngineMaterials/Substrate/Glints2/dict_0003_0198" 8789
"/Engine/EngineMaterials/Substrate/Glints2/dict_0003_0197" 8790
"../../../Engine/Content/EngineMaterials/Substrate/Glints2/dict_0003_0231.uasset" 8791
"../../../Engine/Content/EngineMaterials/Substrate/Glints2/dict_0003_0241.uasset" 8792
"../../../Engine/Content/EngineMaterials/Substrate/Glints2/dict_0003_0230.uasset" 8793
"../../../Engine/Content/EngineMaterials/Substrate/Glints2/dict_0003_0238.uasset" 8794
"../../../Engine/Content/EngineMaterials/Substrate/Glints2/dict_0003_0242.uasset" 8795
"../../../Engine/Content/EngineMaterials/Substrate/Glints2/dict_0003_0244.uasset" 8796
"../../../Engine/Content/EngineMaterials/Substrate/Glints2/dict_0003_0239.uasset" 8797
"/Engine/EngineMaterials/Substrate/Glints2/dict_0003_0228" 8798
"../../../Engine/Content/EngineMaterials/Substrate/Glints2/dict_0003_0240.uasset" 8799
"../../../Engine/Content/EngineMaterials/Substrate/Glints2/dict_0003_0245.uasset" 8800
"../../../Engine/Content/EngineMaterials/Substrate/Glints2/dict_0003_0247.uasset" 8801
"../../../Engine/Content/EngineMaterials/Substrate/Glints2/dict_0003_0229.uasset" 8802
"../../../Engine/Content/EngineMaterials/Substrate/Glints2/dict_0003_0248.uasset" 8803
"../../../Engine/Content/EngineMaterials/Substrate/Glints2/dict_0003_0237.uasset" 8804
"../../../Engine/Content/EngineMaterials/Substrate/Glints2/dict_0003_0234.uasset" 8805
"../../../Engine/Content/EngineMaterials/Substrate/Glints2/dict_0003_0249.uasset" 8806
"../../../Engine/Content/EngineMaterials/Substrate/Glints2/dict_0003_0243.uasset" 8807
"../../../Engine/Content/EngineMaterials/Substrate/Glints2/dict_0003_0233.uasset" 8808
"../../../Engine/Content/EngineMaterials/Substrate/Glints2/dict_0003_0232.uasset" 8809
"../../../Engine/Content/EngineMaterials/Substrate/Glints2/dict_0003_0246.uasset" 8810
"../../../Engine/Content/EngineMaterials/Substrate/Glints2/dict_0003_0235.uasset" 8811
"../../../Engine/Content/EngineMaterials/Substrate/Glints2/dict_0003_0236.uasset" 8812
"/Engine/EngineMaterials/Substrate/Glints2/dict_0003_0227" 8813
"/Engine/EngineMaterials/Substrate/Glints2/dict_0003_0226" 8814
"/Engine/EngineMaterials/Substrate/Glints2/dict_0003_0225" 8815
"/Engine/EngineMaterials/Substrate/Glints2/dict_0003_0224" 8816
"/Engine/EngineMaterials/Substrate/Glints2/dict_0003_0223" 8817
"/Engine/EngineMaterials/Substrate/Glints2/dict_0003_0222" 8818
"/Engine/EngineMaterials/Substrate/Glints2/dict_0003_0221" 8819
"/Engine/EngineMaterials/Substrate/Glints2/dict_0003_0220" 8820
"/Engine/EngineMaterials/Substrate/Glints2/dict_0003_0219" 8821
"/Engine/EngineMaterials/Substrate/Glints2/dict_0003_0218" 8822
"../../../Engine/Content/EngineMaterials/Substrate/Glints2/dict_0003_0250.uasset" 8823
"../../../Engine/Content/EngineMaterials/Substrate/Glints2/dict_0003_0251.uasset" 8824
"../../../Engine/Content/EngineMaterials/Substrate/Glints2/dict_0003_0252.uasset" 8825
"/Engine/EngineMaterials/Substrate/Glints2/dict_0003_0249" 8826
"../../../Engine/Content/EngineMaterials/Substrate/Glints2/dict_0003_0254.uasset" 8827
"../../../Engine/Content/EngineMaterials/Substrate/Glints2/dict_0004_0000.uasset" 8828
"../../../Engine/Content/EngineMaterials/Substrate/Glints2/dict_0004_0003.uasset" 8829
"../../../Engine/Content/EngineMaterials/Substrate/Glints2/dict_0004_0004.uasset" 8830
"../../../Engine/Content/EngineMaterials/Substrate/Glints2/dict_0004_0002.uasset" 8831
"../../../Engine/Content/EngineMaterials/Substrate/Glints2/dict_0003_0253.uasset" 8832
"../../../Engine/Content/EngineMaterials/Substrate/Glints2/dict_0004_0001.uasset" 8833
"../../../Engine/Content/EngineMaterials/Substrate/Glints2/dict_0003_0255.uasset" 8834
"/Engine/EngineMaterials/Substrate/Glints2/dict_0003_0248" 8835
"/Engine/EngineMaterials/Substrate/Glints2/dict_0003_0247" 8836
"/Engine/EngineMaterials/Substrate/Glints2/dict_0003_0246" 8837
"/Engine/EngineMaterials/Substrate/Glints2/dict_0003_0245" 8838
"/Engine/EngineMaterials/Substrate/Glints2/dict_0003_0244" 8839
"/Engine/EngineMaterials/Substrate/Glints2/dict_0003_0243" 8840
"/Engine/EngineMaterials/Substrate/Glints2/dict_0003_0242" 8841
"/Engine/EngineMaterials/Substrate/Glints2/dict_0003_0241" 8842
"/Engine/EngineMaterials/Substrate/Glints2/dict_0003_0240" 8843
"/Engine/EngineMaterials/Substrate/Glints2/dict_0003_0239" 8844
"/Engine/EngineMaterials/Substrate/Glints2/dict_0003_0238" 8845
"/Engine/EngineMaterials/Substrate/Glints2/dict_0003_0237" 8846
"/Engine/EngineMaterials/Substrate/Glints2/dict_0003_0236" 8847
"/Engine/EngineMaterials/Substrate/Glints2/dict_0003_0235" 8848
"/Engine/EngineMaterials/Substrate/Glints2/dict_0003_0234" 8849
"/Engine/EngineMaterials/Substrate/Glints2/dict_0003_0233" 8850
"/Engine/EngineMaterials/Substrate/Glints2/dict_0003_0232" 8851
"/Engine/EngineMaterials/Substrate/Glints2/dict_0003_0231" 8852
"/Engine/EngineMaterials/Substrate/Glints2/dict_0003_0230" 8853
"/Engine/EngineMaterials/Substrate/Glints2/dict_0003_0229" 8854
"../../../Engine/Content/EngineMaterials/Substrate/Glints2/dict_0004_0014.uasset" 8855
"../../../Engine/Content/EngineMaterials/Substrate/Glints2/dict_0004_0016.uasset" 8856
"../../../Engine/Content/EngineMaterials/Substrate/Glints2/dict_0004_0021.uasset" 8857
"/Engine/EngineMaterials/Substrate/Glints2/dict_0004_0004" 8858
"../../../Engine/Content/EngineMaterials/Substrate/Glints2/dict_0004_0007.uasset" 8859
"../../../Engine/Content/EngineMaterials/Substrate/Glints2/dict_0004_0022.uasset" 8860
"../../../Engine/Content/EngineMaterials/Substrate/Glints2/dict_0004_0009.uasset" 8861
"../../../Engine/Content/EngineMaterials/Substrate/Glints2/dict_0004_0010.uasset" 8862
"../../../Engine/Content/EngineMaterials/Substrate/Glints2/dict_0004_0005.uasset" 8863
"../../../Engine/Content/EngineMaterials/Substrate/Glints2/dict_0004_0011.uasset" 8864
"../../../Engine/Content/EngineMaterials/Substrate/Glints2/dict_0004_0013.uasset" 8865
"../../../Engine/Content/EngineMaterials/Substrate/Glints2/dict_0004_0018.uasset" 8866
"../../../Engine/Content/EngineMaterials/Substrate/Glints2/dict_0004_0020.uasset" 8867
"../../../Engine/Content/EngineMaterials/Substrate/Glints2/dict_0004_0012.uasset" 8868
"../../../Engine/Content/EngineMaterials/Substrate/Glints2/dict_0004_0008.uasset" 8869
"../../../Engine/Content/EngineMaterials/Substrate/Glints2/dict_0004_0023.uasset" 8870
"../../../Engine/Content/EngineMaterials/Substrate/Glints2/dict_0004_0019.uasset" 8871
"../../../Engine/Content/EngineMaterials/Substrate/Glints2/dict_0004_0006.uasset" 8872
"../../../Engine/Content/EngineMaterials/Substrate/Glints2/dict_0004_0024.uasset" 8873
"../../../Engine/Content/EngineMaterials/Substrate/Glints2/dict_0004_0017.uasset" 8874
"/Engine/EngineMaterials/Substrate/Glints2/dict_0004_0003" 8875
"../../../Engine/Content/EngineMaterials/Substrate/Glints2/dict_0004_0025.uasset" 8876
"../../../Engine/Content/EngineMaterials/Substrate/Glints2/dict_0004_0015.uasset" 8877
"/Engine/EngineMaterials/Substrate/Glints2/dict_0004_0002" 8878
"/Engine/EngineMaterials/Substrate/Glints2/dict_0004_0001" 8879
"/Engine/EngineMaterials/Substrate/Glints2/dict_0004_0000" 8880
"/Engine/EngineMaterials/Substrate/Glints2/dict_0003_0255" 8881
"/Engine/EngineMaterials/Substrate/Glints2/dict_0003_0254" 8882
"/Engine/EngineMaterials/Substrate/Glints2/dict_0003_0253" 8883
"/Engine/EngineMaterials/Substrate/Glints2/dict_0003_0252" 8884
"/Engine/EngineMaterials/Substrate/Glints2/dict_0003_0251" 8885
"/Engine/EngineMaterials/Substrate/Glints2/dict_0003_0250" 8886
"../../../Engine/Content/EngineMaterials/Substrate/Glints2/dict_0004_0027.uasset" 8887
"../../../Engine/Content/EngineMaterials/Substrate/Glints2/dict_0004_0030.uasset" 8888
"../../../Engine/Content/EngineMaterials/Substrate/Glints2/dict_0004_0036.uasset" 8889
"../../../Engine/Content/EngineMaterials/Substrate/Glints2/dict_0004_0029.uasset" 8890
"../../../Engine/Content/EngineMaterials/Substrate/Glints2/dict_0004_0033.uasset" 8891
"/Engine/EngineMaterials/Substrate/Glints2/dict_0004_0025" 8892
"../../../Engine/Content/EngineMaterials/Substrate/Glints2/dict_0004_0032.uasset" 8893
"../../../Engine/Content/EngineMaterials/Substrate/Glints2/dict_0004_0035.uasset" 8894
"../../../Engine/Content/EngineMaterials/Substrate/Glints2/dict_0004_0028.uasset" 8895
"../../../Engine/Content/EngineMaterials/Substrate/Glints2/dict_0004_0031.uasset" 8896
"../../../Engine/Content/EngineMaterials/Substrate/Glints2/dict_0004_0034.uasset" 8897
"../../../Engine/Content/EngineMaterials/Substrate/Glints2/dict_0004_0026.uasset" 8898
"/Engine/EngineMaterials/Substrate/Glints2/dict_0004_0024" 8899
"/Engine/EngineMaterials/Substrate/Glints2/dict_0004_0023" 8900
"/Engine/EngineMaterials/Substrate/Glints2/dict_0004_0022" 8901
"/Engine/EngineMaterials/Substrate/Glints2/dict_0004_0021" 8902
"/Engine/EngineMaterials/Substrate/Glints2/dict_0004_0020" 8903
"/Engine/EngineMaterials/Substrate/Glints2/dict_0004_0019" 8904
"/Engine/EngineMaterials/Substrate/Glints2/dict_0004_0018" 8905
"/Engine/EngineMaterials/Substrate/Glints2/dict_0004_0017" 8906
"/Engine/EngineMaterials/Substrate/Glints2/dict_0004_0016" 8907
"/Engine/EngineMaterials/Substrate/Glints2/dict_0004_0015" 8908
"/Engine/EngineMaterials/Substrate/Glints2/dict_0004_0014" 8909
"/Engine/EngineMaterials/Substrate/Glints2/dict_0004_0013" 8910
"/Engine/EngineMaterials/Substrate/Glints2/dict_0004_0012" 8911
"/Engine/EngineMaterials/Substrate/Glints2/dict_0004_0011" 8912
"/Engine/EngineMaterials/Substrate/Glints2/dict_0004_0010" 8913
"/Engine/EngineMaterials/Substrate/Glints2/dict_0004_0009" 8914
"/Engine/EngineMaterials/Substrate/Glints2/dict_0004_0008" 8915
"/Engine/EngineMaterials/Substrate/Glints2/dict_0004_0007" 8916
"/Engine/EngineMaterials/Substrate/Glints2/dict_0004_0006" 8917
"/Engine/EngineMaterials/Substrate/Glints2/dict_0004_0005" 8918
"../../../Engine/Content/EngineMaterials/Substrate/Glints2/dict_0004_0037.uasset" 8919
"../../../Engine/Content/EngineMaterials/Substrate/Glints2/dict_0004_0039.uasset" 8920
"../../../Engine/Content/EngineMaterials/Substrate/Glints2/dict_0004_0044.uasset" 8921
"../../../Engine/Content/EngineMaterials/Substrate/Glints2/dict_0004_0052.uasset" 8922
"../../../Engine/Content/EngineMaterials/Substrate/Glints2/dict_0004_0049.uasset" 8923
"../../../Engine/Content/EngineMaterials/Substrate/Glints2/dict_0004_0047.uasset" 8924
"/Engine/EngineMaterials/Substrate/Glints2/dict_0004_0036" 8925
"../../../Engine/Content/EngineMaterials/Substrate/Glints2/dict_0004_0046.uasset" 8926
"../../../Engine/Content/EngineMaterials/Substrate/Glints2/dict_0004_0051.uasset" 8927
"../../../Engine/Content/EngineMaterials/Substrate/Glints2/dict_0004_0040.uasset" 8928
"../../../Engine/Content/EngineMaterials/Substrate/Glints2/dict_0004_0055.uasset" 8929
"../../../Engine/Content/EngineMaterials/Substrate/Glints2/dict_0004_0057.uasset" 8930
"../../../Engine/Content/EngineMaterials/Substrate/Glints2/dict_0004_0056.uasset" 8931
"../../../Engine/Content/EngineMaterials/Substrate/Glints2/dict_0004_0050.uasset" 8932
"../../../Engine/Content/EngineMaterials/Substrate/Glints2/dict_0004_0043.uasset" 8933
"../../../Engine/Content/EngineMaterials/Substrate/Glints2/dict_0004_0054.uasset" 8934
"../../../Engine/Content/EngineMaterials/Substrate/Glints2/dict_0004_0053.uasset" 8935
"../../../Engine/Content/EngineMaterials/Substrate/Glints2/dict_0004_0048.uasset" 8936
"../../../Engine/Content/EngineMaterials/Substrate/Glints2/dict_0004_0038.uasset" 8937
"../../../Engine/Content/EngineMaterials/Substrate/Glints2/dict_0004_0041.uasset" 8938
"../../../Engine/Content/EngineMaterials/Substrate/Glints2/dict_0004_0045.uasset" 8939
"../../../Engine/Content/EngineMaterials/Substrate/Glints2/dict_0004_0042.uasset" 8940
"/Engine/EngineMaterials/Substrate/Glints2/dict_0004_0035" 8941
"/Engine/EngineMaterials/Substrate/Glints2/dict_0004_0034" 8942
"/Engine/EngineMaterials/Substrate/Glints2/dict_0004_0033" 8943
"/Engine/EngineMaterials/Substrate/Glints2/dict_0004_0032" 8944
"/Engine/EngineMaterials/Substrate/Glints2/dict_0004_0031" 8945
"/Engine/EngineMaterials/Substrate/Glints2/dict_0004_0030" 8946
"/Engine/EngineMaterials/Substrate/Glints2/dict_0004_0029" 8947
"/Engine/EngineMaterials/Substrate/Glints2/dict_0004_0028" 8948
"/Engine/EngineMaterials/Substrate/Glints2/dict_0004_0027" 8949
"/Engine/EngineMaterials/Substrate/Glints2/dict_0004_0026" 8950
"../../../Engine/Content/EngineMaterials/Substrate/Glints2/dict_0004_0058.uasset" 8951
"../../../Engine/Content/EngineMaterials/Substrate/Glints2/dict_0004_0059.uasset" 8952
"../../../Engine/Content/EngineMaterials/Substrate/Glints2/dict_0004_0068.uasset" 8953
"../../../Engine/Content/EngineMaterials/Substrate/Glints2/dict_0004_0064.uasset" 8954
"../../../Engine/Content/EngineMaterials/Substrate/Glints2/dict_0004_0061.uasset" 8955
"../../../Engine/Content/EngineMaterials/Substrate/Glints2/dict_0004_0060.uasset" 8956
"../../../Engine/Content/EngineMaterials/Substrate/Glints2/dict_0004_0067.uasset" 8957
"../../../Engine/Content/EngineMaterials/Substrate/Glints2/dict_0004_0066.uasset" 8958
"../../../Engine/Content/EngineMaterials/Substrate/Glints2/dict_0004_0062.uasset" 8959
"/Engine/EngineMaterials/Substrate/Glints2/dict_0004_0057" 8960
"../../../Engine/Content/EngineMaterials/Substrate/Glints2/dict_0004_0063.uasset" 8961
"../../../Engine/Content/EngineMaterials/Substrate/Glints2/dict_0004_0065.uasset" 8962
"/Engine/EngineMaterials/Substrate/Glints2/dict_0004_0056" 8963
"/Engine/EngineMaterials/Substrate/Glints2/dict_0004_0055" 8964
"/Engine/EngineMaterials/Substrate/Glints2/dict_0004_0054" 8965
"/Engine/EngineMaterials/Substrate/Glints2/dict_0004_0053" 8966
"/Engine/EngineMaterials/Substrate/Glints2/dict_0004_0052" 8967
"/Engine/EngineMaterials/Substrate/Glints2/dict_0004_0051" 8968
"/Engine/EngineMaterials/Substrate/Glints2/dict_0004_0050" 8969
"/Engine/EngineMaterials/Substrate/Glints2/dict_0004_0049" 8970
"/Engine/EngineMaterials/Substrate/Glints2/dict_0004_0048" 8971
"/Engine/EngineMaterials/Substrate/Glints2/dict_0004_0047" 8972
"/Engine/EngineMaterials/Substrate/Glints2/dict_0004_0046" 8973
"/Engine/EngineMaterials/Substrate/Glints2/dict_0004_0045" 8974
"/Engine/EngineMaterials/Substrate/Glints2/dict_0004_0044" 8975
"/Engine/EngineMaterials/Substrate/Glints2/dict_0004_0043" 8976
"/Engine/EngineMaterials/Substrate/Glints2/dict_0004_0042" 8977
"/Engine/EngineMaterials/Substrate/Glints2/dict_0004_0041" 8978
"/Engine/EngineMaterials/Substrate/Glints2/dict_0004_0040" 8979
"/Engine/EngineMaterials/Substrate/Glints2/dict_0004_0039" 8980
"/Engine/EngineMaterials/Substrate/Glints2/dict_0004_0038" 8981
"/Engine/EngineMaterials/Substrate/Glints2/dict_0004_0037" 8982
"../../../Engine/Content/EngineMaterials/Substrate/Glints2/dict_0004_0078.uasset" 8983
"../../../Engine/Content/EngineMaterials/Substrate/Glints2/dict_0004_0077.uasset" 8984
"../../../Engine/Content/EngineMaterials/Substrate/Glints2/dict_0004_0072.uasset" 8985
"../../../Engine/Content/EngineMaterials/Substrate/Glints2/dict_0004_0074.uasset" 8986
"../../../Engine/Content/EngineMaterials/Substrate/Glints2/dict_0004_0073.uasset" 8987
"../../../Engine/Content/EngineMaterials/Substrate/Glints2/dict_0004_0076.uasset" 8988
"../../../Engine/Content/EngineMaterials/Substrate/Glints2/dict_0004_0080.uasset" 8989
"/Engine/EngineMaterials/Substrate/Glints2/dict_0004_0068" 8990
"../../../Engine/Content/EngineMaterials/Substrate/Glints2/dict_0004_0075.uasset" 8991
"../../../Engine/Content/EngineMaterials/Substrate/Glints2/dict_0004_0087.uasset" 8992
"../../../Engine/Content/EngineMaterials/Substrate/Glints2/dict_0004_0081.uasset" 8993
"../../../Engine/Content/EngineMaterials/Substrate/Glints2/dict_0004_0089.uasset" 8994
"../../../Engine/Content/EngineMaterials/Substrate/Glints2/dict_0004_0069.uasset" 8995
"../../../Engine/Content/EngineMaterials/Substrate/Glints2/dict_0004_0088.uasset" 8996
"../../../Engine/Content/EngineMaterials/Substrate/Glints2/dict_0004_0086.uasset" 8997
"../../../Engine/Content/EngineMaterials/Substrate/Glints2/dict_0004_0085.uasset" 8998
"../../../Engine/Content/EngineMaterials/Substrate/Glints2/dict_0004_0082.uasset" 8999
"../../../Engine/Content/EngineMaterials/Substrate/Glints2/dict_0004_0079.uasset" 9000
"../../../Engine/Content/EngineMaterials/Substrate/Glints2/dict_0004_0070.uasset" 9001
"../../../Engine/Content/EngineMaterials/Substrate/Glints2/dict_0004_0071.uasset" 9002
"../../../Engine/Content/EngineMaterials/Substrate/Glints2/dict_0004_0083.uasset" 9003
"../../../Engine/Content/EngineMaterials/Substrate/Glints2/dict_0004_0084.uasset" 9004
"/Engine/EngineMaterials/Substrate/Glints2/dict_0004_0067" 9005
"/Engine/EngineMaterials/Substrate/Glints2/dict_0004_0066" 9006
"/Engine/EngineMaterials/Substrate/Glints2/dict_0004_0065" 9007
"/Engine/EngineMaterials/Substrate/Glints2/dict_0004_0064" 9008
"/Engine/EngineMaterials/Substrate/Glints2/dict_0004_0063" 9009
"/Engine/EngineMaterials/Substrate/Glints2/dict_0004_0062" 9010
"/Engine/EngineMaterials/Substrate/Glints2/dict_0004_0061" 9011
"/Engine/EngineMaterials/Substrate/Glints2/dict_0004_0060" 9012
"/Engine/EngineMaterials/Substrate/Glints2/dict_0004_0059" 9013
"/Engine/EngineMaterials/Substrate/Glints2/dict_0004_0058" 9014
"../../../Engine/Content/EngineMaterials/Substrate/Glints2/dict_0004_0090.uasset" 9015
"../../../Engine/Content/EngineMaterials/Substrate/Glints2/dict_0004_0094.uasset" 9016
"../../../Engine/Content/EngineMaterials/Substrate/Glints2/dict_0004_0098.uasset" 9017
"../../../Engine/Content/EngineMaterials/Substrate/Glints2/dict_0004_0097.uasset" 9018
"../../../Engine/Content/EngineMaterials/Substrate/Glints2/dict_0004_0099.uasset" 9019
"../../../Engine/Content/EngineMaterials/Substrate/Glints2/dict_0004_0100.uasset" 9020
"/Engine/EngineMaterials/Substrate/Glints2/dict_0004_0089" 9021
"../../../Engine/Content/EngineMaterials/Substrate/Glints2/dict_0004_0096.uasset" 9022
"../../../Engine/Content/EngineMaterials/Substrate/Glints2/dict_0004_0091.uasset" 9023
"../../../Engine/Content/EngineMaterials/Substrate/Glints2/dict_0004_0095.uasset" 9024
"../../../Engine/Content/EngineMaterials/Substrate/Glints2/dict_0004_0093.uasset" 9025
"../../../Engine/Content/EngineMaterials/Substrate/Glints2/dict_0004_0092.uasset" 9026
"/Engine/EngineMaterials/Substrate/Glints2/dict_0004_0088" 9027
"/Engine/EngineMaterials/Substrate/Glints2/dict_0004_0087" 9028
"/Engine/EngineMaterials/Substrate/Glints2/dict_0004_0086" 9029
"/Engine/EngineMaterials/Substrate/Glints2/dict_0004_0085" 9030
"/Engine/EngineMaterials/Substrate/Glints2/dict_0004_0084" 9031
"/Engine/EngineMaterials/Substrate/Glints2/dict_0004_0083" 9032
"/Engine/EngineMaterials/Substrate/Glints2/dict_0004_0082" 9033
"/Engine/EngineMaterials/Substrate/Glints2/dict_0004_0081" 9034
"/Engine/EngineMaterials/Substrate/Glints2/dict_0004_0080" 9035
"/Engine/EngineMaterials/Substrate/Glints2/dict_0004_0079" 9036
"/Engine/EngineMaterials/Substrate/Glints2/dict_0004_0078" 9037
"/Engine/EngineMaterials/Substrate/Glints2/dict_0004_0077" 9038
"/Engine/EngineMaterials/Substrate/Glints2/dict_0004_0076" 9039
"/Engine/EngineMaterials/Substrate/Glints2/dict_0004_0075" 9040
"/Engine/EngineMaterials/Substrate/Glints2/dict_0004_0074" 9041
"/Engine/EngineMaterials/Substrate/Glints2/dict_0004_0073" 9042
"/Engine/EngineMaterials/Substrate/Glints2/dict_0004_0072" 9043
"/Engine/EngineMaterials/Substrate/Glints2/dict_0004_0071" 9044
"/Engine/EngineMaterials/Substrate/Glints2/dict_0004_0070" 9045
"/Engine/EngineMaterials/Substrate/Glints2/dict_0004_0069" 9046
"../../../Engine/Content/EngineMaterials/Substrate/Glints2/dict_0004_0101.uasset" 9047
"../../../Engine/Content/EngineMaterials/Substrate/Glints2/dict_0004_0103.uasset" 9048
"../../../Engine/Content/EngineMaterials/Substrate/Glints2/dict_0004_0115.uasset" 9049
"../../../Engine/Content/EngineMaterials/Substrate/Glints2/dict_0004_0112.uasset" 9050
"../../../Engine/Content/EngineMaterials/Substrate/Glints2/dict_0004_0114.uasset" 9051
"../../../Engine/Content/EngineMaterials/Substrate/Glints2/dict_0004_0108.uasset" 9052
"../../../Engine/Content/EngineMaterials/Substrate/Glints2/dict_0004_0102.uasset" 9053
"../../../Engine/Content/EngineMaterials/Substrate/Glints2/dict_0004_0113.uasset" 9054
"/Engine/EngineMaterials/Substrate/Glints2/dict_0004_0100" 9055
"../../../Engine/Content/EngineMaterials/Substrate/Glints2/dict_0004_0106.uasset" 9056
"../../../Engine/Content/EngineMaterials/Substrate/Glints2/dict_0004_0119.uasset" 9057
"../../../Engine/Content/EngineMaterials/Substrate/Glints2/dict_0004_0117.uasset" 9058
"../../../Engine/Content/EngineMaterials/Substrate/Glints2/dict_0004_0120.uasset" 9059
"../../../Engine/Content/EngineMaterials/Substrate/Glints2/dict_0004_0107.uasset" 9060
"../../../Engine/Content/EngineMaterials/Substrate/Glints2/dict_0004_0121.uasset" 9061
"../../../Engine/Content/EngineMaterials/Substrate/Glints2/dict_0004_0105.uasset" 9062
"../../../Engine/Content/EngineMaterials/Substrate/Glints2/dict_0004_0118.uasset" 9063
"../../../Engine/Content/EngineMaterials/Substrate/Glints2/dict_0004_0110.uasset" 9064
"../../../Engine/Content/EngineMaterials/Substrate/Glints2/dict_0004_0109.uasset" 9065
"../../../Engine/Content/EngineMaterials/Substrate/Glints2/dict_0004_0111.uasset" 9066
"../../../Engine/Content/EngineMaterials/Substrate/Glints2/dict_0004_0104.uasset" 9067
"../../../Engine/Content/EngineMaterials/Substrate/Glints2/dict_0004_0116.uasset" 9068
"/Engine/EngineMaterials/Substrate/Glints2/dict_0004_0099" 9069
"/Engine/EngineMaterials/Substrate/Glints2/dict_0004_0098" 9070
"/Engine/EngineMaterials/Substrate/Glints2/dict_0004_0097" 9071
"/Engine/EngineMaterials/Substrate/Glints2/dict_0004_0096" 9072
"/Engine/EngineMaterials/Substrate/Glints2/dict_0004_0095" 9073
"/Engine/EngineMaterials/Substrate/Glints2/dict_0004_0094" 9074
"/Engine/EngineMaterials/Substrate/Glints2/dict_0004_0093" 9075
"/Engine/EngineMaterials/Substrate/Glints2/dict_0004_0092" 9076
"/Engine/EngineMaterials/Substrate/Glints2/dict_0004_0091" 9077
"/Engine/EngineMaterials/Substrate/Glints2/dict_0004_0090" 9078
"../../../Engine/Content/EngineMaterials/Substrate/Glints2/dict_0004_0122.uasset" 9079
"../../../Engine/Content/EngineMaterials/Substrate/Glints2/dict_0004_0123.uasset" 9080
"../../../Engine/Content/EngineMaterials/Substrate/Glints2/dict_0004_0129.uasset" 9081
"../../../Engine/Content/EngineMaterials/Substrate/Glints2/dict_0004_0125.uasset" 9082
"../../../Engine/Content/EngineMaterials/Substrate/Glints2/dict_0004_0124.uasset" 9083
"../../../Engine/Content/EngineMaterials/Substrate/Glints2/dict_0004_0126.uasset" 9084
"/Engine/EngineMaterials/Substrate/Glints2/dict_0004_0121" 9085
"../../../Engine/Content/EngineMaterials/Substrate/Glints2/dict_0004_0127.uasset" 9086
"../../../Engine/Content/EngineMaterials/Substrate/Glints2/dict_0004_0131.uasset" 9087
"../../../Engine/Content/EngineMaterials/Substrate/Glints2/dict_0004_0132.uasset" 9088
"../../../Engine/Content/EngineMaterials/Substrate/Glints2/dict_0004_0128.uasset" 9089
"../../../Engine/Content/EngineMaterials/Substrate/Glints2/dict_0004_0130.uasset" 9090
"/Engine/EngineMaterials/Substrate/Glints2/dict_0004_0120" 9091
"/Engine/EngineMaterials/Substrate/Glints2/dict_0004_0119" 9092
"/Engine/EngineMaterials/Substrate/Glints2/dict_0004_0118" 9093
"/Engine/EngineMaterials/Substrate/Glints2/dict_0004_0117" 9094
"/Engine/EngineMaterials/Substrate/Glints2/dict_0004_0116" 9095
"/Engine/EngineMaterials/Substrate/Glints2/dict_0004_0115" 9096
"/Engine/EngineMaterials/Substrate/Glints2/dict_0004_0114" 9097
"/Engine/EngineMaterials/Substrate/Glints2/dict_0004_0113" 9098
"/Engine/EngineMaterials/Substrate/Glints2/dict_0004_0112" 9099
"/Engine/EngineMaterials/Substrate/Glints2/dict_0004_0111" 9100
"/Engine/EngineMaterials/Substrate/Glints2/dict_0004_0110" 9101
"/Engine/EngineMaterials/Substrate/Glints2/dict_0004_0109" 9102
"/Engine/EngineMaterials/Substrate/Glints2/dict_0004_0108" 9103
"/Engine/EngineMaterials/Substrate/Glints2/dict_0004_0107" 9104
"/Engine/EngineMaterials/Substrate/Glints2/dict_0004_0106" 9105
"/Engine/EngineMaterials/Substrate/Glints2/dict_0004_0105" 9106
"/Engine/EngineMaterials/Substrate/Glints2/dict_0004_0104" 9107
"/Engine/EngineMaterials/Substrate/Glints2/dict_0004_0103" 9108
"/Engine/EngineMaterials/Substrate/Glints2/dict_0004_0102" 9109
"/Engine/EngineMaterials/Substrate/Glints2/dict_0004_0101" 9110
"../../../Engine/Content/EngineMaterials/Substrate/Glints2/dict_0004_0135.uasset" 9111
"../../../Engine/Content/EngineMaterials/Substrate/Glints2/dict_0004_0134.uasset" 9112
"../../../Engine/Content/EngineMaterials/Substrate/Glints2/dict_0004_0140.uasset" 9113
"../../../Engine/Content/EngineMaterials/Substrate/Glints2/dict_0004_0133.uasset" 9114
"../../../Engine/Content/EngineMaterials/Substrate/Glints2/dict_0004_0144.uasset" 9115
"../../../Engine/Content/EngineMaterials/Substrate/Glints2/dict_0004_0146.uasset" 9116
"../../../Engine/Content/EngineMaterials/Substrate/Glints2/dict_0004_0143.uasset" 9117
"../../../Engine/Content/EngineMaterials/Substrate/Glints2/dict_0004_0141.uasset" 9118
"../../../Engine/Content/EngineMaterials/Substrate/Glints2/dict_0004_0152.uasset" 9119
"../../../Engine/Content/EngineMaterials/Substrate/Glints2/dict_0004_0151.uasset" 9120
"../../../Engine/Content/EngineMaterials/Substrate/Glints2/dict_0004_0139.uasset" 9121
"../../../Engine/Content/EngineMaterials/Substrate/Glints2/dict_0004_0136.uasset" 9122
"../../../Engine/Content/EngineMaterials/Substrate/Glints2/dict_0004_0142.uasset" 9123
"../../../Engine/Content/EngineMaterials/Substrate/Glints2/dict_0004_0153.uasset" 9124
"../../../Engine/Content/EngineMaterials/Substrate/Glints2/dict_0004_0147.uasset" 9125
"../../../Engine/Content/EngineMaterials/Substrate/Glints2/dict_0004_0149.uasset" 9126
"../../../Engine/Content/EngineMaterials/Substrate/Glints2/dict_0004_0150.uasset" 9127
"../../../Engine/Content/EngineMaterials/Substrate/Glints2/dict_0004_0148.uasset" 9128
"../../../Engine/Content/EngineMaterials/Substrate/Glints2/dict_0004_0138.uasset" 9129
"../../../Engine/Content/EngineMaterials/Substrate/Glints2/dict_0004_0145.uasset" 9130
"/Engine/EngineMaterials/Substrate/Glints2/dict_0004_0132" 9131
"../../../Engine/Content/EngineMaterials/Substrate/Glints2/dict_0004_0137.uasset" 9132
"/Engine/EngineMaterials/Substrate/Glints2/dict_0004_0131" 9133
"/Engine/EngineMaterials/Substrate/Glints2/dict_0004_0130" 9134
"/Engine/EngineMaterials/Substrate/Glints2/dict_0004_0129" 9135
"/Engine/EngineMaterials/Substrate/Glints2/dict_0004_0128" 9136
"/Engine/EngineMaterials/Substrate/Glints2/dict_0004_0127" 9137
"/Engine/EngineMaterials/Substrate/Glints2/dict_0004_0126" 9138
"/Engine/EngineMaterials/Substrate/Glints2/dict_0004_0125" 9139
"/Engine/EngineMaterials/Substrate/Glints2/dict_0004_0124" 9140
"/Engine/EngineMaterials/Substrate/Glints2/dict_0004_0123" 9141
"/Engine/EngineMaterials/Substrate/Glints2/dict_0004_0122" 9142
"../../../Engine/Content/EngineMaterials/Substrate/Glints2/dict_0004_0154.uasset" 9143
"../../../Engine/Content/EngineMaterials/Substrate/Glints2/dict_0004_0157.uasset" 9144
"../../../Engine/Content/EngineMaterials/Substrate/Glints2/dict_0004_0162.uasset" 9145
"../../../Engine/Content/EngineMaterials/Substrate/Glints2/dict_0004_0163.uasset" 9146
"../../../Engine/Content/EngineMaterials/Substrate/Glints2/dict_0004_0155.uasset" 9147
"../../../Engine/Content/EngineMaterials/Substrate/Glints2/dict_0004_0159.uasset" 9148
"/Engine/EngineMaterials/Substrate/Glints2/dict_0004_0153" 9149
"../../../Engine/Content/EngineMaterials/Substrate/Glints2/dict_0004_0164.uasset" 9150
"../../../Engine/Content/EngineMaterials/Substrate/Glints2/dict_0004_0156.uasset" 9151
"../../../Engine/Content/EngineMaterials/Substrate/Glints2/dict_0004_0161.uasset" 9152
"../../../Engine/Content/EngineMaterials/Substrate/Glints2/dict_0004_0158.uasset" 9153
"../../../Engine/Content/EngineMaterials/Substrate/Glints2/dict_0004_0160.uasset" 9154
"/Engine/EngineMaterials/Substrate/Glints2/dict_0004_0152" 9155
"/Engine/EngineMaterials/Substrate/Glints2/dict_0004_0151" 9156
"/Engine/EngineMaterials/Substrate/Glints2/dict_0004_0150" 9157
"/Engine/EngineMaterials/Substrate/Glints2/dict_0004_0149" 9158
"/Engine/EngineMaterials/Substrate/Glints2/dict_0004_0148" 9159
"/Engine/EngineMaterials/Substrate/Glints2/dict_0004_0147" 9160
"/Engine/EngineMaterials/Substrate/Glints2/dict_0004_0146" 9161
"/Engine/EngineMaterials/Substrate/Glints2/dict_0004_0145" 9162
"/Engine/EngineMaterials/Substrate/Glints2/dict_0004_0144" 9163
"/Engine/EngineMaterials/Substrate/Glints2/dict_0004_0143" 9164
"/Engine/EngineMaterials/Substrate/Glints2/dict_0004_0142" 9165
"/Engine/EngineMaterials/Substrate/Glints2/dict_0004_0141" 9166
"/Engine/EngineMaterials/Substrate/Glints2/dict_0004_0140" 9167
"/Engine/EngineMaterials/Substrate/Glints2/dict_0004_0139" 9168
"/Engine/EngineMaterials/Substrate/Glints2/dict_0004_0138" 9169
"/Engine/EngineMaterials/Substrate/Glints2/dict_0004_0137" 9170
"/Engine/EngineMaterials/Substrate/Glints2/dict_0004_0136" 9171
"/Engine/EngineMaterials/Substrate/Glints2/dict_0004_0135" 9172
"/Engine/EngineMaterials/Substrate/Glints2/dict_0004_0134" 9173
"/Engine/EngineMaterials/Substrate/Glints2/dict_0004_0133" 9174
"../../../Engine/Content/EngineMaterials/Substrate/Glints2/dict_0004_0167.uasset" 9175
"../../../Engine/Content/EngineMaterials/Substrate/Glints2/dict_0004_0179.uasset" 9176
"../../../Engine/Content/EngineMaterials/Substrate/Glints2/dict_0004_0174.uasset" 9177
"../../../Engine/Content/EngineMaterials/Substrate/Glints2/dict_0004_0176.uasset" 9178
"../../../Engine/Content/EngineMaterials/Substrate/Glints2/dict_0004_0169.uasset" 9179
"../../../Engine/Content/EngineMaterials/Substrate/Glints2/dict_0004_0170.uasset" 9180
"../../../Engine/Content/EngineMaterials/Substrate/Glints2/dict_0004_0181.uasset" 9181
"../../../Engine/Content/EngineMaterials/Substrate/Glints2/dict_0004_0177.uasset" 9182
"../../../Engine/Content/EngineMaterials/Substrate/Glints2/dict_0004_0171.uasset" 9183
"../../../Engine/Content/EngineMaterials/Substrate/Glints2/dict_0004_0178.uasset" 9184
"../../../Engine/Content/EngineMaterials/Substrate/Glints2/dict_0004_0168.uasset" 9185
"../../../Engine/Content/EngineMaterials/Substrate/Glints2/dict_0004_0165.uasset" 9186
"../../../Engine/Content/EngineMaterials/Substrate/Glints2/dict_0004_0185.uasset" 9187
"../../../Engine/Content/EngineMaterials/Substrate/Glints2/dict_0004_0182.uasset" 9188
"../../../Engine/Content/EngineMaterials/Substrate/Glints2/dict_0004_0183.uasset" 9189
"../../../Engine/Content/EngineMaterials/Substrate/Glints2/dict_0004_0175.uasset" 9190
"../../../Engine/Content/EngineMaterials/Substrate/Glints2/dict_0004_0180.uasset" 9191
"../../../Engine/Content/EngineMaterials/Substrate/Glints2/dict_0004_0173.uasset" 9192
"../../../Engine/Content/EngineMaterials/Substrate/Glints2/dict_0004_0172.uasset" 9193
"../../../Engine/Content/EngineMaterials/Substrate/Glints2/dict_0004_0166.uasset" 9194
"/Engine/EngineMaterials/Substrate/Glints2/dict_0004_0164" 9195
"../../../Engine/Content/EngineMaterials/Substrate/Glints2/dict_0004_0184.uasset" 9196
"/Engine/EngineMaterials/Substrate/Glints2/dict_0004_0163" 9197
"/Engine/EngineMaterials/Substrate/Glints2/dict_0004_0162" 9198
"/Engine/EngineMaterials/Substrate/Glints2/dict_0004_0161" 9199
"/Engine/EngineMaterials/Substrate/Glints2/dict_0004_0160" 9200
"/Engine/EngineMaterials/Substrate/Glints2/dict_0004_0159" 9201
"/Engine/EngineMaterials/Substrate/Glints2/dict_0004_0158" 9202
"/Engine/EngineMaterials/Substrate/Glints2/dict_0004_0157" 9203
"/Engine/EngineMaterials/Substrate/Glints2/dict_0004_0156" 9204
"/Engine/EngineMaterials/Substrate/Glints2/dict_0004_0155" 9205
"/Engine/EngineMaterials/Substrate/Glints2/dict_0004_0154" 9206
"../../../Engine/Content/EngineMaterials/Substrate/Glints2/dict_0004_0186.uasset" 9207
"../../../Engine/Content/EngineMaterials/Substrate/Glints2/dict_0004_0189.uasset" 9208
"../../../Engine/Content/EngineMaterials/Substrate/Glints2/dict_0004_0190.uasset" 9209
"../../../Engine/Content/EngineMaterials/Substrate/Glints2/dict_0004_0194.uasset" 9210
"../../../Engine/Content/EngineMaterials/Substrate/Glints2/dict_0004_0192.uasset" 9211
"../../../Engine/Content/EngineMaterials/Substrate/Glints2/dict_0004_0195.uasset" 9212
"/Engine/EngineMaterials/Substrate/Glints2/dict_0004_0185" 9213
"../../../Engine/Content/EngineMaterials/Substrate/Glints2/dict_0004_0187.uasset" 9214
"../../../Engine/Content/EngineMaterials/Substrate/Glints2/dict_0004_0191.uasset" 9215
"../../../Engine/Content/EngineMaterials/Substrate/Glints2/dict_0004_0188.uasset" 9216
"../../../Engine/Content/EngineMaterials/Substrate/Glints2/dict_0004_0196.uasset" 9217
"../../../Engine/Content/EngineMaterials/Substrate/Glints2/dict_0004_0193.uasset" 9218
"/Engine/EngineMaterials/Substrate/Glints2/dict_0004_0184" 9219
"/Engine/EngineMaterials/Substrate/Glints2/dict_0004_0183" 9220
"/Engine/EngineMaterials/Substrate/Glints2/dict_0004_0182" 9221
"/Engine/EngineMaterials/Substrate/Glints2/dict_0004_0181" 9222
"/Engine/EngineMaterials/Substrate/Glints2/dict_0004_0180" 9223
"/Engine/EngineMaterials/Substrate/Glints2/dict_0004_0179" 9224
"/Engine/EngineMaterials/Substrate/Glints2/dict_0004_0178" 9225
"/Engine/EngineMaterials/Substrate/Glints2/dict_0004_0177" 9226
"/Engine/EngineMaterials/Substrate/Glints2/dict_0004_0176" 9227
"/Engine/EngineMaterials/Substrate/Glints2/dict_0004_0175" 9228
"/Engine/EngineMaterials/Substrate/Glints2/dict_0004_0174" 9229
"/Engine/EngineMaterials/Substrate/Glints2/dict_0004_0173" 9230
"/Engine/EngineMaterials/Substrate/Glints2/dict_0004_0172" 9231
"/Engine/EngineMaterials/Substrate/Glints2/dict_0004_0171" 9232
"/Engine/EngineMaterials/Substrate/Glints2/dict_0004_0170" 9233
"/Engine/EngineMaterials/Substrate/Glints2/dict_0004_0169" 9234
"/Engine/EngineMaterials/Substrate/Glints2/dict_0004_0168" 9235
"/Engine/EngineMaterials/Substrate/Glints2/dict_0004_0167" 9236
"/Engine/EngineMaterials/Substrate/Glints2/dict_0004_0166" 9237
"/Engine/EngineMaterials/Substrate/Glints2/dict_0004_0165" 9238
"../../../Engine/Content/EngineMaterials/Substrate/Glints2/dict_0004_0197.uasset" 9239
"../../../Engine/Content/EngineMaterials/Substrate/Glints2/dict_0004_0198.uasset" 9240
"../../../Engine/Content/EngineMaterials/Substrate/Glints2/dict_0004_0204.uasset" 9241
"../../../Engine/Content/EngineMaterials/Substrate/Glints2/dict_0004_0200.uasset" 9242
"../../../Engine/Content/EngineMaterials/Substrate/Glints2/dict_0004_0206.uasset" 9243
"../../../Engine/Content/EngineMaterials/Substrate/Glints2/dict_0004_0213.uasset" 9244
"/Engine/EngineMaterials/Substrate/Glints2/dict_0004_0196" 9245
"../../../Engine/Content/EngineMaterials/Substrate/Glints2/dict_0004_0199.uasset" 9246
"../../../Engine/Content/EngineMaterials/Substrate/Glints2/dict_0004_0215.uasset" 9247
"../../../Engine/Content/EngineMaterials/Substrate/Glints2/dict_0004_0209.uasset" 9248
"../../../Engine/Content/EngineMaterials/Substrate/Glints2/dict_0004_0217.uasset" 9249
"../../../Engine/Content/EngineMaterials/Substrate/Glints2/dict_0004_0208.uasset" 9250
"../../../Engine/Content/EngineMaterials/Substrate/Glints2/dict_0004_0201.uasset" 9251
"../../../Engine/Content/EngineMaterials/Substrate/Glints2/dict_0004_0211.uasset" 9252
"../../../Engine/Content/EngineMaterials/Substrate/Glints2/dict_0004_0212.uasset" 9253
"../../../Engine/Content/EngineMaterials/Substrate/Glints2/dict_0004_0210.uasset" 9254
"../../../Engine/Content/EngineMaterials/Substrate/Glints2/dict_0004_0203.uasset" 9255
"../../../Engine/Content/EngineMaterials/Substrate/Glints2/dict_0004_0202.uasset" 9256
"../../../Engine/Content/EngineMaterials/Substrate/Glints2/dict_0004_0207.uasset" 9257
"../../../Engine/Content/EngineMaterials/Substrate/Glints2/dict_0004_0214.uasset" 9258
"../../../Engine/Content/EngineMaterials/Substrate/Glints2/dict_0004_0205.uasset" 9259
"../../../Engine/Content/EngineMaterials/Substrate/Glints2/dict_0004_0216.uasset" 9260
"/Engine/EngineMaterials/Substrate/Glints2/dict_0004_0195" 9261
"/Engine/EngineMaterials/Substrate/Glints2/dict_0004_0194" 9262
"/Engine/EngineMaterials/Substrate/Glints2/dict_0004_0193" 9263
"/Engine/EngineMaterials/Substrate/Glints2/dict_0004_0192" 9264
"/Engine/EngineMaterials/Substrate/Glints2/dict_0004_0191" 9265
"/Engine/EngineMaterials/Substrate/Glints2/dict_0004_0190" 9266
"/Engine/EngineMaterials/Substrate/Glints2/dict_0004_0189" 9267
"/Engine/EngineMaterials/Substrate/Glints2/dict_0004_0188" 9268
"/Engine/EngineMaterials/Substrate/Glints2/dict_0004_0187" 9269
"/Engine/EngineMaterials/Substrate/Glints2/dict_0004_0186" 9270
"../../../Engine/Content/EngineMaterials/Substrate/Glints2/dict_0004_0220.uasset" 9271
"../../../Engine/Content/EngineMaterials/Substrate/Glints2/dict_0004_0222.uasset" 9272
"../../../Engine/Content/EngineMaterials/Substrate/Glints2/dict_0004_0228.uasset" 9273
"../../../Engine/Content/EngineMaterials/Substrate/Glints2/dict_0004_0225.uasset" 9274
"../../../Engine/Content/EngineMaterials/Substrate/Glints2/dict_0004_0221.uasset" 9275
"/Engine/EngineMaterials/Substrate/Glints2/dict_0004_0217" 9276
"../../../Engine/Content/EngineMaterials/Substrate/Glints2/dict_0004_0227.uasset" 9277
"../../../Engine/Content/EngineMaterials/Substrate/Glints2/dict_0004_0224.uasset" 9278
"../../../Engine/Content/EngineMaterials/Substrate/Glints2/dict_0004_0219.uasset" 9279
"../../../Engine/Content/EngineMaterials/Substrate/Glints2/dict_0004_0223.uasset" 9280
"../../../Engine/Content/EngineMaterials/Substrate/Glints2/dict_0004_0226.uasset" 9281
"../../../Engine/Content/EngineMaterials/Substrate/Glints2/dict_0004_0218.uasset" 9282
"/Engine/EngineMaterials/Substrate/Glints2/dict_0004_0216" 9283
"/Engine/EngineMaterials/Substrate/Glints2/dict_0004_0215" 9284
"/Engine/EngineMaterials/Substrate/Glints2/dict_0004_0214" 9285
"/Engine/EngineMaterials/Substrate/Glints2/dict_0004_0213" 9286
"/Engine/EngineMaterials/Substrate/Glints2/dict_0004_0212" 9287
"/Engine/EngineMaterials/Substrate/Glints2/dict_0004_0211" 9288
"/Engine/EngineMaterials/Substrate/Glints2/dict_0004_0210" 9289
"/Engine/EngineMaterials/Substrate/Glints2/dict_0004_0209" 9290
"/Engine/EngineMaterials/Substrate/Glints2/dict_0004_0208" 9291
"/Engine/EngineMaterials/Substrate/Glints2/dict_0004_0207" 9292
"/Engine/EngineMaterials/Substrate/Glints2/dict_0004_0206" 9293
"/Engine/EngineMaterials/Substrate/Glints2/dict_0004_0205" 9294
"/Engine/EngineMaterials/Substrate/Glints2/dict_0004_0204" 9295
"/Engine/EngineMaterials/Substrate/Glints2/dict_0004_0203" 9296
"/Engine/EngineMaterials/Substrate/Glints2/dict_0004_0202" 9297
"/Engine/EngineMaterials/Substrate/Glints2/dict_0004_0201" 9298
"/Engine/EngineMaterials/Substrate/Glints2/dict_0004_0200" 9299
"/Engine/EngineMaterials/Substrate/Glints2/dict_0004_0199" 9300
"/Engine/EngineMaterials/Substrate/Glints2/dict_0004_0198" 9301
"/Engine/EngineMaterials/Substrate/Glints2/dict_0004_0197" 9302
"../../../Engine/Content/EngineMaterials/Substrate/Glints2/dict_0004_0241.uasset" 9303
"../../../Engine/Content/EngineMaterials/Substrate/Glints2/dict_0004_0235.uasset" 9304
"../../../Engine/Content/EngineMaterials/Substrate/Glints2/dict_0004_0232.uasset" 9305
"../../../Engine/Content/EngineMaterials/Substrate/Glints2/dict_0004_0230.uasset" 9306
"../../../Engine/Content/EngineMaterials/Substrate/Glints2/dict_0004_0243.uasset" 9307
"../../../Engine/Content/EngineMaterials/Substrate/Glints2/dict_0004_0238.uasset" 9308
"../../../Engine/Content/EngineMaterials/Substrate/Glints2/dict_0004_0237.uasset" 9309
"../../../Engine/Content/EngineMaterials/Substrate/Glints2/dict_0004_0240.uasset" 9310
"../../../Engine/Content/EngineMaterials/Substrate/Glints2/dict_0004_0231.uasset" 9311
"../../../Engine/Content/EngineMaterials/Substrate/Glints2/dict_0004_0245.uasset" 9312
"../../../Engine/Content/EngineMaterials/Substrate/Glints2/dict_0004_0248.uasset" 9313
"../../../Engine/Content/EngineMaterials/Substrate/Glints2/dict_0004_0247.uasset" 9314
"../../../Engine/Content/EngineMaterials/Substrate/Glints2/dict_0004_0242.uasset" 9315
"../../../Engine/Content/EngineMaterials/Substrate/Glints2/dict_0004_0249.uasset" 9316
"../../../Engine/Content/EngineMaterials/Substrate/Glints2/dict_0004_0229.uasset" 9317
"../../../Engine/Content/EngineMaterials/Substrate/Glints2/dict_0004_0233.uasset" 9318
"../../../Engine/Content/EngineMaterials/Substrate/Glints2/dict_0004_0236.uasset" 9319
"../../../Engine/Content/EngineMaterials/Substrate/Glints2/dict_0004_0239.uasset" 9320
"/Engine/EngineMaterials/Substrate/Glints2/dict_0004_0228" 9321
"../../../Engine/Content/EngineMaterials/Substrate/Glints2/dict_0004_0244.uasset" 9322
"../../../Engine/Content/EngineMaterials/Substrate/Glints2/dict_0004_0234.uasset" 9323
"../../../Engine/Content/EngineMaterials/Substrate/Glints2/dict_0004_0246.uasset" 9324
"/Engine/EngineMaterials/Substrate/Glints2/dict_0004_0227" 9325
"/Engine/EngineMaterials/Substrate/Glints2/dict_0004_0226" 9326
"/Engine/EngineMaterials/Substrate/Glints2/dict_0004_0225" 9327
"/Engine/EngineMaterials/Substrate/Glints2/dict_0004_0224" 9328
"/Engine/EngineMaterials/Substrate/Glints2/dict_0004_0223" 9329
"/Engine/EngineMaterials/Substrate/Glints2/dict_0004_0222" 9330
"/Engine/EngineMaterials/Substrate/Glints2/dict_0004_0221" 9331
"/Engine/EngineMaterials/Substrate/Glints2/dict_0004_0220" 9332
"/Engine/EngineMaterials/Substrate/Glints2/dict_0004_0219" 9333
"/Engine/EngineMaterials/Substrate/Glints2/dict_0004_0218" 9334
"../../../Engine/Content/EngineMaterials/Substrate/Glints2/dict_0004_0250.uasset" 9335
"../../../Engine/Content/EngineMaterials/Substrate/Glints2/dict_0004_0252.uasset" 9336
"../../../Engine/Content/EngineMaterials/Substrate/Glints2/dict_0005_0003.uasset" 9337
"../../../Engine/Content/EngineMaterials/Substrate/Glints2/dict_0004_0253.uasset" 9338
"../../../Engine/Content/EngineMaterials/Substrate/Glints2/dict_0004_0254.uasset" 9339
"../../../Engine/Content/EngineMaterials/Substrate/Glints2/dict_0004_0251.uasset" 9340
"../../../Engine/Content/EngineMaterials/Substrate/Glints2/dict_0005_0000.uasset" 9341
"../../../Engine/Content/EngineMaterials/Substrate/Glints2/dict_0004_0255.uasset" 9342
"../../../Engine/Content/EngineMaterials/Substrate/Glints2/dict_0005_0004.uasset" 9343
"../../../Engine/Content/EngineMaterials/Substrate/Glints2/dict_0005_0001.uasset" 9344
"../../../Engine/Content/EngineMaterials/Substrate/Glints2/dict_0005_0002.uasset" 9345
"/Engine/EngineMaterials/Substrate/Glints2/dict_0004_0249" 9346
"/Engine/EngineMaterials/Substrate/Glints2/dict_0004_0248" 9347
"/Engine/EngineMaterials/Substrate/Glints2/dict_0004_0247" 9348
"/Engine/EngineMaterials/Substrate/Glints2/dict_0004_0246" 9349
"/Engine/EngineMaterials/Substrate/Glints2/dict_0004_0245" 9350
"/Engine/EngineMaterials/Substrate/Glints2/dict_0004_0244" 9351
"/Engine/EngineMaterials/Substrate/Glints2/dict_0004_0243" 9352
"/Engine/EngineMaterials/Substrate/Glints2/dict_0004_0242" 9353
"/Engine/EngineMaterials/Substrate/Glints2/dict_0004_0241" 9354
"/Engine/EngineMaterials/Substrate/Glints2/dict_0004_0240" 9355
"/Engine/EngineMaterials/Substrate/Glints2/dict_0004_0239" 9356
"/Engine/EngineMaterials/Substrate/Glints2/dict_0004_0238" 9357
"/Engine/EngineMaterials/Substrate/Glints2/dict_0004_0237" 9358
"/Engine/EngineMaterials/Substrate/Glints2/dict_0004_0236" 9359
"/Engine/EngineMaterials/Substrate/Glints2/dict_0004_0235" 9360
"/Engine/EngineMaterials/Substrate/Glints2/dict_0004_0234" 9361
"/Engine/EngineMaterials/Substrate/Glints2/dict_0004_0233" 9362
"/Engine/EngineMaterials/Substrate/Glints2/dict_0004_0232" 9363
"/Engine/EngineMaterials/Substrate/Glints2/dict_0004_0231" 9364
"/Engine/EngineMaterials/Substrate/Glints2/dict_0004_0251" 9365
"/Engine/EngineMaterials/Substrate/Glints2/dict_0004_0230" 9366
"/Engine/EngineMaterials/Substrate/Glints2/dict_0004_0250" 9367
"/Engine/EngineMaterials/Substrate/Glints2/dict_0004_0229" 9368
"../../../Engine/Content/EngineMaterials/Substrate/Glints2/dict_0005_0007.uasset" 9369
"../../../Engine/Content/EngineMaterials/Substrate/Glints2/dict_0005_0006.uasset" 9370
"../../../Engine/Content/EngineMaterials/Substrate/Glints2/dict_0005_0017.uasset" 9371
"../../../Engine/Content/EngineMaterials/Substrate/Glints2/dict_0005_0013.uasset" 9372
"../../../Engine/Content/EngineMaterials/Substrate/Glints2/dict_0005_0021.uasset" 9373
"../../../Engine/Content/EngineMaterials/Substrate/Glints2/dict_0005_0014.uasset" 9374
"../../../Engine/Content/EngineMaterials/Substrate/Glints2/dict_0005_0005.uasset" 9375
"../../../Engine/Content/EngineMaterials/Substrate/Glints2/dict_0005_0009.uasset" 9376
"/Engine/EngineMaterials/Substrate/Glints2/dict_0005_0004" 9377
"../../../Engine/Content/EngineMaterials/Substrate/Glints2/dict_0005_0016.uasset" 9378
"../../../Engine/Content/EngineMaterials/Substrate/Glints2/dict_0005_0019.uasset" 9379
"../../../Engine/Content/EngineMaterials/Substrate/Glints2/dict_0005_0024.uasset" 9380
"../../../Engine/Content/EngineMaterials/Substrate/Glints2/dict_0005_0020.uasset" 9381
"../../../Engine/Content/EngineMaterials/Substrate/Glints2/dict_0005_0023.uasset" 9382
"../../../Engine/Content/EngineMaterials/Substrate/Glints2/dict_0005_0012.uasset" 9383
"../../../Engine/Content/EngineMaterials/Substrate/Glints2/dict_0005_0027.uasset" 9384
"../../../Engine/Content/EngineMaterials/Substrate/Glints2/dict_0005_0025.uasset" 9385
"../../../Engine/Content/EngineMaterials/Substrate/Glints2/dict_0005_0011.uasset" 9386
"../../../Engine/Content/EngineMaterials/Substrate/Glints2/dict_0005_0026.uasset" 9387
"../../../Engine/Content/EngineMaterials/Substrate/Glints2/dict_0005_0015.uasset" 9388
"../../../Engine/Content/EngineMaterials/Substrate/Glints2/dict_0005_0010.uasset" 9389
"../../../Engine/Content/EngineMaterials/Substrate/Glints2/dict_0005_0008.uasset" 9390
"../../../Engine/Content/EngineMaterials/Substrate/Glints2/dict_0005_0018.uasset" 9391
"../../../Engine/Content/EngineMaterials/Substrate/Glints2/dict_0005_0022.uasset" 9392
"/Engine/EngineMaterials/Substrate/Glints2/dict_0005_0003" 9393
"/Engine/EngineMaterials/Substrate/Glints2/dict_0005_0002" 9394
"/Engine/EngineMaterials/Substrate/Glints2/dict_0005_0001" 9395
"/Engine/EngineMaterials/Substrate/Glints2/dict_0005_0000" 9396
"/Engine/EngineMaterials/Substrate/Glints2/dict_0004_0255" 9397
"/Engine/EngineMaterials/Substrate/Glints2/dict_0004_0254" 9398
"/Engine/EngineMaterials/Substrate/Glints2/dict_0004_0253" 9399
"/Engine/EngineMaterials/Substrate/Glints2/dict_0004_0252" 9400
"../../../Engine/Content/EngineMaterials/Substrate/Glints2/dict_0005_0028.uasset" 9401
"../../../Engine/Content/EngineMaterials/Substrate/Glints2/dict_0005_0029.uasset" 9402
"../../../Engine/Content/EngineMaterials/Substrate/Glints2/dict_0005_0034.uasset" 9403
"../../../Engine/Content/EngineMaterials/Substrate/Glints2/dict_0005_0031.uasset" 9404
"../../../Engine/Content/EngineMaterials/Substrate/Glints2/dict_0005_0030.uasset" 9405
"../../../Engine/Content/EngineMaterials/Substrate/Glints2/dict_0005_0032.uasset" 9406
"/Engine/EngineMaterials/Substrate/Glints2/dict_0005_0027" 9407
"../../../Engine/Content/EngineMaterials/Substrate/Glints2/dict_0005_0033.uasset" 9408
"../../../Engine/Content/EngineMaterials/Substrate/Glints2/dict_0005_0036.uasset" 9409
"../../../Engine/Content/EngineMaterials/Substrate/Glints2/dict_0005_0035.uasset" 9410
"/Engine/EngineMaterials/Substrate/Glints2/dict_0005_0026" 9411
"/Engine/EngineMaterials/Substrate/Glints2/dict_0005_0025" 9412
"/Engine/EngineMaterials/Substrate/Glints2/dict_0005_0024" 9413
"/Engine/EngineMaterials/Substrate/Glints2/dict_0005_0023" 9414
"/Engine/EngineMaterials/Substrate/Glints2/dict_0005_0022" 9415
"/Engine/EngineMaterials/Substrate/Glints2/dict_0005_0021" 9416
"/Engine/EngineMaterials/Substrate/Glints2/dict_0005_0020" 9417
"/Engine/EngineMaterials/Substrate/Glints2/dict_0005_0019" 9418
"/Engine/EngineMaterials/Substrate/Glints2/dict_0005_0018" 9419
"/Engine/EngineMaterials/Substrate/Glints2/dict_0005_0017" 9420
"/Engine/EngineMaterials/Substrate/Glints2/dict_0005_0016" 9421
"/Engine/EngineMaterials/Substrate/Glints2/dict_0005_0015" 9422
"/Engine/EngineMaterials/Substrate/Glints2/dict_0005_0014" 9423
"/Engine/EngineMaterials/Substrate/Glints2/dict_0005_0013" 9424
"/Engine/EngineMaterials/Substrate/Glints2/dict_0005_0012" 9425
"/Engine/EngineMaterials/Substrate/Glints2/dict_0005_0011" 9426
"/Engine/EngineMaterials/Substrate/Glints2/dict_0005_0010" 9427
"/Engine/EngineMaterials/Substrate/Glints2/dict_0005_0009" 9428
"/Engine/EngineMaterials/Substrate/Glints2/dict_0005_0008" 9429
"/Engine/EngineMaterials/Substrate/Glints2/dict_0005_0007" 9430
"/Engine/EngineMaterials/Substrate/Glints2/dict_0005_0006" 9431
"/Engine/EngineMaterials/Substrate/Glints2/dict_0005_0005" 9432
"../../../Engine/Content/EngineMaterials/Substrate/Glints2/dict_0005_0039.uasset" 9433
"../../../Engine/Content/EngineMaterials/Substrate/Glints2/dict_0005_0046.uasset" 9434
"../../../Engine/Content/EngineMaterials/Substrate/Glints2/dict_0005_0044.uasset" 9435
"../../../Engine/Content/EngineMaterials/Substrate/Glints2/dict_0005_0053.uasset" 9436
"../../../Engine/Content/EngineMaterials/Substrate/Glints2/dict_0005_0041.uasset" 9437
"../../../Engine/Content/EngineMaterials/Substrate/Glints2/dict_0005_0037.uasset" 9438
"../../../Engine/Content/EngineMaterials/Substrate/Glints2/dict_0005_0048.uasset" 9439
"../../../Engine/Content/EngineMaterials/Substrate/Glints2/dict_0005_0051.uasset" 9440
"../../../Engine/Content/EngineMaterials/Substrate/Glints2/dict_0005_0040.uasset" 9441
"../../../Engine/Content/EngineMaterials/Substrate/Glints2/dict_0005_0054.uasset" 9442
"../../../Engine/Content/EngineMaterials/Substrate/Glints2/dict_0005_0043.uasset" 9443
"../../../Engine/Content/EngineMaterials/Substrate/Glints2/dict_0005_0055.uasset" 9444
"../../../Engine/Content/EngineMaterials/Substrate/Glints2/dict_0005_0056.uasset" 9445
"../../../Engine/Content/EngineMaterials/Substrate/Glints2/dict_0005_0052.uasset" 9446
"../../../Engine/Content/EngineMaterials/Substrate/Glints2/dict_0005_0059.uasset" 9447
"../../../Engine/Content/EngineMaterials/Substrate/Glints2/dict_0005_0057.uasset" 9448
"../../../Engine/Content/EngineMaterials/Substrate/Glints2/dict_0005_0045.uasset" 9449
"../../../Engine/Content/EngineMaterials/Substrate/Glints2/dict_0005_0058.uasset" 9450
"../../../Engine/Content/EngineMaterials/Substrate/Glints2/dict_0005_0042.uasset" 9451
"../../../Engine/Content/EngineMaterials/Substrate/Glints2/dict_0005_0049.uasset" 9452
"../../../Engine/Content/EngineMaterials/Substrate/Glints2/dict_0005_0047.uasset" 9453
"../../../Engine/Content/EngineMaterials/Substrate/Glints2/dict_0005_0038.uasset" 9454
"/Engine/EngineMaterials/Substrate/Glints2/dict_0005_0036" 9455
"../../../Engine/Content/EngineMaterials/Substrate/Glints2/dict_0005_0050.uasset" 9456
"/Engine/EngineMaterials/Substrate/Glints2/dict_0005_0035" 9457
"/Engine/EngineMaterials/Substrate/Glints2/dict_0005_0034" 9458
"/Engine/EngineMaterials/Substrate/Glints2/dict_0005_0033" 9459
"/Engine/EngineMaterials/Substrate/Glints2/dict_0005_0032" 9460
"/Engine/EngineMaterials/Substrate/Glints2/dict_0005_0031" 9461
"/Engine/EngineMaterials/Substrate/Glints2/dict_0005_0030" 9462
"/Engine/EngineMaterials/Substrate/Glints2/dict_0005_0029" 9463
"/Engine/EngineMaterials/Substrate/Glints2/dict_0005_0028" 9464
"../../../Engine/Content/EngineMaterials/Substrate/Glints2/dict_0005_0062.uasset" 9465
"../../../Engine/Content/EngineMaterials/Substrate/Glints2/dict_0005_0061.uasset" 9466
"../../../Engine/Content/EngineMaterials/Substrate/Glints2/dict_0005_0060.uasset" 9467
"../../../Engine/Content/EngineMaterials/Substrate/Glints2/dict_0005_0064.uasset" 9468
"../../../Engine/Content/EngineMaterials/Substrate/Glints2/dict_0005_0066.uasset" 9469
"../../../Engine/Content/EngineMaterials/Substrate/Glints2/dict_0005_0068.uasset" 9470
"../../../Engine/Content/EngineMaterials/Substrate/Glints2/dict_0005_0065.uasset" 9471
"../../../Engine/Content/EngineMaterials/Substrate/Glints2/dict_0005_0063.uasset" 9472
"/Engine/EngineMaterials/Substrate/Glints2/dict_0005_0059" 9473
"../../../Engine/Content/EngineMaterials/Substrate/Glints2/dict_0005_0067.uasset" 9474
"/Engine/EngineMaterials/Substrate/Glints2/dict_0005_0058" 9475
"/Engine/EngineMaterials/Substrate/Glints2/dict_0005_0057" 9476
"/Engine/EngineMaterials/Substrate/Glints2/dict_0005_0056" 9477
"/Engine/EngineMaterials/Substrate/Glints2/dict_0005_0055" 9478
"/Engine/EngineMaterials/Substrate/Glints2/dict_0005_0054" 9479
"/Engine/EngineMaterials/Substrate/Glints2/dict_0005_0053" 9480
"/Engine/EngineMaterials/Substrate/Glints2/dict_0005_0052" 9481
"/Engine/EngineMaterials/Substrate/Glints2/dict_0005_0051" 9482
"/Engine/EngineMaterials/Substrate/Glints2/dict_0005_0050" 9483
"/Engine/EngineMaterials/Substrate/Glints2/dict_0005_0049" 9484
"/Engine/EngineMaterials/Substrate/Glints2/dict_0005_0048" 9485
"/Engine/EngineMaterials/Substrate/Glints2/dict_0005_0047" 9486
"/Engine/EngineMaterials/Substrate/Glints2/dict_0005_0046" 9487
"/Engine/EngineMaterials/Substrate/Glints2/dict_0005_0045" 9488
"/Engine/EngineMaterials/Substrate/Glints2/dict_0005_0044" 9489
"/Engine/EngineMaterials/Substrate/Glints2/dict_0005_0043" 9490
"/Engine/EngineMaterials/Substrate/Glints2/dict_0005_0042" 9491
"/Engine/EngineMaterials/Substrate/Glints2/dict_0005_0041" 9492
"/Engine/EngineMaterials/Substrate/Glints2/dict_0005_0040" 9493
"/Engine/EngineMaterials/Substrate/Glints2/dict_0005_0039" 9494
"/Engine/EngineMaterials/Substrate/Glints2/dict_0005_0038" 9495
"/Engine/EngineMaterials/Substrate/Glints2/dict_0005_0037" 9496
"../../../Engine/Content/EngineMaterials/Substrate/Glints2/dict_0005_0077.uasset" 9497
"../../../Engine/Content/EngineMaterials/Substrate/Glints2/dict_0005_0075.uasset" 9498
"../../../Engine/Content/EngineMaterials/Substrate/Glints2/dict_0005_0076.uasset" 9499
"../../../Engine/Content/EngineMaterials/Substrate/Glints2/dict_0005_0083.uasset" 9500
"../../../Engine/Content/EngineMaterials/Substrate/Glints2/dict_0005_0082.uasset" 9501
"../../../Engine/Content/EngineMaterials/Substrate/Glints2/dict_0005_0080.uasset" 9502
"../../../Engine/Content/EngineMaterials/Substrate/Glints2/dict_0005_0081.uasset" 9503
"../../../Engine/Content/EngineMaterials/Substrate/Glints2/dict_0005_0069.uasset" 9504
"/Engine/EngineMaterials/Substrate/Glints2/dict_0005_0068" 9505
"../../../Engine/Content/EngineMaterials/Substrate/Glints2/dict_0005_0073.uasset" 9506
"../../../Engine/Content/EngineMaterials/Substrate/Glints2/dict_0005_0085.uasset" 9507
"../../../Engine/Content/EngineMaterials/Substrate/Glints2/dict_0005_0071.uasset" 9508
"../../../Engine/Content/EngineMaterials/Substrate/Glints2/dict_0005_0088.uasset" 9509
"../../../Engine/Content/EngineMaterials/Substrate/Glints2/dict_0005_0074.uasset" 9510
"../../../Engine/Content/EngineMaterials/Substrate/Glints2/dict_0005_0087.uasset" 9511
"../../../Engine/Content/EngineMaterials/Substrate/Glints2/dict_0005_0089.uasset" 9512
"../../../Engine/Content/EngineMaterials/Substrate/Glints2/dict_0005_0090.uasset" 9513
"../../../Engine/Content/EngineMaterials/Substrate/Glints2/dict_0005_0091.uasset" 9514
"../../../Engine/Content/EngineMaterials/Substrate/Glints2/dict_0005_0079.uasset" 9515
"../../../Engine/Content/EngineMaterials/Substrate/Glints2/dict_0005_0078.uasset" 9516
"../../../Engine/Content/EngineMaterials/Substrate/Glints2/dict_0005_0086.uasset" 9517
"../../../Engine/Content/EngineMaterials/Substrate/Glints2/dict_0005_0070.uasset" 9518
"../../../Engine/Content/EngineMaterials/Substrate/Glints2/dict_0005_0084.uasset" 9519
"../../../Engine/Content/EngineMaterials/Substrate/Glints2/dict_0005_0072.uasset" 9520
"/Engine/EngineMaterials/Substrate/Glints2/dict_0005_0067" 9521
"/Engine/EngineMaterials/Substrate/Glints2/dict_0005_0066" 9522
"/Engine/EngineMaterials/Substrate/Glints2/dict_0005_0065" 9523
"/Engine/EngineMaterials/Substrate/Glints2/dict_0005_0064" 9524
"/Engine/EngineMaterials/Substrate/Glints2/dict_0005_0063" 9525
"/Engine/EngineMaterials/Substrate/Glints2/dict_0005_0062" 9526
"/Engine/EngineMaterials/Substrate/Glints2/dict_0005_0061" 9527
"/Engine/EngineMaterials/Substrate/Glints2/dict_0005_0060" 9528
"../../../Engine/Content/EngineMaterials/Substrate/Glints2/dict_0005_0092.uasset" 9529
"../../../Engine/Content/EngineMaterials/Substrate/Glints2/dict_0005_0097.uasset" 9530
"../../../Engine/Content/EngineMaterials/Substrate/Glints2/dict_0005_0099.uasset" 9531
"../../../Engine/Content/EngineMaterials/Substrate/Glints2/dict_0005_0096.uasset" 9532
"../../../Engine/Content/EngineMaterials/Substrate/Glints2/dict_0005_0100.uasset" 9533
"/Engine/EngineMaterials/Substrate/Glints2/dict_0005_0091" 9534
"../../../Engine/Content/EngineMaterials/Substrate/Glints2/dict_0005_0095.uasset" 9535
"../../../Engine/Content/EngineMaterials/Substrate/Glints2/dict_0005_0093.uasset" 9536
"../../../Engine/Content/EngineMaterials/Substrate/Glints2/dict_0005_0098.uasset" 9537
"../../../Engine/Content/EngineMaterials/Substrate/Glints2/dict_0005_0094.uasset" 9538
"/Engine/EngineMaterials/Substrate/Glints2/dict_0005_0090" 9539
"/Engine/EngineMaterials/Substrate/Glints2/dict_0005_0089" 9540
"/Engine/EngineMaterials/Substrate/Glints2/dict_0005_0088" 9541
"/Engine/EngineMaterials/Substrate/Glints2/dict_0005_0087" 9542
"/Engine/EngineMaterials/Substrate/Glints2/dict_0005_0086" 9543
"/Engine/EngineMaterials/Substrate/Glints2/dict_0005_0085" 9544
"/Engine/EngineMaterials/Substrate/Glints2/dict_0005_0084" 9545
"/Engine/EngineMaterials/Substrate/Glints2/dict_0005_0083" 9546
"/Engine/EngineMaterials/Substrate/Glints2/dict_0005_0082" 9547
"/Engine/EngineMaterials/Substrate/Glints2/dict_0005_0081" 9548
"/Engine/EngineMaterials/Substrate/Glints2/dict_0005_0080" 9549
"/Engine/EngineMaterials/Substrate/Glints2/dict_0005_0079" 9550
"/Engine/EngineMaterials/Substrate/Glints2/dict_0005_0078" 9551
"/Engine/EngineMaterials/Substrate/Glints2/dict_0005_0077" 9552
"/Engine/EngineMaterials/Substrate/Glints2/dict_0005_0076" 9553
"/Engine/EngineMaterials/Substrate/Glints2/dict_0005_0075" 9554
"/Engine/EngineMaterials/Substrate/Glints2/dict_0005_0074" 9555
"/Engine/EngineMaterials/Substrate/Glints2/dict_0005_0073" 9556
"/Engine/EngineMaterials/Substrate/Glints2/dict_0005_0072" 9557
"/Engine/EngineMaterials/Substrate/Glints2/dict_0005_0071" 9558
"/Engine/EngineMaterials/Substrate/Glints2/dict_0005_0070" 9559
"/Engine/EngineMaterials/Substrate/Glints2/dict_0005_0069" 9560
"../../../Engine/Content/EngineMaterials/Substrate/Glints2/dict_0005_0107.uasset" 9561
"../../../Engine/Content/EngineMaterials/Substrate/Glints2/dict_0005_0113.uasset" 9562
"../../../Engine/Content/EngineMaterials/Substrate/Glints2/dict_0005_0111.uasset" 9563
"../../../Engine/Content/EngineMaterials/Substrate/Glints2/dict_0005_0110.uasset" 9564
"../../../Engine/Content/EngineMaterials/Substrate/Glints2/dict_0005_0106.uasset" 9565
"../../../Engine/Content/EngineMaterials/Substrate/Glints2/dict_0005_0102.uasset" 9566
"../../../Engine/Content/EngineMaterials/Substrate/Glints2/dict_0005_0104.uasset" 9567
"../../../Engine/Content/EngineMaterials/Substrate/Glints2/dict_0005_0116.uasset" 9568
"../../../Engine/Content/EngineMaterials/Substrate/Glints2/dict_0005_0108.uasset" 9569
"../../../Engine/Content/EngineMaterials/Substrate/Glints2/dict_0005_0112.uasset" 9570
"../../../Engine/Content/EngineMaterials/Substrate/Glints2/dict_0005_0120.uasset" 9571
"../../../Engine/Content/EngineMaterials/Substrate/Glints2/dict_0005_0118.uasset" 9572
"../../../Engine/Content/EngineMaterials/Substrate/Glints2/dict_0005_0121.uasset" 9573
"../../../Engine/Content/EngineMaterials/Substrate/Glints2/dict_0005_0109.uasset" 9574
"../../../Engine/Content/EngineMaterials/Substrate/Glints2/dict_0005_0115.uasset" 9575
"../../../Engine/Content/EngineMaterials/Substrate/Glints2/dict_0005_0103.uasset" 9576
"../../../Engine/Content/EngineMaterials/Substrate/Glints2/dict_0005_0114.uasset" 9577
"../../../Engine/Content/EngineMaterials/Substrate/Glints2/dict_0005_0123.uasset" 9578
"../../../Engine/Content/EngineMaterials/Substrate/Glints2/dict_0005_0101.uasset" 9579
"../../../Engine/Content/EngineMaterials/Substrate/Glints2/dict_0005_0117.uasset" 9580
"/Engine/EngineMaterials/Substrate/Glints2/dict_0005_0100" 9581
"../../../Engine/Content/EngineMaterials/Substrate/Glints2/dict_0005_0105.uasset" 9582
"../../../Engine/Content/EngineMaterials/Substrate/Glints2/dict_0005_0119.uasset" 9583
"../../../Engine/Content/EngineMaterials/Substrate/Glints2/dict_0005_0122.uasset" 9584
"/Engine/EngineMaterials/Substrate/Glints2/dict_0005_0099" 9585
"/Engine/EngineMaterials/Substrate/Glints2/dict_0005_0098" 9586
"/Engine/EngineMaterials/Substrate/Glints2/dict_0005_0097" 9587
"/Engine/EngineMaterials/Substrate/Glints2/dict_0005_0096" 9588
"/Engine/EngineMaterials/Substrate/Glints2/dict_0005_0095" 9589
"/Engine/EngineMaterials/Substrate/Glints2/dict_0005_0094" 9590
"/Engine/EngineMaterials/Substrate/Glints2/dict_0005_0093" 9591
"/Engine/EngineMaterials/Substrate/Glints2/dict_0005_0092" 9592
"../../../Engine/Content/EngineMaterials/Substrate/Glints2/dict_0005_0124.uasset" 9593
"../../../Engine/Content/EngineMaterials/Substrate/Glints2/dict_0005_0125.uasset" 9594
"../../../Engine/Content/EngineMaterials/Substrate/Glints2/dict_0005_0129.uasset" 9595
"../../../Engine/Content/EngineMaterials/Substrate/Glints2/dict_0005_0131.uasset" 9596
"../../../Engine/Content/EngineMaterials/Substrate/Glints2/dict_0005_0132.uasset" 9597
"../../../Engine/Content/EngineMaterials/Substrate/Glints2/dict_0005_0128.uasset" 9598
"../../../Engine/Content/EngineMaterials/Substrate/Glints2/dict_0005_0127.uasset" 9599
"../../../Engine/Content/EngineMaterials/Substrate/Glints2/dict_0005_0130.uasset" 9600
"/Engine/EngineMaterials/Substrate/Glints2/dict_0005_0123" 9601
"../../../Engine/Content/EngineMaterials/Substrate/Glints2/dict_0005_0126.uasset" 9602
"/Engine/EngineMaterials/Substrate/Glints2/dict_0005_0122" 9603
"/Engine/EngineMaterials/Substrate/Glints2/dict_0005_0121" 9604
"/Engine/EngineMaterials/Substrate/Glints2/dict_0005_0120" 9605
"/Engine/EngineMaterials/Substrate/Glints2/dict_0005_0119" 9606
"/Engine/EngineMaterials/Substrate/Glints2/dict_0005_0118" 9607
"/Engine/EngineMaterials/Substrate/Glints2/dict_0005_0117" 9608
"/Engine/EngineMaterials/Substrate/Glints2/dict_0005_0116" 9609
"/Engine/EngineMaterials/Substrate/Glints2/dict_0005_0115" 9610
"/Engine/EngineMaterials/Substrate/Glints2/dict_0005_0114" 9611
"/Engine/EngineMaterials/Substrate/Glints2/dict_0005_0113" 9612
"/Engine/EngineMaterials/Substrate/Glints2/dict_0005_0112" 9613
"/Engine/EngineMaterials/Substrate/Glints2/dict_0005_0111" 9614
"/Engine/EngineMaterials/Substrate/Glints2/dict_0005_0110" 9615
"/Engine/EngineMaterials/Substrate/Glints2/dict_0005_0109" 9616
"/Engine/EngineMaterials/Substrate/Glints2/dict_0005_0108" 9617
"/Engine/EngineMaterials/Substrate/Glints2/dict_0005_0107" 9618
"/Engine/EngineMaterials/Substrate/Glints2/dict_0005_0106" 9619
"/Engine/EngineMaterials/Substrate/Glints2/dict_0005_0105" 9620
"/Engine/EngineMaterials/Substrate/Glints2/dict_0005_0104" 9621
"/Engine/EngineMaterials/Substrate/Glints2/dict_0005_0103" 9622
"/Engine/EngineMaterials/Substrate/Glints2/dict_0005_0102" 9623
"/Engine/EngineMaterials/Substrate/Glints2/dict_0005_0101" 9624
"../../../Engine/Content/EngineMaterials/Substrate/Glints2/dict_0005_0142.uasset" 9625
"../../../Engine/Content/EngineMaterials/Substrate/Glints2/dict_0005_0138.uasset" 9626
"../../../Engine/Content/EngineMaterials/Substrate/Glints2/dict_0005_0136.uasset" 9627
"../../../Engine/Content/EngineMaterials/Substrate/Glints2/dict_0005_0149.uasset" 9628
"../../../Engine/Content/EngineMaterials/Substrate/Glints2/dict_0005_0146.uasset" 9629
"../../../Engine/Content/EngineMaterials/Substrate/Glints2/dict_0005_0150.uasset" 9630
"../../../Engine/Content/EngineMaterials/Substrate/Glints2/dict_0005_0144.uasset" 9631
"../../../Engine/Content/EngineMaterials/Substrate/Glints2/dict_0005_0148.uasset" 9632
"../../../Engine/Content/EngineMaterials/Substrate/Glints2/dict_0005_0133.uasset" 9633
"../../../Engine/Content/EngineMaterials/Substrate/Glints2/dict_0005_0151.uasset" 9634
"../../../Engine/Content/EngineMaterials/Substrate/Glints2/dict_0005_0141.uasset" 9635
"../../../Engine/Content/EngineMaterials/Substrate/Glints2/dict_0005_0152.uasset" 9636
"../../../Engine/Content/EngineMaterials/Substrate/Glints2/dict_0005_0145.uasset" 9637
"../../../Engine/Content/EngineMaterials/Substrate/Glints2/dict_0005_0153.uasset" 9638
"../../../Engine/Content/EngineMaterials/Substrate/Glints2/dict_0005_0137.uasset" 9639
"../../../Engine/Content/EngineMaterials/Substrate/Glints2/dict_0005_0139.uasset" 9640
"../../../Engine/Content/EngineMaterials/Substrate/Glints2/dict_0005_0135.uasset" 9641
"../../../Engine/Content/EngineMaterials/Substrate/Glints2/dict_0005_0147.uasset" 9642
"/Engine/EngineMaterials/Substrate/Glints2/dict_0005_0132" 9643
"../../../Engine/Content/EngineMaterials/Substrate/Glints2/dict_0005_0140.uasset" 9644
"../../../Engine/Content/EngineMaterials/Substrate/Glints2/dict_0005_0134.uasset" 9645
"../../../Engine/Content/EngineMaterials/Substrate/Glints2/dict_0005_0154.uasset" 9646
"../../../Engine/Content/EngineMaterials/Substrate/Glints2/dict_0005_0143.uasset" 9647
"../../../Engine/Content/EngineMaterials/Substrate/Glints2/dict_0005_0155.uasset" 9648
"/Engine/EngineMaterials/Substrate/Glints2/dict_0005_0131" 9649
"/Engine/EngineMaterials/Substrate/Glints2/dict_0005_0130" 9650
"/Engine/EngineMaterials/Substrate/Glints2/dict_0005_0129" 9651
"/Engine/EngineMaterials/Substrate/Glints2/dict_0005_0128" 9652
"/Engine/EngineMaterials/Substrate/Glints2/dict_0005_0127" 9653
"/Engine/EngineMaterials/Substrate/Glints2/dict_0005_0126" 9654
"/Engine/EngineMaterials/Substrate/Glints2/dict_0005_0125" 9655
"/Engine/EngineMaterials/Substrate/Glints2/dict_0005_0124" 9656
"../../../Engine/Content/EngineMaterials/Substrate/Glints2/dict_0005_0159.uasset" 9657
"../../../Engine/Content/EngineMaterials/Substrate/Glints2/dict_0005_0156.uasset" 9658
"../../../Engine/Content/EngineMaterials/Substrate/Glints2/dict_0005_0163.uasset" 9659
"../../../Engine/Content/EngineMaterials/Substrate/Glints2/dict_0005_0161.uasset" 9660
"../../../Engine/Content/EngineMaterials/Substrate/Glints2/dict_0005_0164.uasset" 9661
"/Engine/EngineMaterials/Substrate/Glints2/dict_0005_0155" 9662
"../../../Engine/Content/EngineMaterials/Substrate/Glints2/dict_0005_0158.uasset" 9663
"../../../Engine/Content/EngineMaterials/Substrate/Glints2/dict_0005_0160.uasset" 9664
"../../../Engine/Content/EngineMaterials/Substrate/Glints2/dict_0005_0157.uasset" 9665
"../../../Engine/Content/EngineMaterials/Substrate/Glints2/dict_0005_0162.uasset" 9666
"/Engine/EngineMaterials/Substrate/Glints2/dict_0005_0154" 9667
"/Engine/EngineMaterials/Substrate/Glints2/dict_0005_0153" 9668
"/Engine/EngineMaterials/Substrate/Glints2/dict_0005_0152" 9669
"/Engine/EngineMaterials/Substrate/Glints2/dict_0005_0151" 9670
"/Engine/EngineMaterials/Substrate/Glints2/dict_0005_0150" 9671
"/Engine/EngineMaterials/Substrate/Glints2/dict_0005_0149" 9672
"/Engine/EngineMaterials/Substrate/Glints2/dict_0005_0148" 9673
"/Engine/EngineMaterials/Substrate/Glints2/dict_0005_0147" 9674
"/Engine/EngineMaterials/Substrate/Glints2/dict_0005_0146" 9675
"/Engine/EngineMaterials/Substrate/Glints2/dict_0005_0145" 9676
"/Engine/EngineMaterials/Substrate/Glints2/dict_0005_0144" 9677
"/Engine/EngineMaterials/Substrate/Glints2/dict_0005_0143" 9678
"/Engine/EngineMaterials/Substrate/Glints2/dict_0005_0142" 9679
"/Engine/EngineMaterials/Substrate/Glints2/dict_0005_0141" 9680
"/Engine/EngineMaterials/Substrate/Glints2/dict_0005_0140" 9681
"/Engine/EngineMaterials/Substrate/Glints2/dict_0005_0139" 9682
"/Engine/EngineMaterials/Substrate/Glints2/dict_0005_0138" 9683
"/Engine/EngineMaterials/Substrate/Glints2/dict_0005_0137" 9684
"/Engine/EngineMaterials/Substrate/Glints2/dict_0005_0136" 9685
"/Engine/EngineMaterials/Substrate/Glints2/dict_0005_0135" 9686
"/Engine/EngineMaterials/Substrate/Glints2/dict_0005_0134" 9687
"/Engine/EngineMaterials/Substrate/Glints2/dict_0005_0133" 9688
"../../../Engine/Content/EngineMaterials/Substrate/Glints2/dict_0005_0169.uasset" 9689
"../../../Engine/Content/EngineMaterials/Substrate/Glints2/dict_0005_0168.uasset" 9690
"../../../Engine/Content/EngineMaterials/Substrate/Glints2/dict_0005_0167.uasset" 9691
"../../../Engine/Content/EngineMaterials/Substrate/Glints2/dict_0005_0179.uasset" 9692
"../../../Engine/Content/EngineMaterials/Substrate/Glints2/dict_0005_0174.uasset" 9693
"/Engine/EngineMaterials/Substrate/Glints2/dict_0005_0164" 9694
"../../../Engine/Content/EngineMaterials/Substrate/Glints2/dict_0005_0176.uasset" 9695
"../../../Engine/Content/EngineMaterials/Substrate/Glints2/dict_0005_0181.uasset" 9696
"../../../Engine/Content/EngineMaterials/Substrate/Glints2/dict_0005_0175.uasset" 9697
"../../../Engine/Content/EngineMaterials/Substrate/Glints2/dict_0005_0183.uasset" 9698
"../../../Engine/Content/EngineMaterials/Substrate/Glints2/dict_0005_0172.uasset" 9699
"../../../Engine/Content/EngineMaterials/Substrate/Glints2/dict_0005_0184.uasset" 9700
"../../../Engine/Content/EngineMaterials/Substrate/Glints2/dict_0005_0180.uasset" 9701
"../../../Engine/Content/EngineMaterials/Substrate/Glints2/dict_0005_0185.uasset" 9702
"../../../Engine/Content/EngineMaterials/Substrate/Glints2/dict_0005_0165.uasset" 9703
"../../../Engine/Content/EngineMaterials/Substrate/Glints2/dict_0005_0186.uasset" 9704
"../../../Engine/Content/EngineMaterials/Substrate/Glints2/dict_0005_0187.uasset" 9705
"../../../Engine/Content/EngineMaterials/Substrate/Glints2/dict_0005_0182.uasset" 9706
"../../../Engine/Content/EngineMaterials/Substrate/Glints2/dict_0005_0166.uasset" 9707
"../../../Engine/Content/EngineMaterials/Substrate/Glints2/dict_0005_0171.uasset" 9708
"../../../Engine/Content/EngineMaterials/Substrate/Glints2/dict_0005_0173.uasset" 9709
"../../../Engine/Content/EngineMaterials/Substrate/Glints2/dict_0005_0170.uasset" 9710
"../../../Engine/Content/EngineMaterials/Substrate/Glints2/dict_0005_0177.uasset" 9711
"../../../Engine/Content/EngineMaterials/Substrate/Glints2/dict_0005_0178.uasset" 9712
"/Engine/EngineMaterials/Substrate/Glints2/dict_0005_0163" 9713
"/Engine/EngineMaterials/Substrate/Glints2/dict_0005_0162" 9714
"/Engine/EngineMaterials/Substrate/Glints2/dict_0005_0161" 9715
"/Engine/EngineMaterials/Substrate/Glints2/dict_0005_0160" 9716
"/Engine/EngineMaterials/Substrate/Glints2/dict_0005_0159" 9717
"/Engine/EngineMaterials/Substrate/Glints2/dict_0005_0158" 9718
"/Engine/EngineMaterials/Substrate/Glints2/dict_0005_0157" 9719
"/Engine/EngineMaterials/Substrate/Glints2/dict_0005_0156" 9720
"../../../Engine/Content/EngineMaterials/Substrate/Glints2/dict_0005_0188.uasset" 9721
"../../../Engine/Content/EngineMaterials/Substrate/Glints2/dict_0005_0189.uasset" 9722
"../../../Engine/Content/EngineMaterials/Substrate/Glints2/dict_0005_0191.uasset" 9723
"../../../Engine/Content/EngineMaterials/Substrate/Glints2/dict_0005_0194.uasset" 9724
"../../../Engine/Content/EngineMaterials/Substrate/Glints2/dict_0005_0196.uasset" 9725
"../../../Engine/Content/EngineMaterials/Substrate/Glints2/dict_0005_0193.uasset" 9726
"/Engine/EngineMaterials/Substrate/Glints2/dict_0005_0187" 9727
"../../../Engine/Content/EngineMaterials/Substrate/Glints2/dict_0005_0190.uasset" 9728
"../../../Engine/Content/EngineMaterials/Substrate/Glints2/dict_0005_0192.uasset" 9729
"../../../Engine/Content/EngineMaterials/Substrate/Glints2/dict_0005_0195.uasset" 9730
"/Engine/EngineMaterials/Substrate/Glints2/dict_0005_0186" 9731
"/Engine/EngineMaterials/Substrate/Glints2/dict_0005_0185" 9732
"/Engine/EngineMaterials/Substrate/Glints2/dict_0005_0184" 9733
"/Engine/EngineMaterials/Substrate/Glints2/dict_0005_0183" 9734
"/Engine/EngineMaterials/Substrate/Glints2/dict_0005_0182" 9735
"/Engine/EngineMaterials/Substrate/Glints2/dict_0005_0181" 9736
"/Engine/EngineMaterials/Substrate/Glints2/dict_0005_0180" 9737
"/Engine/EngineMaterials/Substrate/Glints2/dict_0005_0179" 9738
"/Engine/EngineMaterials/Substrate/Glints2/dict_0005_0178" 9739
"/Engine/EngineMaterials/Substrate/Glints2/dict_0005_0177" 9740
"/Engine/EngineMaterials/Substrate/Glints2/dict_0005_0176" 9741
"/Engine/EngineMaterials/Substrate/Glints2/dict_0005_0175" 9742
"/Engine/EngineMaterials/Substrate/Glints2/dict_0005_0174" 9743
"/Engine/EngineMaterials/Substrate/Glints2/dict_0005_0173" 9744
"/Engine/EngineMaterials/Substrate/Glints2/dict_0005_0172" 9745
"/Engine/EngineMaterials/Substrate/Glints2/dict_0005_0171" 9746
"/Engine/EngineMaterials/Substrate/Glints2/dict_0005_0170" 9747
"/Engine/EngineMaterials/Substrate/Glints2/dict_0005_0169" 9748
"/Engine/EngineMaterials/Substrate/Glints2/dict_0005_0168" 9749
"/Engine/EngineMaterials/Substrate/Glints2/dict_0005_0167" 9750
"/Engine/EngineMaterials/Substrate/Glints2/dict_0005_0166" 9751
"/Engine/EngineMaterials/Substrate/Glints2/dict_0005_0165" 9752
"../../../Engine/Content/EngineMaterials/Substrate/Glints2/dict_0005_0198.uasset" 9753
"../../../Engine/Content/EngineMaterials/Substrate/Glints2/dict_0005_0197.uasset" 9754
"../../../Engine/Content/EngineMaterials/Substrate/Glints2/dict_0005_0209.uasset" 9755
"../../../Engine/Content/EngineMaterials/Substrate/Glints2/dict_0005_0202.uasset" 9756
"../../../Engine/Content/EngineMaterials/Substrate/Glints2/dict_0005_0203.uasset" 9757
"../../../Engine/Content/EngineMaterials/Substrate/Glints2/dict_0005_0214.uasset" 9758
"../../../Engine/Content/EngineMaterials/Substrate/Glints2/dict_0005_0208.uasset" 9759
"../../../Engine/Content/EngineMaterials/Substrate/Glints2/dict_0005_0204.uasset" 9760
"../../../Engine/Content/EngineMaterials/Substrate/Glints2/dict_0005_0201.uasset" 9761
"../../../Engine/Content/EngineMaterials/Substrate/Glints2/dict_0005_0213.uasset" 9762
"/Engine/EngineMaterials/Substrate/Glints2/dict_0005_0196" 9763
"../../../Engine/Content/EngineMaterials/Substrate/Glints2/dict_0005_0216.uasset" 9764
"../../../Engine/Content/EngineMaterials/Substrate/Glints2/dict_0005_0200.uasset" 9765
"../../../Engine/Content/EngineMaterials/Substrate/Glints2/dict_0005_0215.uasset" 9766
"../../../Engine/Content/EngineMaterials/Substrate/Glints2/dict_0005_0199.uasset" 9767
"../../../Engine/Content/EngineMaterials/Substrate/Glints2/dict_0005_0219.uasset" 9768
"../../../Engine/Content/EngineMaterials/Substrate/Glints2/dict_0005_0205.uasset" 9769
"../../../Engine/Content/EngineMaterials/Substrate/Glints2/dict_0005_0218.uasset" 9770
"../../../Engine/Content/EngineMaterials/Substrate/Glints2/dict_0005_0206.uasset" 9771
"../../../Engine/Content/EngineMaterials/Substrate/Glints2/dict_0005_0212.uasset" 9772
"../../../Engine/Content/EngineMaterials/Substrate/Glints2/dict_0005_0211.uasset" 9773
"../../../Engine/Content/EngineMaterials/Substrate/Glints2/dict_0005_0207.uasset" 9774
"../../../Engine/Content/EngineMaterials/Substrate/Glints2/dict_0005_0210.uasset" 9775
"../../../Engine/Content/EngineMaterials/Substrate/Glints2/dict_0005_0217.uasset" 9776
"/Engine/EngineMaterials/Substrate/Glints2/dict_0005_0195" 9777
"/Engine/EngineMaterials/Substrate/Glints2/dict_0005_0194" 9778
"/Engine/EngineMaterials/Substrate/Glints2/dict_0005_0193" 9779
"/Engine/EngineMaterials/Substrate/Glints2/dict_0005_0192" 9780
"/Engine/EngineMaterials/Substrate/Glints2/dict_0005_0191" 9781
"/Engine/EngineMaterials/Substrate/Glints2/dict_0005_0190" 9782
"/Engine/EngineMaterials/Substrate/Glints2/dict_0005_0189" 9783
"/Engine/EngineMaterials/Substrate/Glints2/dict_0005_0188" 9784
"/Engine/EngineMaterials/Substrate/Glints2/dict_0005_0197" 9785
"../../../Engine/Content/EngineMaterials/Substrate/Glints2/dict_0005_0222.uasset" 9786
"../../../Engine/Content/EngineMaterials/Substrate/Glints2/dict_0005_0221.uasset" 9787
"../../../Engine/Content/EngineMaterials/Substrate/Glints2/dict_0005_0226.uasset" 9788
"../../../Engine/Content/EngineMaterials/Substrate/Glints2/dict_0005_0228.uasset" 9789
"../../../Engine/Content/EngineMaterials/Substrate/Glints2/dict_0005_0223.uasset" 9790
"../../../Engine/Content/EngineMaterials/Substrate/Glints2/dict_0005_0227.uasset" 9791
"../../../Engine/Content/EngineMaterials/Substrate/Glints2/dict_0005_0225.uasset" 9792
"../../../Engine/Content/EngineMaterials/Substrate/Glints2/dict_0005_0229.uasset" 9793
"/Engine/EngineMaterials/Substrate/Glints2/dict_0005_0219" 9794
"../../../Engine/Content/EngineMaterials/Substrate/Glints2/dict_0005_0220.uasset" 9795
"../../../Engine/Content/EngineMaterials/Substrate/Glints2/dict_0005_0224.uasset" 9796
"/Engine/EngineMaterials/Substrate/Glints2/dict_0005_0218" 9797
"/Engine/EngineMaterials/Substrate/Glints2/dict_0005_0217" 9798
"/Engine/EngineMaterials/Substrate/Glints2/dict_0005_0216" 9799
"/Engine/EngineMaterials/Substrate/Glints2/dict_0005_0215" 9800
"/Engine/EngineMaterials/Substrate/Glints2/dict_0005_0214" 9801
"/Engine/EngineMaterials/Substrate/Glints2/dict_0005_0213" 9802
"/Engine/EngineMaterials/Substrate/Glints2/dict_0005_0212" 9803
"/Engine/EngineMaterials/Substrate/Glints2/dict_0005_0211" 9804
"/Engine/EngineMaterials/Substrate/Glints2/dict_0005_0210" 9805
"/Engine/EngineMaterials/Substrate/Glints2/dict_0005_0209" 9806
"/Engine/EngineMaterials/Substrate/Glints2/dict_0005_0208" 9807
"/Engine/EngineMaterials/Substrate/Glints2/dict_0005_0207" 9808
"/Engine/EngineMaterials/Substrate/Glints2/dict_0005_0206" 9809
"/Engine/EngineMaterials/Substrate/Glints2/dict_0005_0205" 9810
"/Engine/EngineMaterials/Substrate/Glints2/dict_0005_0204" 9811
"/Engine/EngineMaterials/Substrate/Glints2/dict_0005_0203" 9812
"/Engine/EngineMaterials/Substrate/Glints2/dict_0005_0202" 9813
"/Engine/EngineMaterials/Substrate/Glints2/dict_0005_0201" 9814
"/Engine/EngineMaterials/Substrate/Glints2/dict_0005_0200" 9815
"/Engine/EngineMaterials/Substrate/Glints2/dict_0005_0199" 9816
"/Engine/EngineMaterials/Substrate/Glints2/dict_0005_0198" 9817
"../../../Engine/Content/EngineMaterials/Substrate/Glints2/dict_0005_0232.uasset" 9818
"../../../Engine/Content/EngineMaterials/Substrate/Glints2/dict_0005_0231.uasset" 9819
"../../../Engine/Content/EngineMaterials/Substrate/Glints2/dict_0005_0234.uasset" 9820
"../../../Engine/Content/EngineMaterials/Substrate/Glints2/dict_0005_0236.uasset" 9821
"../../../Engine/Content/EngineMaterials/Substrate/Glints2/dict_0005_0240.uasset" 9822
"../../../Engine/Content/EngineMaterials/Substrate/Glints2/dict_0005_0241.uasset" 9823
"../../../Engine/Content/EngineMaterials/Substrate/Glints2/dict_0005_0243.uasset" 9824
"../../../Engine/Content/EngineMaterials/Substrate/Glints2/dict_0005_0233.uasset" 9825
"../../../Engine/Content/EngineMaterials/Substrate/Glints2/dict_0005_0244.uasset" 9826
"../../../Engine/Content/EngineMaterials/Substrate/Glints2/dict_0005_0242.uasset" 9827
"../../../Engine/Content/EngineMaterials/Substrate/Glints2/dict_0005_0239.uasset" 9828
"../../../Engine/Content/EngineMaterials/Substrate/Glints2/dict_0005_0248.uasset" 9829
"/Engine/EngineMaterials/Substrate/Glints2/dict_0005_0229" 9830
"../../../Engine/Content/EngineMaterials/Substrate/Glints2/dict_0005_0246.uasset" 9831
"../../../Engine/Content/EngineMaterials/Substrate/Glints2/dict_0005_0247.uasset" 9832
"../../../Engine/Content/EngineMaterials/Substrate/Glints2/dict_0005_0235.uasset" 9833
"../../../Engine/Content/EngineMaterials/Substrate/Glints2/dict_0005_0250.uasset" 9834
"../../../Engine/Content/EngineMaterials/Substrate/Glints2/dict_0005_0237.uasset" 9835
"../../../Engine/Content/EngineMaterials/Substrate/Glints2/dict_0005_0245.uasset" 9836
"../../../Engine/Content/EngineMaterials/Substrate/Glints2/dict_0005_0238.uasset" 9837
"../../../Engine/Content/EngineMaterials/Substrate/Glints2/dict_0005_0251.uasset" 9838
"../../../Engine/Content/EngineMaterials/Substrate/Glints2/dict_0005_0230.uasset" 9839
"../../../Engine/Content/EngineMaterials/Substrate/Glints2/dict_0005_0249.uasset" 9840
"/Engine/EngineMaterials/Substrate/Glints2/dict_0005_0228" 9841
"/Engine/EngineMaterials/Substrate/Glints2/dict_0005_0227" 9842
"/Engine/EngineMaterials/Substrate/Glints2/dict_0005_0226" 9843
"/Engine/EngineMaterials/Substrate/Glints2/dict_0005_0225" 9844
"/Engine/EngineMaterials/Substrate/Glints2/dict_0005_0224" 9845
"/Engine/EngineMaterials/Substrate/Glints2/dict_0005_0223" 9846
"/Engine/EngineMaterials/Substrate/Glints2/dict_0005_0222" 9847
"/Engine/EngineMaterials/Substrate/Glints2/dict_0005_0221" 9848
"/Engine/EngineMaterials/Substrate/Glints2/dict_0005_0220" 9849
"../../../Engine/Content/EngineMaterials/Substrate/Glints2/dict_0005_0253.uasset" 9850
"../../../Engine/Content/EngineMaterials/Substrate/Glints2/dict_0006_0003.uasset" 9851
"../../../Engine/Content/EngineMaterials/Substrate/Glints2/dict_0005_0252.uasset" 9852
"../../../Engine/Content/EngineMaterials/Substrate/Glints2/dict_0006_0000.uasset" 9853
"../../../Engine/Content/EngineMaterials/Substrate/Glints2/dict_0006_0005.uasset" 9854
"/Engine/EngineMaterials/Substrate/Glints2/dict_0005_0251" 9855
"../../../Engine/Content/EngineMaterials/Substrate/Glints2/dict_0005_0255.uasset" 9856
"../../../Engine/Content/EngineMaterials/Substrate/Glints2/dict_0006_0001.uasset" 9857
"../../../Engine/Content/EngineMaterials/Substrate/Glints2/dict_0006_0004.uasset" 9858
"../../../Engine/Content/EngineMaterials/Substrate/Glints2/dict_0006_0002.uasset" 9859
"../../../Engine/Content/EngineMaterials/Substrate/Glints2/dict_0005_0254.uasset" 9860
"/Engine/EngineMaterials/Substrate/Glints2/dict_0005_0250" 9861
"/Engine/EngineMaterials/Substrate/Glints2/dict_0005_0249" 9862
"/Engine/EngineMaterials/Substrate/Glints2/dict_0005_0248" 9863
"/Engine/EngineMaterials/Substrate/Glints2/dict_0005_0247" 9864
"/Engine/EngineMaterials/Substrate/Glints2/dict_0005_0246" 9865
"/Engine/EngineMaterials/Substrate/Glints2/dict_0005_0245" 9866
"/Engine/EngineMaterials/Substrate/Glints2/dict_0005_0244" 9867
"/Engine/EngineMaterials/Substrate/Glints2/dict_0005_0243" 9868
"/Engine/EngineMaterials/Substrate/Glints2/dict_0005_0242" 9869
"/Engine/EngineMaterials/Substrate/Glints2/dict_0005_0241" 9870
"/Engine/EngineMaterials/Substrate/Glints2/dict_0005_0240" 9871
"/Engine/EngineMaterials/Substrate/Glints2/dict_0005_0239" 9872
"/Engine/EngineMaterials/Substrate/Glints2/dict_0005_0238" 9873
"/Engine/EngineMaterials/Substrate/Glints2/dict_0005_0237" 9874
"/Engine/EngineMaterials/Substrate/Glints2/dict_0005_0236" 9875
"/Engine/EngineMaterials/Substrate/Glints2/dict_0005_0235" 9876
"/Engine/EngineMaterials/Substrate/Glints2/dict_0005_0234" 9877
"/Engine/EngineMaterials/Substrate/Glints2/dict_0005_0233" 9878
"/Engine/EngineMaterials/Substrate/Glints2/dict_0005_0232" 9879
"/Engine/EngineMaterials/Substrate/Glints2/dict_0005_0231" 9880
"/Engine/EngineMaterials/Substrate/Glints2/dict_0005_0230" 9881
"../../../Engine/Content/EngineMaterials/Substrate/Glints2/dict_0006_0007.uasset" 9882
"../../../Engine/Content/EngineMaterials/Substrate/Glints2/dict_0006_0006.uasset" 9883
"../../../Engine/Content/EngineMaterials/Substrate/Glints2/dict_0006_0018.uasset" 9884
"../../../Engine/Content/EngineMaterials/Substrate/Glints2/dict_0006_0014.uasset" 9885
"../../../Engine/Content/EngineMaterials/Substrate/Glints2/dict_0006_0008.uasset" 9886
"../../../Engine/Content/EngineMaterials/Substrate/Glints2/dict_0006_0016.uasset" 9887
"../../../Engine/Content/EngineMaterials/Substrate/Glints2/dict_0006_0019.uasset" 9888
"/Engine/EngineMaterials/Substrate/Glints2/dict_0006_0005" 9889
"../../../Engine/Content/EngineMaterials/Substrate/Glints2/dict_0006_0024.uasset" 9890
"../../../Engine/Content/EngineMaterials/Substrate/Glints2/dict_0006_0012.uasset" 9891
"../../../Engine/Content/EngineMaterials/Substrate/Glints2/dict_0006_0011.uasset" 9892
"../../../Engine/Content/EngineMaterials/Substrate/Glints2/dict_0006_0021.uasset" 9893
"../../../Engine/Content/EngineMaterials/Substrate/Glints2/dict_0006_0025.uasset" 9894
"../../../Engine/Content/EngineMaterials/Substrate/Glints2/dict_0006_0026.uasset" 9895
"../../../Engine/Content/EngineMaterials/Substrate/Glints2/dict_0006_0027.uasset" 9896
"../../../Engine/Content/EngineMaterials/Substrate/Glints2/dict_0006_0020.uasset" 9897
"../../../Engine/Content/EngineMaterials/Substrate/Glints2/dict_0006_0017.uasset" 9898
"../../../Engine/Content/EngineMaterials/Substrate/Glints2/dict_0006_0009.uasset" 9899
"../../../Engine/Content/EngineMaterials/Substrate/Glints2/dict_0006_0010.uasset" 9900
"../../../Engine/Content/EngineMaterials/Substrate/Glints2/dict_0006_0015.uasset" 9901
"../../../Engine/Content/EngineMaterials/Substrate/Glints2/dict_0006_0023.uasset" 9902
"../../../Engine/Content/EngineMaterials/Substrate/Glints2/dict_0006_0013.uasset" 9903
"../../../Engine/Content/EngineMaterials/Substrate/Glints2/dict_0006_0022.uasset" 9904
"/Engine/EngineMaterials/Substrate/Glints2/dict_0006_0004" 9905
"/Engine/EngineMaterials/Substrate/Glints2/dict_0006_0003" 9906
"/Engine/EngineMaterials/Substrate/Glints2/dict_0006_0002" 9907
"/Engine/EngineMaterials/Substrate/Glints2/dict_0006_0001" 9908
"/Engine/EngineMaterials/Substrate/Glints2/dict_0006_0000" 9909
"/Engine/EngineMaterials/Substrate/Glints2/dict_0005_0255" 9910
"/Engine/EngineMaterials/Substrate/Glints2/dict_0005_0254" 9911
"/Engine/EngineMaterials/Substrate/Glints2/dict_0005_0253" 9912
"/Engine/EngineMaterials/Substrate/Glints2/dict_0005_0252" 9913
"../../../Engine/Content/EngineMaterials/Substrate/Glints2/dict_0006_0029.uasset" 9914
"../../../Engine/Content/EngineMaterials/Substrate/Glints2/dict_0006_0030.uasset" 9915
"../../../Engine/Content/EngineMaterials/Substrate/Glints2/dict_0006_0036.uasset" 9916
"../../../Engine/Content/EngineMaterials/Substrate/Glints2/dict_0006_0033.uasset" 9917
"../../../Engine/Content/EngineMaterials/Substrate/Glints2/dict_0006_0037.uasset" 9918
"/Engine/EngineMaterials/Substrate/Glints2/dict_0006_0027" 9919
"../../../Engine/Content/EngineMaterials/Substrate/Glints2/dict_0006_0028.uasset" 9920
"../../../Engine/Content/EngineMaterials/Substrate/Glints2/dict_0006_0034.uasset" 9921
"../../../Engine/Content/EngineMaterials/Substrate/Glints2/dict_0006_0032.uasset" 9922
"../../../Engine/Content/EngineMaterials/Substrate/Glints2/dict_0006_0031.uasset" 9923
"../../../Engine/Content/EngineMaterials/Substrate/Glints2/dict_0006_0035.uasset" 9924
"/Engine/EngineMaterials/Substrate/Glints2/dict_0006_0026" 9925
"/Engine/EngineMaterials/Substrate/Glints2/dict_0006_0025" 9926
"/Engine/EngineMaterials/Substrate/Glints2/dict_0006_0024" 9927
"/Engine/EngineMaterials/Substrate/Glints2/dict_0006_0023" 9928
"/Engine/EngineMaterials/Substrate/Glints2/dict_0006_0022" 9929
"/Engine/EngineMaterials/Substrate/Glints2/dict_0006_0021" 9930
"/Engine/EngineMaterials/Substrate/Glints2/dict_0006_0020" 9931
"/Engine/EngineMaterials/Substrate/Glints2/dict_0006_0019" 9932
"/Engine/EngineMaterials/Substrate/Glints2/dict_0006_0018" 9933
"/Engine/EngineMaterials/Substrate/Glints2/dict_0006_0017" 9934
"/Engine/EngineMaterials/Substrate/Glints2/dict_0006_0016" 9935
"/Engine/EngineMaterials/Substrate/Glints2/dict_0006_0015" 9936
"/Engine/EngineMaterials/Substrate/Glints2/dict_0006_0014" 9937
"/Engine/EngineMaterials/Substrate/Glints2/dict_0006_0013" 9938
"/Engine/EngineMaterials/Substrate/Glints2/dict_0006_0012" 9939
"/Engine/EngineMaterials/Substrate/Glints2/dict_0006_0011" 9940
"/Engine/EngineMaterials/Substrate/Glints2/dict_0006_0010" 9941
"/Engine/EngineMaterials/Substrate/Glints2/dict_0006_0009" 9942
"/Engine/EngineMaterials/Substrate/Glints2/dict_0006_0008" 9943
"/Engine/EngineMaterials/Substrate/Glints2/dict_0006_0007" 9944
"/Engine/EngineMaterials/Substrate/Glints2/dict_0006_0006" 9945
"../../../Engine/Content/EngineMaterials/Substrate/Glints2/dict_0006_0040.uasset" 9946
"../../../Engine/Content/EngineMaterials/Substrate/Glints2/dict_0006_0039.uasset" 9947
"../../../Engine/Content/EngineMaterials/Substrate/Glints2/dict_0006_0038.uasset" 9948
"../../../Engine/Content/EngineMaterials/Substrate/Glints2/dict_0006_0045.uasset" 9949
"../../../Engine/Content/EngineMaterials/Substrate/Glints2/dict_0006_0052.uasset" 9950
"../../../Engine/Content/EngineMaterials/Substrate/Glints2/dict_0006_0044.uasset" 9951
"../../../Engine/Content/EngineMaterials/Substrate/Glints2/dict_0006_0050.uasset" 9952
"/Engine/EngineMaterials/Substrate/Glints2/dict_0006_0037" 9953
"../../../Engine/Content/EngineMaterials/Substrate/Glints2/dict_0006_0047.uasset" 9954
"../../../Engine/Content/EngineMaterials/Substrate/Glints2/dict_0006_0056.uasset" 9955
"../../../Engine/Content/EngineMaterials/Substrate/Glints2/dict_0006_0053.uasset" 9956
"../../../Engine/Content/EngineMaterials/Substrate/Glints2/dict_0006_0057.uasset" 9957
"../../../Engine/Content/EngineMaterials/Substrate/Glints2/dict_0006_0059.uasset" 9958
"../../../Engine/Content/EngineMaterials/Substrate/Glints2/dict_0006_0042.uasset" 9959
"../../../Engine/Content/EngineMaterials/Substrate/Glints2/dict_0006_0058.uasset" 9960
"../../../Engine/Content/EngineMaterials/Substrate/Glints2/dict_0006_0049.uasset" 9961
"../../../Engine/Content/EngineMaterials/Substrate/Glints2/dict_0006_0048.uasset" 9962
"../../../Engine/Content/EngineMaterials/Substrate/Glints2/dict_0006_0046.uasset" 9963
"../../../Engine/Content/EngineMaterials/Substrate/Glints2/dict_0006_0055.uasset" 9964
"../../../Engine/Content/EngineMaterials/Substrate/Glints2/dict_0006_0041.uasset" 9965
"../../../Engine/Content/EngineMaterials/Substrate/Glints2/dict_0006_0051.uasset" 9966
"../../../Engine/Content/EngineMaterials/Substrate/Glints2/dict_0006_0043.uasset" 9967
"../../../Engine/Content/EngineMaterials/Substrate/Glints2/dict_0006_0054.uasset" 9968
"/Engine/EngineMaterials/Substrate/Glints2/dict_0006_0036" 9969
"/Engine/EngineMaterials/Substrate/Glints2/dict_0006_0035" 9970
"/Engine/EngineMaterials/Substrate/Glints2/dict_0006_0034" 9971
"/Engine/EngineMaterials/Substrate/Glints2/dict_0006_0033" 9972
"/Engine/EngineMaterials/Substrate/Glints2/dict_0006_0032" 9973
"/Engine/EngineMaterials/Substrate/Glints2/dict_0006_0031" 9974
"/Engine/EngineMaterials/Substrate/Glints2/dict_0006_0030" 9975
"/Engine/EngineMaterials/Substrate/Glints2/dict_0006_0029" 9976
"/Engine/EngineMaterials/Substrate/Glints2/dict_0006_0028" 9977
"../../../Engine/Content/EngineMaterials/Substrate/Glints2/dict_0006_0069.uasset" 9978
"../../../Engine/Content/EngineMaterials/Substrate/Glints2/dict_0006_0060.uasset" 9979
"../../../Engine/Content/EngineMaterials/Substrate/Glints2/dict_0006_0063.uasset" 9980
"../../../Engine/Content/EngineMaterials/Substrate/Glints2/dict_0006_0066.uasset" 9981
"/Engine/EngineMaterials/Substrate/Glints2/dict_0006_0059" 9982
"../../../Engine/Content/EngineMaterials/Substrate/Glints2/dict_0006_0064.uasset" 9983
"../../../Engine/Content/EngineMaterials/Substrate/Glints2/dict_0006_0067.uasset" 9984
"../../../Engine/Content/EngineMaterials/Substrate/Glints2/dict_0006_0068.uasset" 9985
"../../../Engine/Content/EngineMaterials/Substrate/Glints2/dict_0006_0065.uasset" 9986
"../../../Engine/Content/EngineMaterials/Substrate/Glints2/dict_0006_0061.uasset" 9987
"../../../Engine/Content/EngineMaterials/Substrate/Glints2/dict_0006_0062.uasset" 9988
"/Engine/EngineMaterials/Substrate/Glints2/dict_0006_0058" 9989
"/Engine/EngineMaterials/Substrate/Glints2/dict_0006_0057" 9990
"/Engine/EngineMaterials/Substrate/Glints2/dict_0006_0056" 9991
"/Engine/EngineMaterials/Substrate/Glints2/dict_0006_0055" 9992
"/Engine/EngineMaterials/Substrate/Glints2/dict_0006_0054" 9993
"/Engine/EngineMaterials/Substrate/Glints2/dict_0006_0053" 9994
"/Engine/EngineMaterials/Substrate/Glints2/dict_0006_0052" 9995
"/Engine/EngineMaterials/Substrate/Glints2/dict_0006_0051" 9996
"/Engine/EngineMaterials/Substrate/Glints2/dict_0006_0050" 9997
"/Engine/EngineMaterials/Substrate/Glints2/dict_0006_0049" 9998
"/Engine/EngineMaterials/Substrate/Glints2/dict_0006_0048" 9999
"/Engine/EngineMaterials/Substrate/Glints2/dict_0006_0047" 10000
"/Engine/EngineMaterials/Substrate/Glints2/dict_0006_0046" 10001
"/Engine/EngineMaterials/Substrate/Glints2/dict_0006_0045" 10002
"/Engine/EngineMaterials/Substrate/Glints2/dict_0006_0044" 10003
"/Engine/EngineMaterials/Substrate/Glints2/dict_0006_0043" 10004
"/Engine/EngineMaterials/Substrate/Glints2/dict_0006_0042" 10005
"/Engine/EngineMaterials/Substrate/Glints2/dict_0006_0041" 10006
"/Engine/EngineMaterials/Substrate/Glints2/dict_0006_0040" 10007
"/Engine/EngineMaterials/Substrate/Glints2/dict_0006_0039" 10008
"/Engine/EngineMaterials/Substrate/Glints2/dict_0006_0038" 10009
"../../../Engine/Content/EngineMaterials/Substrate/Glints2/dict_0006_0070.uasset" 10010
"../../../Engine/Content/EngineMaterials/Substrate/Glints2/dict_0006_0072.uasset" 10011
"../../../Engine/Content/EngineMaterials/Substrate/Glints2/dict_0006_0071.uasset" 10012
"../../../Engine/Content/EngineMaterials/Substrate/Glints2/dict_0006_0076.uasset" 10013
"../../../Engine/Content/EngineMaterials/Substrate/Glints2/dict_0006_0082.uasset" 10014
"../../../Engine/Content/EngineMaterials/Substrate/Glints2/dict_0006_0087.uasset" 10015
"../../../Engine/Content/EngineMaterials/Substrate/Glints2/dict_0006_0081.uasset" 10016
"../../../Engine/Content/EngineMaterials/Substrate/Glints2/dict_0006_0074.uasset" 10017
"../../../Engine/Content/EngineMaterials/Substrate/Glints2/dict_0006_0073.uasset" 10018
"../../../Engine/Content/EngineMaterials/Substrate/Glints2/dict_0006_0084.uasset" 10019
"../../../Engine/Content/EngineMaterials/Substrate/Glints2/dict_0006_0085.uasset" 10020
"../../../Engine/Content/EngineMaterials/Substrate/Glints2/dict_0006_0088.uasset" 10021
"../../../Engine/Content/EngineMaterials/Substrate/Glints2/dict_0006_0077.uasset" 10022
"../../../Engine/Content/EngineMaterials/Substrate/Glints2/dict_0006_0090.uasset" 10023
"../../../Engine/Content/EngineMaterials/Substrate/Glints2/dict_0006_0089.uasset" 10024
"../../../Engine/Content/EngineMaterials/Substrate/Glints2/dict_0006_0091.uasset" 10025
"../../../Engine/Content/EngineMaterials/Substrate/Glints2/dict_0006_0086.uasset" 10026
"../../../Engine/Content/EngineMaterials/Substrate/Glints2/dict_0006_0080.uasset" 10027
"../../../Engine/Content/EngineMaterials/Substrate/Glints2/dict_0006_0075.uasset" 10028
"../../../Engine/Content/EngineMaterials/Substrate/Glints2/dict_0006_0083.uasset" 10029
"../../../Engine/Content/EngineMaterials/Substrate/Glints2/dict_0006_0079.uasset" 10030
"../../../Engine/Content/EngineMaterials/Substrate/Glints2/dict_0006_0078.uasset" 10031
"/Engine/EngineMaterials/Substrate/Glints2/dict_0006_0069" 10032
"/Engine/EngineMaterials/Substrate/Glints2/dict_0006_0068" 10033
"/Engine/EngineMaterials/Substrate/Glints2/dict_0006_0067" 10034
"/Engine/EngineMaterials/Substrate/Glints2/dict_0006_0066" 10035
"/Engine/EngineMaterials/Substrate/Glints2/dict_0006_0065" 10036
"/Engine/EngineMaterials/Substrate/Glints2/dict_0006_0064" 10037
"/Engine/EngineMaterials/Substrate/Glints2/dict_0006_0063" 10038
"/Engine/EngineMaterials/Substrate/Glints2/dict_0006_0062" 10039
"/Engine/EngineMaterials/Substrate/Glints2/dict_0006_0061" 10040
"/Engine/EngineMaterials/Substrate/Glints2/dict_0006_0060" 10041
"../../../Engine/Content/EngineMaterials/Substrate/Glints2/dict_0006_0095.uasset" 10042
"../../../Engine/Content/EngineMaterials/Substrate/Glints2/dict_0006_0094.uasset" 10043
"../../../Engine/Content/EngineMaterials/Substrate/Glints2/dict_0006_0093.uasset" 10044
"../../../Engine/Content/EngineMaterials/Substrate/Glints2/dict_0006_0097.uasset" 10045
"../../../Engine/Content/EngineMaterials/Substrate/Glints2/dict_0006_0101.uasset" 10046
"../../../Engine/Content/EngineMaterials/Substrate/Glints2/dict_0006_0100.uasset" 10047
"../../../Engine/Content/EngineMaterials/Substrate/Glints2/dict_0006_0092.uasset" 10048
"../../../Engine/Content/EngineMaterials/Substrate/Glints2/dict_0006_0098.uasset" 10049
"../../../Engine/Content/EngineMaterials/Substrate/Glints2/dict_0006_0099.uasset" 10050
"/Engine/EngineMaterials/Substrate/Glints2/dict_0006_0091" 10051
"../../../Engine/Content/EngineMaterials/Substrate/Glints2/dict_0006_0096.uasset" 10052
"/Engine/EngineMaterials/Substrate/Glints2/dict_0006_0090" 10053
"/Engine/EngineMaterials/Substrate/Glints2/dict_0006_0089" 10054
"/Engine/EngineMaterials/Substrate/Glints2/dict_0006_0088" 10055
"/Engine/EngineMaterials/Substrate/Glints2/dict_0006_0087" 10056
"/Engine/EngineMaterials/Substrate/Glints2/dict_0006_0086" 10057
"/Engine/EngineMaterials/Substrate/Glints2/dict_0006_0085" 10058
"/Engine/EngineMaterials/Substrate/Glints2/dict_0006_0084" 10059
"/Engine/EngineMaterials/Substrate/Glints2/dict_0006_0083" 10060
"/Engine/EngineMaterials/Substrate/Glints2/dict_0006_0082" 10061
"/Engine/EngineMaterials/Substrate/Glints2/dict_0006_0081" 10062
"/Engine/EngineMaterials/Substrate/Glints2/dict_0006_0080" 10063
"/Engine/EngineMaterials/Substrate/Glints2/dict_0006_0079" 10064
"/Engine/EngineMaterials/Substrate/Glints2/dict_0006_0078" 10065
"/Engine/EngineMaterials/Substrate/Glints2/dict_0006_0077" 10066
"/Engine/EngineMaterials/Substrate/Glints2/dict_0006_0076" 10067
"/Engine/EngineMaterials/Substrate/Glints2/dict_0006_0075" 10068
"/Engine/EngineMaterials/Substrate/Glints2/dict_0006_0074" 10069
"/Engine/EngineMaterials/Substrate/Glints2/dict_0006_0073" 10070
"/Engine/EngineMaterials/Substrate/Glints2/dict_0006_0072" 10071
"/Engine/EngineMaterials/Substrate/Glints2/dict_0006_0071" 10072
"/Engine/EngineMaterials/Substrate/Glints2/dict_0006_0070" 10073
"../../../Engine/Content/EngineMaterials/Substrate/Glints2/dict_0006_0107.uasset" 10074
"../../../Engine/Content/EngineMaterials/Substrate/Glints2/dict_0006_0106.uasset" 10075
"../../../Engine/Content/EngineMaterials/Substrate/Glints2/dict_0006_0108.uasset" 10076
"../../../Engine/Content/EngineMaterials/Substrate/Glints2/dict_0006_0112.uasset" 10077
"../../../Engine/Content/EngineMaterials/Substrate/Glints2/dict_0006_0114.uasset" 10078
"../../../Engine/Content/EngineMaterials/Substrate/Glints2/dict_0006_0116.uasset" 10079
"/Engine/EngineMaterials/Substrate/Glints2/dict_0006_0101" 10080
"../../../Engine/Content/EngineMaterials/Substrate/Glints2/dict_0006_0105.uasset" 10081
"../../../Engine/Content/EngineMaterials/Substrate/Glints2/dict_0006_0110.uasset" 10082
"../../../Engine/Content/EngineMaterials/Substrate/Glints2/dict_0006_0119.uasset" 10083
"../../../Engine/Content/EngineMaterials/Substrate/Glints2/dict_0006_0103.uasset" 10084
"../../../Engine/Content/EngineMaterials/Substrate/Glints2/dict_0006_0122.uasset" 10085
"../../../Engine/Content/EngineMaterials/Substrate/Glints2/dict_0006_0120.uasset" 10086
"../../../Engine/Content/EngineMaterials/Substrate/Glints2/dict_0006_0111.uasset" 10087
"../../../Engine/Content/EngineMaterials/Substrate/Glints2/dict_0006_0109.uasset" 10088
"../../../Engine/Content/EngineMaterials/Substrate/Glints2/dict_0006_0113.uasset" 10089
"../../../Engine/Content/EngineMaterials/Substrate/Glints2/dict_0006_0123.uasset" 10090
"../../../Engine/Content/EngineMaterials/Substrate/Glints2/dict_0006_0117.uasset" 10091
"../../../Engine/Content/EngineMaterials/Substrate/Glints2/dict_0006_0104.uasset" 10092
"../../../Engine/Content/EngineMaterials/Substrate/Glints2/dict_0006_0115.uasset" 10093
"../../../Engine/Content/EngineMaterials/Substrate/Glints2/dict_0006_0121.uasset" 10094
"../../../Engine/Content/EngineMaterials/Substrate/Glints2/dict_0006_0118.uasset" 10095
"../../../Engine/Content/EngineMaterials/Substrate/Glints2/dict_0006_0102.uasset" 10096
"/Engine/EngineMaterials/Substrate/Glints2/dict_0006_0100" 10097
"/Engine/EngineMaterials/Substrate/Glints2/dict_0006_0099" 10098
"/Engine/EngineMaterials/Substrate/Glints2/dict_0006_0098" 10099
"/Engine/EngineMaterials/Substrate/Glints2/dict_0006_0097" 10100
"/Engine/EngineMaterials/Substrate/Glints2/dict_0006_0096" 10101
"/Engine/EngineMaterials/Substrate/Glints2/dict_0006_0095" 10102
"/Engine/EngineMaterials/Substrate/Glints2/dict_0006_0094" 10103
"/Engine/EngineMaterials/Substrate/Glints2/dict_0006_0093" 10104
"/Engine/EngineMaterials/Substrate/Glints2/dict_0006_0092" 10105
"../../../Engine/Content/EngineMaterials/Substrate/Glints2/dict_0006_0131.uasset" 10106
"../../../Engine/Content/EngineMaterials/Substrate/Glints2/dict_0006_0130.uasset" 10107
"../../../Engine/Content/EngineMaterials/Substrate/Glints2/dict_0006_0126.uasset" 10108
"../../../Engine/Content/EngineMaterials/Substrate/Glints2/dict_0006_0133.uasset" 10109
"/Engine/EngineMaterials/Substrate/Glints2/dict_0006_0123" 10110
"../../../Engine/Content/EngineMaterials/Substrate/Glints2/dict_0006_0132.uasset" 10111
"../../../Engine/Content/EngineMaterials/Substrate/Glints2/dict_0006_0129.uasset" 10112
"../../../Engine/Content/EngineMaterials/Substrate/Glints2/dict_0006_0124.uasset" 10113
"../../../Engine/Content/EngineMaterials/Substrate/Glints2/dict_0006_0128.uasset" 10114
"../../../Engine/Content/EngineMaterials/Substrate/Glints2/dict_0006_0125.uasset" 10115
"../../../Engine/Content/EngineMaterials/Substrate/Glints2/dict_0006_0127.uasset" 10116
"/Engine/EngineMaterials/Substrate/Glints2/dict_0006_0122" 10117
"/Engine/EngineMaterials/Substrate/Glints2/dict_0006_0121" 10118
"/Engine/EngineMaterials/Substrate/Glints2/dict_0006_0120" 10119
"/Engine/EngineMaterials/Substrate/Glints2/dict_0006_0119" 10120
"/Engine/EngineMaterials/Substrate/Glints2/dict_0006_0118" 10121
"/Engine/EngineMaterials/Substrate/Glints2/dict_0006_0117" 10122
"/Engine/EngineMaterials/Substrate/Glints2/dict_0006_0116" 10123
"/Engine/EngineMaterials/Substrate/Glints2/dict_0006_0115" 10124
"/Engine/EngineMaterials/Substrate/Glints2/dict_0006_0114" 10125
"/Engine/EngineMaterials/Substrate/Glints2/dict_0006_0113" 10126
"/Engine/EngineMaterials/Substrate/Glints2/dict_0006_0112" 10127
"/Engine/EngineMaterials/Substrate/Glints2/dict_0006_0111" 10128
"/Engine/EngineMaterials/Substrate/Glints2/dict_0006_0110" 10129
"/Engine/EngineMaterials/Substrate/Glints2/dict_0006_0109" 10130
"/Engine/EngineMaterials/Substrate/Glints2/dict_0006_0108" 10131
"/Engine/EngineMaterials/Substrate/Glints2/dict_0006_0107" 10132
"/Engine/EngineMaterials/Substrate/Glints2/dict_0006_0106" 10133
"/Engine/EngineMaterials/Substrate/Glints2/dict_0006_0105" 10134
"/Engine/EngineMaterials/Substrate/Glints2/dict_0006_0104" 10135
"/Engine/EngineMaterials/Substrate/Glints2/dict_0006_0103" 10136
"/Engine/EngineMaterials/Substrate/Glints2/dict_0006_0102" 10137
"../../../Engine/Content/EngineMaterials/Substrate/Glints2/dict_0006_0137.uasset" 10138
"../../../Engine/Content/EngineMaterials/Substrate/Glints2/dict_0006_0136.uasset" 10139
"../../../Engine/Content/EngineMaterials/Substrate/Glints2/dict_0006_0134.uasset" 10140
"../../../Engine/Content/EngineMaterials/Substrate/Glints2/dict_0006_0140.uasset" 10141
"../../../Engine/Content/EngineMaterials/Substrate/Glints2/dict_0006_0142.uasset" 10142
"../../../Engine/Content/EngineMaterials/Substrate/Glints2/dict_0006_0139.uasset" 10143
"../../../Engine/Content/EngineMaterials/Substrate/Glints2/dict_0006_0149.uasset" 10144
"../../../Engine/Content/EngineMaterials/Substrate/Glints2/dict_0006_0135.uasset" 10145
"../../../Engine/Content/EngineMaterials/Substrate/Glints2/dict_0006_0151.uasset" 10146
"/Engine/EngineMaterials/Substrate/Glints2/dict_0006_0133" 10147
"../../../Engine/Content/EngineMaterials/Substrate/Glints2/dict_0006_0144.uasset" 10148
"../../../Engine/Content/EngineMaterials/Substrate/Glints2/dict_0006_0150.uasset" 10149
"../../../Engine/Content/EngineMaterials/Substrate/Glints2/dict_0006_0154.uasset" 10150
"../../../Engine/Content/EngineMaterials/Substrate/Glints2/dict_0006_0153.uasset" 10151
"../../../Engine/Content/EngineMaterials/Substrate/Glints2/dict_0006_0155.uasset" 10152
"../../../Engine/Content/EngineMaterials/Substrate/Glints2/dict_0006_0143.uasset" 10153
"../../../Engine/Content/EngineMaterials/Substrate/Glints2/dict_0006_0141.uasset" 10154
"../../../Engine/Content/EngineMaterials/Substrate/Glints2/dict_0006_0138.uasset" 10155
"../../../Engine/Content/EngineMaterials/Substrate/Glints2/dict_0006_0148.uasset" 10156
"../../../Engine/Content/EngineMaterials/Substrate/Glints2/dict_0006_0146.uasset" 10157
"../../../Engine/Content/EngineMaterials/Substrate/Glints2/dict_0006_0145.uasset" 10158
"../../../Engine/Content/EngineMaterials/Substrate/Glints2/dict_0006_0152.uasset" 10159
"../../../Engine/Content/EngineMaterials/Substrate/Glints2/dict_0006_0147.uasset" 10160
"/Engine/EngineMaterials/Substrate/Glints2/dict_0006_0132" 10161
"/Engine/EngineMaterials/Substrate/Glints2/dict_0006_0131" 10162
"/Engine/EngineMaterials/Substrate/Glints2/dict_0006_0130" 10163
"/Engine/EngineMaterials/Substrate/Glints2/dict_0006_0129" 10164
"/Engine/EngineMaterials/Substrate/Glints2/dict_0006_0128" 10165
"/Engine/EngineMaterials/Substrate/Glints2/dict_0006_0127" 10166
"/Engine/EngineMaterials/Substrate/Glints2/dict_0006_0126" 10167
"/Engine/EngineMaterials/Substrate/Glints2/dict_0006_0125" 10168
"/Engine/EngineMaterials/Substrate/Glints2/dict_0006_0124" 10169
"../../../Engine/Content/EngineMaterials/Substrate/Glints2/dict_0006_0157.uasset" 10170
"../../../Engine/Content/EngineMaterials/Substrate/Glints2/dict_0006_0156.uasset" 10171
"../../../Engine/Content/EngineMaterials/Substrate/Glints2/dict_0006_0160.uasset" 10172
"../../../Engine/Content/EngineMaterials/Substrate/Glints2/dict_0006_0163.uasset" 10173
"../../../Engine/Content/EngineMaterials/Substrate/Glints2/dict_0006_0159.uasset" 10174
"../../../Engine/Content/EngineMaterials/Substrate/Glints2/dict_0006_0161.uasset" 10175
"../../../Engine/Content/EngineMaterials/Substrate/Glints2/dict_0006_0164.uasset" 10176
"../../../Engine/Content/EngineMaterials/Substrate/Glints2/dict_0006_0158.uasset" 10177
"/Engine/EngineMaterials/Substrate/Glints2/dict_0006_0155" 10178
"../../../Engine/Content/EngineMaterials/Substrate/Glints2/dict_0006_0165.uasset" 10179
"../../../Engine/Content/EngineMaterials/Substrate/Glints2/dict_0006_0162.uasset" 10180
"/Engine/EngineMaterials/Substrate/Glints2/dict_0006_0154" 10181
"/Engine/EngineMaterials/Substrate/Glints2/dict_0006_0153" 10182
"/Engine/EngineMaterials/Substrate/Glints2/dict_0006_0152" 10183
"/Engine/EngineMaterials/Substrate/Glints2/dict_0006_0151" 10184
"/Engine/EngineMaterials/Substrate/Glints2/dict_0006_0150" 10185
"/Engine/EngineMaterials/Substrate/Glints2/dict_0006_0149" 10186
"/Engine/EngineMaterials/Substrate/Glints2/dict_0006_0148" 10187
"/Engine/EngineMaterials/Substrate/Glints2/dict_0006_0147" 10188
"/Engine/EngineMaterials/Substrate/Glints2/dict_0006_0146" 10189
"/Engine/EngineMaterials/Substrate/Glints2/dict_0006_0145" 10190
"/Engine/EngineMaterials/Substrate/Glints2/dict_0006_0144" 10191
"/Engine/EngineMaterials/Substrate/Glints2/dict_0006_0143" 10192
"/Engine/EngineMaterials/Substrate/Glints2/dict_0006_0142" 10193
"/Engine/EngineMaterials/Substrate/Glints2/dict_0006_0141" 10194
"/Engine/EngineMaterials/Substrate/Glints2/dict_0006_0140" 10195
"/Engine/EngineMaterials/Substrate/Glints2/dict_0006_0157" 10196
"/Engine/EngineMaterials/Substrate/Glints2/dict_0006_0139" 10197
"/Engine/EngineMaterials/Substrate/Glints2/dict_0006_0138" 10198
"/Engine/EngineMaterials/Substrate/Glints2/dict_0006_0137" 10199
"/Engine/EngineMaterials/Substrate/Glints2/dict_0006_0136" 10200
"/Engine/EngineMaterials/Substrate/Glints2/dict_0006_0135" 10201
"/Engine/EngineMaterials/Substrate/Glints2/dict_0006_0134" 10202
"/Engine/EngineMaterials/Substrate/Glints2/dict_0006_0156" 10203
"../../../Engine/Content/EngineMaterials/Substrate/Glints2/dict_0006_0175.uasset" 10204
"../../../Engine/Content/EngineMaterials/Substrate/Glints2/dict_0006_0166.uasset" 10205
"../../../Engine/Content/EngineMaterials/Substrate/Glints2/dict_0006_0168.uasset" 10206
"../../../Engine/Content/EngineMaterials/Substrate/Glints2/dict_0006_0178.uasset" 10207
"../../../Engine/Content/EngineMaterials/Substrate/Glints2/dict_0006_0171.uasset" 10208
"../../../Engine/Content/EngineMaterials/Substrate/Glints2/dict_0006_0167.uasset" 10209
"../../../Engine/Content/EngineMaterials/Substrate/Glints2/dict_0006_0177.uasset" 10210
"/Engine/EngineMaterials/Substrate/Glints2/dict_0006_0165" 10211
"../../../Engine/Content/EngineMaterials/Substrate/Glints2/dict_0006_0179.uasset" 10212
"../../../Engine/Content/EngineMaterials/Substrate/Glints2/dict_0006_0174.uasset" 10213
"../../../Engine/Content/EngineMaterials/Substrate/Glints2/dict_0006_0184.uasset" 10214
"../../../Engine/Content/EngineMaterials/Substrate/Glints2/dict_0006_0185.uasset" 10215
"../../../Engine/Content/EngineMaterials/Substrate/Glints2/dict_0006_0181.uasset" 10216
"../../../Engine/Content/EngineMaterials/Substrate/Glints2/dict_0006_0188.uasset" 10217
"../../../Engine/Content/EngineMaterials/Substrate/Glints2/dict_0006_0186.uasset" 10218
"../../../Engine/Content/EngineMaterials/Substrate/Glints2/dict_0006_0173.uasset" 10219
"../../../Engine/Content/EngineMaterials/Substrate/Glints2/dict_0006_0187.uasset" 10220
"../../../Engine/Content/EngineMaterials/Substrate/Glints2/dict_0006_0170.uasset" 10221
"../../../Engine/Content/EngineMaterials/Substrate/Glints2/dict_0006_0172.uasset" 10222
"../../../Engine/Content/EngineMaterials/Substrate/Glints2/dict_0006_0189.uasset" 10223
"../../../Engine/Content/EngineMaterials/Substrate/Glints2/dict_0006_0169.uasset" 10224
"../../../Engine/Content/EngineMaterials/Substrate/Glints2/dict_0006_0183.uasset" 10225
"../../../Engine/Content/EngineMaterials/Substrate/Glints2/dict_0006_0176.uasset" 10226
"../../../Engine/Content/EngineMaterials/Substrate/Glints2/dict_0006_0182.uasset" 10227
"../../../Engine/Content/EngineMaterials/Substrate/Glints2/dict_0006_0180.uasset" 10228
"/Engine/EngineMaterials/Substrate/Glints2/dict_0006_0164" 10229
"/Engine/EngineMaterials/Substrate/Glints2/dict_0006_0163" 10230
"/Engine/EngineMaterials/Substrate/Glints2/dict_0006_0162" 10231
"/Engine/EngineMaterials/Substrate/Glints2/dict_0006_0161" 10232
"/Engine/EngineMaterials/Substrate/Glints2/dict_0006_0160" 10233
"/Engine/EngineMaterials/Substrate/Glints2/dict_0006_0159" 10234
"/Engine/EngineMaterials/Substrate/Glints2/dict_0006_0158" 10235
"../../../Engine/Content/EngineMaterials/Substrate/Glints2/dict_0006_0190.uasset" 10236
"../../../Engine/Content/EngineMaterials/Substrate/Glints2/dict_0006_0192.uasset" 10237
"../../../Engine/Content/EngineMaterials/Substrate/Glints2/dict_0006_0196.uasset" 10238
"../../../Engine/Content/EngineMaterials/Substrate/Glints2/dict_0006_0193.uasset" 10239
"../../../Engine/Content/EngineMaterials/Substrate/Glints2/dict_0006_0195.uasset" 10240
"/Engine/EngineMaterials/Substrate/Glints2/dict_0006_0189" 10241
"../../../Engine/Content/EngineMaterials/Substrate/Glints2/dict_0006_0191.uasset" 10242
"../../../Engine/Content/EngineMaterials/Substrate/Glints2/dict_0006_0194.uasset" 10243
"../../../Engine/Content/EngineMaterials/Substrate/Glints2/dict_0006_0197.uasset" 10244
"/Engine/EngineMaterials/Substrate/Glints2/dict_0006_0188" 10245
"/Engine/EngineMaterials/Substrate/Glints2/dict_0006_0187" 10246
"/Engine/EngineMaterials/Substrate/Glints2/dict_0006_0186" 10247
"/Engine/EngineMaterials/Substrate/Glints2/dict_0006_0185" 10248
"/Engine/EngineMaterials/Substrate/Glints2/dict_0006_0184" 10249
"/Engine/EngineMaterials/Substrate/Glints2/dict_0006_0183" 10250
"/Engine/EngineMaterials/Substrate/Glints2/dict_0006_0182" 10251
"/Engine/EngineMaterials/Substrate/Glints2/dict_0006_0181" 10252
"/Engine/EngineMaterials/Substrate/Glints2/dict_0006_0180" 10253
"/Engine/EngineMaterials/Substrate/Glints2/dict_0006_0179" 10254
"/Engine/EngineMaterials/Substrate/Glints2/dict_0006_0178" 10255
"/Engine/EngineMaterials/Substrate/Glints2/dict_0006_0177" 10256
"/Engine/EngineMaterials/Substrate/Glints2/dict_0006_0176" 10257
"/Engine/EngineMaterials/Substrate/Glints2/dict_0006_0175" 10258
"/Engine/EngineMaterials/Substrate/Glints2/dict_0006_0174" 10259
"/Engine/EngineMaterials/Substrate/Glints2/dict_0006_0173" 10260
"/Engine/EngineMaterials/Substrate/Glints2/dict_0006_0172" 10261
"/Engine/EngineMaterials/Substrate/Glints2/dict_0006_0171" 10262
"/Engine/EngineMaterials/Substrate/Glints2/dict_0006_0170" 10263
"/Engine/EngineMaterials/Substrate/Glints2/dict_0006_0169" 10264
"/Engine/EngineMaterials/Substrate/Glints2/dict_0006_0168" 10265
"/Engine/EngineMaterials/Substrate/Glints2/dict_0006_0167" 10266
"/Engine/EngineMaterials/Substrate/Glints2/dict_0006_0166" 10267
"../../../Engine/Content/EngineMaterials/Substrate/Glints2/dict_0006_0200.uasset" 10268
"../../../Engine/Content/EngineMaterials/Substrate/Glints2/dict_0006_0198.uasset" 10269
"../../../Engine/Content/EngineMaterials/Substrate/Glints2/dict_0006_0209.uasset" 10270
"../../../Engine/Content/EngineMaterials/Substrate/Glints2/dict_0006_0201.uasset" 10271
"../../../Engine/Content/EngineMaterials/Substrate/Glints2/dict_0006_0207.uasset" 10272
"../../../Engine/Content/EngineMaterials/Substrate/Glints2/dict_0006_0199.uasset" 10273
"../../../Engine/Content/EngineMaterials/Substrate/Glints2/dict_0006_0211.uasset" 10274
"../../../Engine/Content/EngineMaterials/Substrate/Glints2/dict_0006_0210.uasset" 10275
"../../../Engine/Content/EngineMaterials/Substrate/Glints2/dict_0006_0214.uasset" 10276
"../../../Engine/Content/EngineMaterials/Substrate/Glints2/dict_0006_0204.uasset" 10277
"../../../Engine/Content/EngineMaterials/Substrate/Glints2/dict_0006_0216.uasset" 10278
"../../../Engine/Content/EngineMaterials/Substrate/Glints2/dict_0006_0205.uasset" 10279
"../../../Engine/Content/EngineMaterials/Substrate/Glints2/dict_0006_0217.uasset" 10280
"../../../Engine/Content/EngineMaterials/Substrate/Glints2/dict_0006_0218.uasset" 10281
"../../../Engine/Content/EngineMaterials/Substrate/Glints2/dict_0006_0208.uasset" 10282
"../../../Engine/Content/EngineMaterials/Substrate/Glints2/dict_0006_0219.uasset" 10283
"../../../Engine/Content/EngineMaterials/Substrate/Glints2/dict_0006_0220.uasset" 10284
"../../../Engine/Content/EngineMaterials/Substrate/Glints2/dict_0006_0221.uasset" 10285
"../../../Engine/Content/EngineMaterials/Substrate/Glints2/dict_0006_0203.uasset" 10286
"../../../Engine/Content/EngineMaterials/Substrate/Glints2/dict_0006_0206.uasset" 10287
"../../../Engine/Content/EngineMaterials/Substrate/Glints2/dict_0006_0213.uasset" 10288
"/Engine/EngineMaterials/Substrate/Glints2/dict_0006_0197" 10289
"../../../Engine/Content/EngineMaterials/Substrate/Glints2/dict_0006_0215.uasset" 10290
"../../../Engine/Content/EngineMaterials/Substrate/Glints2/dict_0006_0212.uasset" 10291
"../../../Engine/Content/EngineMaterials/Substrate/Glints2/dict_0006_0202.uasset" 10292
"/Engine/EngineMaterials/Substrate/Glints2/dict_0006_0196" 10293
"/Engine/EngineMaterials/Substrate/Glints2/dict_0006_0195" 10294
"/Engine/EngineMaterials/Substrate/Glints2/dict_0006_0194" 10295
"/Engine/EngineMaterials/Substrate/Glints2/dict_0006_0193" 10296
"/Engine/EngineMaterials/Substrate/Glints2/dict_0006_0192" 10297
"/Engine/EngineMaterials/Substrate/Glints2/dict_0006_0191" 10298
"/Engine/EngineMaterials/Substrate/Glints2/dict_0006_0190" 10299
"../../../Engine/Content/EngineMaterials/Substrate/Glints2/dict_0006_0223.uasset" 10300
"../../../Engine/Content/EngineMaterials/Substrate/Glints2/dict_0006_0224.uasset" 10301
"/Engine/EngineMaterials/Substrate/Glints2/dict_0006_0221" 10302
"../../../Engine/Content/EngineMaterials/Substrate/Glints2/dict_0006_0227.uasset" 10303
"../../../Engine/Content/EngineMaterials/Substrate/Glints2/dict_0006_0225.uasset" 10304
"../../../Engine/Content/EngineMaterials/Substrate/Glints2/dict_0006_0229.uasset" 10305
"../../../Engine/Content/EngineMaterials/Substrate/Glints2/dict_0006_0228.uasset" 10306
"../../../Engine/Content/EngineMaterials/Substrate/Glints2/dict_0006_0226.uasset" 10307
"../../../Engine/Content/EngineMaterials/Substrate/Glints2/dict_0006_0222.uasset" 10308
"/Engine/EngineMaterials/Substrate/Glints2/dict_0006_0220" 10309
"/Engine/EngineMaterials/Substrate/Glints2/dict_0006_0219" 10310
"/Engine/EngineMaterials/Substrate/Glints2/dict_0006_0218" 10311
"/Engine/EngineMaterials/Substrate/Glints2/dict_0006_0217" 10312
"/Engine/EngineMaterials/Substrate/Glints2/dict_0006_0216" 10313
"/Engine/EngineMaterials/Substrate/Glints2/dict_0006_0215" 10314
"/Engine/EngineMaterials/Substrate/Glints2/dict_0006_0214" 10315
"/Engine/EngineMaterials/Substrate/Glints2/dict_0006_0213" 10316
"/Engine/EngineMaterials/Substrate/Glints2/dict_0006_0212" 10317
"/Engine/EngineMaterials/Substrate/Glints2/dict_0006_0211" 10318
"/Engine/EngineMaterials/Substrate/Glints2/dict_0006_0210" 10319
"/Engine/EngineMaterials/Substrate/Glints2/dict_0006_0209" 10320
"/Engine/EngineMaterials/Substrate/Glints2/dict_0006_0208" 10321
"/Engine/EngineMaterials/Substrate/Glints2/dict_0006_0207" 10322
"/Engine/EngineMaterials/Substrate/Glints2/dict_0006_0206" 10323
"/Engine/EngineMaterials/Substrate/Glints2/dict_0006_0205" 10324
"/Engine/EngineMaterials/Substrate/Glints2/dict_0006_0204" 10325
"/Engine/EngineMaterials/Substrate/Glints2/dict_0006_0203" 10326
"/Engine/EngineMaterials/Substrate/Glints2/dict_0006_0202" 10327
"/Engine/EngineMaterials/Substrate/Glints2/dict_0006_0201" 10328
"/Engine/EngineMaterials/Substrate/Glints2/dict_0006_0200" 10329
"/Engine/EngineMaterials/Substrate/Glints2/dict_0006_0199" 10330
"/Engine/EngineMaterials/Substrate/Glints2/dict_0006_0198" 10331
"../../../Engine/Content/EngineMaterials/Substrate/Glints2/dict_0006_0231.uasset" 10332
"../../../Engine/Content/EngineMaterials/Substrate/Glints2/dict_0006_0235.uasset" 10333
"../../../Engine/Content/EngineMaterials/Substrate/Glints2/dict_0006_0236.uasset" 10334
"../../../Engine/Content/EngineMaterials/Substrate/Glints2/dict_0006_0243.uasset" 10335
"../../../Engine/Content/EngineMaterials/Substrate/Glints2/dict_0006_0234.uasset" 10336
"../../../Engine/Content/EngineMaterials/Substrate/Glints2/dict_0006_0246.uasset" 10337
"../../../Engine/Content/EngineMaterials/Substrate/Glints2/dict_0006_0232.uasset" 10338
"../../../Engine/Content/EngineMaterials/Substrate/Glints2/dict_0006_0238.uasset" 10339
"../../../Engine/Content/EngineMaterials/Substrate/Glints2/dict_0006_0239.uasset" 10340
"../../../Engine/Content/EngineMaterials/Substrate/Glints2/dict_0006_0241.uasset" 10341
"../../../Engine/Content/EngineMaterials/Substrate/Glints2/dict_0006_0237.uasset" 10342
"../../../Engine/Content/EngineMaterials/Substrate/Glints2/dict_0006_0249.uasset" 10343
"../../../Engine/Content/EngineMaterials/Substrate/Glints2/dict_0006_0233.uasset" 10344
"../../../Engine/Content/EngineMaterials/Substrate/Glints2/dict_0006_0250.uasset" 10345
"../../../Engine/Content/EngineMaterials/Substrate/Glints2/dict_0006_0251.uasset" 10346
"../../../Engine/Content/EngineMaterials/Substrate/Glints2/dict_0006_0253.uasset" 10347
"../../../Engine/Content/EngineMaterials/Substrate/Glints2/dict_0006_0252.uasset" 10348
"../../../Engine/Content/EngineMaterials/Substrate/Glints2/dict_0006_0242.uasset" 10349
"/Engine/EngineMaterials/Substrate/Glints2/dict_0006_0229" 10350
"../../../Engine/Content/EngineMaterials/Substrate/Glints2/dict_0006_0244.uasset" 10351
"../../../Engine/Content/EngineMaterials/Substrate/Glints2/dict_0006_0247.uasset" 10352
"../../../Engine/Content/EngineMaterials/Substrate/Glints2/dict_0006_0230.uasset" 10353
"../../../Engine/Content/EngineMaterials/Substrate/Glints2/dict_0006_0245.uasset" 10354
"../../../Engine/Content/EngineMaterials/Substrate/Glints2/dict_0006_0248.uasset" 10355
"../../../Engine/Content/EngineMaterials/Substrate/Glints2/dict_0006_0240.uasset" 10356
"/Engine/EngineMaterials/Substrate/Glints2/dict_0006_0228" 10357
"/Engine/EngineMaterials/Substrate/Glints2/dict_0006_0227" 10358
"/Engine/EngineMaterials/Substrate/Glints2/dict_0006_0226" 10359
"/Engine/EngineMaterials/Substrate/Glints2/dict_0006_0225" 10360
"/Engine/EngineMaterials/Substrate/Glints2/dict_0006_0224" 10361
"/Engine/EngineMaterials/Substrate/Glints2/dict_0006_0223" 10362
"/Engine/EngineMaterials/Substrate/Glints2/dict_0006_0222" 10363
"../../../Engine/Content/EngineMaterials/Substrate/Glints2/dict_0007_0000.uasset" 10364
"../../../Engine/Content/EngineMaterials/Substrate/Glints2/dict_0007_0001.uasset" 10365
"/Engine/EngineMaterials/Substrate/Glints2/dict_0006_0253" 10366
"../../../Engine/Content/EngineMaterials/Substrate/Glints2/dict_0007_0002.uasset" 10367
"../../../Engine/Content/EngineMaterials/Substrate/Glints2/dict_0006_0255.uasset" 10368
"../../../Engine/Content/EngineMaterials/Substrate/Glints2/dict_0007_0003.uasset" 10369
"../../../Engine/Content/EngineMaterials/Substrate/Glints2/dict_0007_0004.uasset" 10370
"../../../Engine/Content/EngineMaterials/Substrate/Glints2/dict_0007_0005.uasset" 10371
"../../../Engine/Content/EngineMaterials/Substrate/Glints2/dict_0006_0254.uasset" 10372
"/Engine/EngineMaterials/Substrate/Glints2/dict_0006_0252" 10373
"/Engine/EngineMaterials/Substrate/Glints2/dict_0006_0251" 10374
"/Engine/EngineMaterials/Substrate/Glints2/dict_0006_0250" 10375
"/Engine/EngineMaterials/Substrate/Glints2/dict_0006_0249" 10376
"/Engine/EngineMaterials/Substrate/Glints2/dict_0006_0248" 10377
"/Engine/EngineMaterials/Substrate/Glints2/dict_0006_0247" 10378
"/Engine/EngineMaterials/Substrate/Glints2/dict_0006_0246" 10379
"/Engine/EngineMaterials/Substrate/Glints2/dict_0006_0245" 10380
"/Engine/EngineMaterials/Substrate/Glints2/dict_0006_0244" 10381
"/Engine/EngineMaterials/Substrate/Glints2/dict_0006_0243" 10382
"/Engine/EngineMaterials/Substrate/Glints2/dict_0006_0242" 10383
"/Engine/EngineMaterials/Substrate/Glints2/dict_0006_0241" 10384
"/Engine/EngineMaterials/Substrate/Glints2/dict_0006_0240" 10385
"/Engine/EngineMaterials/Substrate/Glints2/dict_0006_0239" 10386
"/Engine/EngineMaterials/Substrate/Glints2/dict_0006_0238" 10387
"/Engine/EngineMaterials/Substrate/Glints2/dict_0006_0237" 10388
"/Engine/EngineMaterials/Substrate/Glints2/dict_0006_0236" 10389
"/Engine/EngineMaterials/Substrate/Glints2/dict_0006_0235" 10390
"/Engine/EngineMaterials/Substrate/Glints2/dict_0006_0234" 10391
"/Engine/EngineMaterials/Substrate/Glints2/dict_0006_0233" 10392
"/Engine/EngineMaterials/Substrate/Glints2/dict_0006_0232" 10393
"/Engine/EngineMaterials/Substrate/Glints2/dict_0006_0231" 10394
"/Engine/EngineMaterials/Substrate/Glints2/dict_0006_0230" 10395
"../../../Engine/Content/EngineMaterials/Substrate/Glints2/dict_0007_0010.uasset" 10396
"../../../Engine/Content/EngineMaterials/Substrate/Glints2/dict_0007_0011.uasset" 10397
"../../../Engine/Content/EngineMaterials/Substrate/Glints2/dict_0007_0021.uasset" 10398
"/Engine/EngineMaterials/Substrate/Glints2/dict_0007_0005" 10399
"../../../Engine/Content/EngineMaterials/Substrate/Glints2/dict_0007_0006.uasset" 10400
"../../../Engine/Content/EngineMaterials/Substrate/Glints2/dict_0007_0007.uasset" 10401
"../../../Engine/Content/EngineMaterials/Substrate/Glints2/dict_0007_0008.uasset" 10402
"../../../Engine/Content/EngineMaterials/Substrate/Glints2/dict_0007_0009.uasset" 10403
"../../../Engine/Content/EngineMaterials/Substrate/Glints2/dict_0007_0023.uasset" 10404
"../../../Engine/Content/EngineMaterials/Substrate/Glints2/dict_0007_0020.uasset" 10405
"../../../Engine/Content/EngineMaterials/Substrate/Glints2/dict_0007_0019.uasset" 10406
"../../../Engine/Content/EngineMaterials/Substrate/Glints2/dict_0007_0024.uasset" 10407
"../../../Engine/Content/EngineMaterials/Substrate/Glints2/dict_0007_0022.uasset" 10408
"../../../Engine/Content/EngineMaterials/Substrate/Glints2/dict_0007_0028.uasset" 10409
"../../../Engine/Content/EngineMaterials/Substrate/Glints2/dict_0007_0026.uasset" 10410
"../../../Engine/Content/EngineMaterials/Substrate/Glints2/dict_0007_0029.uasset" 10411
"../../../Engine/Content/EngineMaterials/Substrate/Glints2/dict_0007_0018.uasset" 10412
"../../../Engine/Content/EngineMaterials/Substrate/Glints2/dict_0007_0012.uasset" 10413
"../../../Engine/Content/EngineMaterials/Substrate/Glints2/dict_0007_0017.uasset" 10414
"../../../Engine/Content/EngineMaterials/Substrate/Glints2/dict_0007_0015.uasset" 10415
"/Engine/EngineMaterials/Substrate/Glints2/dict_0007_0004" 10416
"../../../Engine/Content/EngineMaterials/Substrate/Glints2/dict_0007_0016.uasset" 10417
"../../../Engine/Content/EngineMaterials/Substrate/Glints2/dict_0007_0027.uasset" 10418
"../../../Engine/Content/EngineMaterials/Substrate/Glints2/dict_0007_0014.uasset" 10419
"../../../Engine/Content/EngineMaterials/Substrate/Glints2/dict_0007_0013.uasset" 10420
"../../../Engine/Content/EngineMaterials/Substrate/Glints2/dict_0007_0025.uasset" 10421
"/Engine/EngineMaterials/Substrate/Glints2/dict_0007_0003" 10422
"/Engine/EngineMaterials/Substrate/Glints2/dict_0007_0002" 10423
"/Engine/EngineMaterials/Substrate/Glints2/dict_0007_0001" 10424
"/Engine/EngineMaterials/Substrate/Glints2/dict_0007_0000" 10425
"/Engine/EngineMaterials/Substrate/Glints2/dict_0006_0255" 10426
"/Engine/EngineMaterials/Substrate/Glints2/dict_0006_0254" 10427
"../../../Engine/Content/EngineMaterials/Substrate/Glints2/dict_0007_0034.uasset" 10428
"../../../Engine/Content/EngineMaterials/Substrate/Glints2/dict_0007_0033.uasset" 10429
"../../../Engine/Content/EngineMaterials/Substrate/Glints2/dict_0007_0031.uasset" 10430
"/Engine/EngineMaterials/Substrate/Glints2/dict_0007_0029" 10431
"../../../Engine/Content/EngineMaterials/Substrate/Glints2/dict_0007_0037.uasset" 10432
"../../../Engine/Content/EngineMaterials/Substrate/Glints2/dict_0007_0036.uasset" 10433
"../../../Engine/Content/EngineMaterials/Substrate/Glints2/dict_0007_0035.uasset" 10434
"../../../Engine/Content/EngineMaterials/Substrate/Glints2/dict_0007_0032.uasset" 10435
"../../../Engine/Content/EngineMaterials/Substrate/Glints2/dict_0007_0030.uasset" 10436
"/Engine/EngineMaterials/Substrate/Glints2/dict_0007_0028" 10437
"/Engine/EngineMaterials/Substrate/Glints2/dict_0007_0027" 10438
"/Engine/EngineMaterials/Substrate/Glints2/dict_0007_0026" 10439
"/Engine/EngineMaterials/Substrate/Glints2/dict_0007_0025" 10440
"/Engine/EngineMaterials/Substrate/Glints2/dict_0007_0024" 10441
"/Engine/EngineMaterials/Substrate/Glints2/dict_0007_0023" 10442
"/Engine/EngineMaterials/Substrate/Glints2/dict_0007_0022" 10443
"/Engine/EngineMaterials/Substrate/Glints2/dict_0007_0021" 10444
"/Engine/EngineMaterials/Substrate/Glints2/dict_0007_0020" 10445
"/Engine/EngineMaterials/Substrate/Glints2/dict_0007_0019" 10446
"/Engine/EngineMaterials/Substrate/Glints2/dict_0007_0018" 10447
"/Engine/EngineMaterials/Substrate/Glints2/dict_0007_0017" 10448
"/Engine/EngineMaterials/Substrate/Glints2/dict_0007_0016" 10449
"/Engine/EngineMaterials/Substrate/Glints2/dict_0007_0015" 10450
"/Engine/EngineMaterials/Substrate/Glints2/dict_0007_0014" 10451
"/Engine/EngineMaterials/Substrate/Glints2/dict_0007_0013" 10452
"/Engine/EngineMaterials/Substrate/Glints2/dict_0007_0012" 10453
"/Engine/EngineMaterials/Substrate/Glints2/dict_0007_0011" 10454
"/Engine/EngineMaterials/Substrate/Glints2/dict_0007_0010" 10455
"/Engine/EngineMaterials/Substrate/Glints2/dict_0007_0009" 10456
"/Engine/EngineMaterials/Substrate/Glints2/dict_0007_0008" 10457
"/Engine/EngineMaterials/Substrate/Glints2/dict_0007_0007" 10458
"/Engine/EngineMaterials/Substrate/Glints2/dict_0007_0006" 10459
"../../../Engine/Content/EngineMaterials/Substrate/Glints2/dict_0007_0039.uasset" 10460
"../../../Engine/Content/EngineMaterials/Substrate/Glints2/dict_0007_0038.uasset" 10461
"../../../Engine/Content/EngineMaterials/Substrate/Glints2/dict_0007_0040.uasset" 10462
"../../../Engine/Content/EngineMaterials/Substrate/Glints2/dict_0007_0045.uasset" 10463
"../../../Engine/Content/EngineMaterials/Substrate/Glints2/dict_0007_0048.uasset" 10464
"../../../Engine/Content/EngineMaterials/Substrate/Glints2/dict_0007_0050.uasset" 10465
"../../../Engine/Content/EngineMaterials/Substrate/Glints2/dict_0007_0053.uasset" 10466
"../../../Engine/Content/EngineMaterials/Substrate/Glints2/dict_0007_0043.uasset" 10467
"../../../Engine/Content/EngineMaterials/Substrate/Glints2/dict_0007_0052.uasset" 10468
"/Engine/EngineMaterials/Substrate/Glints2/dict_0007_0037" 10469
"../../../Engine/Content/EngineMaterials/Substrate/Glints2/dict_0007_0051.uasset" 10470
"../../../Engine/Content/EngineMaterials/Substrate/Glints2/dict_0007_0056.uasset" 10471
"../../../Engine/Content/EngineMaterials/Substrate/Glints2/dict_0007_0060.uasset" 10472
"../../../Engine/Content/EngineMaterials/Substrate/Glints2/dict_0007_0058.uasset" 10473
"../../../Engine/Content/EngineMaterials/Substrate/Glints2/dict_0007_0054.uasset" 10474
"../../../Engine/Content/EngineMaterials/Substrate/Glints2/dict_0007_0059.uasset" 10475
"../../../Engine/Content/EngineMaterials/Substrate/Glints2/dict_0007_0061.uasset" 10476
"../../../Engine/Content/EngineMaterials/Substrate/Glints2/dict_0007_0049.uasset" 10477
"../../../Engine/Content/EngineMaterials/Substrate/Glints2/dict_0007_0044.uasset" 10478
"../../../Engine/Content/EngineMaterials/Substrate/Glints2/dict_0007_0046.uasset" 10479
"../../../Engine/Content/EngineMaterials/Substrate/Glints2/dict_0007_0042.uasset" 10480
"../../../Engine/Content/EngineMaterials/Substrate/Glints2/dict_0007_0047.uasset" 10481
"../../../Engine/Content/EngineMaterials/Substrate/Glints2/dict_0007_0055.uasset" 10482
"../../../Engine/Content/EngineMaterials/Substrate/Glints2/dict_0007_0057.uasset" 10483
"../../../Engine/Content/EngineMaterials/Substrate/Glints2/dict_0007_0041.uasset" 10484
"/Engine/EngineMaterials/Substrate/Glints2/dict_0007_0036" 10485
"/Engine/EngineMaterials/Substrate/Glints2/dict_0007_0035" 10486
"/Engine/EngineMaterials/Substrate/Glints2/dict_0007_0034" 10487
"/Engine/EngineMaterials/Substrate/Glints2/dict_0007_0033" 10488
"/Engine/EngineMaterials/Substrate/Glints2/dict_0007_0032" 10489
"/Engine/EngineMaterials/Substrate/Glints2/dict_0007_0031" 10490
"/Engine/EngineMaterials/Substrate/Glints2/dict_0007_0030" 10491
"../../../Engine/Content/EngineMaterials/Substrate/Glints2/dict_0007_0062.uasset" 10492
"../../../Engine/Content/EngineMaterials/Substrate/Glints2/dict_0007_0063.uasset" 10493
"../../../Engine/Content/EngineMaterials/Substrate/Glints2/dict_0007_0067.uasset" 10494
"../../../Engine/Content/EngineMaterials/Substrate/Glints2/dict_0007_0068.uasset" 10495
"../../../Engine/Content/EngineMaterials/Substrate/Glints2/dict_0007_0065.uasset" 10496
"/Engine/EngineMaterials/Substrate/Glints2/dict_0007_0061" 10497
"../../../Engine/Content/EngineMaterials/Substrate/Glints2/dict_0007_0064.uasset" 10498
"../../../Engine/Content/EngineMaterials/Substrate/Glints2/dict_0007_0066.uasset" 10499
"../../../Engine/Content/EngineMaterials/Substrate/Glints2/dict_0007_0069.uasset" 10500
"/Engine/EngineMaterials/Substrate/Glints2/dict_0007_0060" 10501
"/Engine/EngineMaterials/Substrate/Glints2/dict_0007_0059" 10502
"/Engine/EngineMaterials/Substrate/Glints2/dict_0007_0058" 10503
"/Engine/EngineMaterials/Substrate/Glints2/dict_0007_0057" 10504
"/Engine/EngineMaterials/Substrate/Glints2/dict_0007_0056" 10505
"/Engine/EngineMaterials/Substrate/Glints2/dict_0007_0055" 10506
"/Engine/EngineMaterials/Substrate/Glints2/dict_0007_0054" 10507
"/Engine/EngineMaterials/Substrate/Glints2/dict_0007_0053" 10508
"/Engine/EngineMaterials/Substrate/Glints2/dict_0007_0052" 10509
"/Engine/EngineMaterials/Substrate/Glints2/dict_0007_0051" 10510
"/Engine/EngineMaterials/Substrate/Glints2/dict_0007_0050" 10511
"/Engine/EngineMaterials/Substrate/Glints2/dict_0007_0062" 10512
"/Engine/EngineMaterials/Substrate/Glints2/dict_0007_0049" 10513
"/Engine/EngineMaterials/Substrate/Glints2/dict_0007_0048" 10514
"/Engine/EngineMaterials/Substrate/Glints2/dict_0007_0047" 10515
"/Engine/EngineMaterials/Substrate/Glints2/dict_0007_0046" 10516
"/Engine/EngineMaterials/Substrate/Glints2/dict_0007_0045" 10517
"/Engine/EngineMaterials/Substrate/Glints2/dict_0007_0044" 10518
"/Engine/EngineMaterials/Substrate/Glints2/dict_0007_0043" 10519
"/Engine/EngineMaterials/Substrate/Glints2/dict_0007_0042" 10520
"/Engine/EngineMaterials/Substrate/Glints2/dict_0007_0041" 10521
"/Engine/EngineMaterials/Substrate/Glints2/dict_0007_0040" 10522
"/Engine/EngineMaterials/Substrate/Glints2/dict_0007_0039" 10523
"/Engine/EngineMaterials/Substrate/Glints2/dict_0007_0038" 10524
"/Engine/EngineMaterials/Substrate/Glints2/dict_0007_0069" 10525
"../../../Engine/Content/EngineMaterials/Substrate/Glints2/dict_0007_0073.uasset" 10526
"../../../Engine/Content/EngineMaterials/Substrate/Glints2/dict_0007_0080.uasset" 10527
"../../../Engine/Content/EngineMaterials/Substrate/Glints2/dict_0007_0081.uasset" 10528
"../../../Engine/Content/EngineMaterials/Substrate/Glints2/dict_0007_0082.uasset" 10529
"../../../Engine/Content/EngineMaterials/Substrate/Glints2/dict_0007_0077.uasset" 10530
"../../../Engine/Content/EngineMaterials/Substrate/Glints2/dict_0007_0072.uasset" 10531
"../../../Engine/Content/EngineMaterials/Substrate/Glints2/dict_0007_0075.uasset" 10532
"../../../Engine/Content/EngineMaterials/Substrate/Glints2/dict_0007_0079.uasset" 10533
"../../../Engine/Content/EngineMaterials/Substrate/Glints2/dict_0007_0085.uasset" 10534
"../../../Engine/Content/EngineMaterials/Substrate/Glints2/dict_0007_0070.uasset" 10535
"../../../Engine/Content/EngineMaterials/Substrate/Glints2/dict_0007_0088.uasset" 10536
"../../../Engine/Content/EngineMaterials/Substrate/Glints2/dict_0007_0089.uasset" 10537
"../../../Engine/Content/EngineMaterials/Substrate/Glints2/dict_0007_0087.uasset" 10538
"/Engine/EngineMaterials/Substrate/Glints2/dict_0007_0068" 10539
"../../../Engine/Content/EngineMaterials/Substrate/Glints2/dict_0007_0092.uasset" 10540
"../../../Engine/Content/EngineMaterials/Substrate/Glints2/dict_0007_0076.uasset" 10541
"../../../Engine/Content/EngineMaterials/Substrate/Glints2/dict_0007_0093.uasset" 10542
"../../../Engine/Content/EngineMaterials/Substrate/Glints2/dict_0007_0078.uasset" 10543
"../../../Engine/Content/EngineMaterials/Substrate/Glints2/dict_0007_0086.uasset" 10544
"../../../Engine/Content/EngineMaterials/Substrate/Glints2/dict_0007_0083.uasset" 10545
"../../../Engine/Content/EngineMaterials/Substrate/Glints2/dict_0007_0090.uasset" 10546
"../../../Engine/Content/EngineMaterials/Substrate/Glints2/dict_0007_0071.uasset" 10547
"../../../Engine/Content/EngineMaterials/Substrate/Glints2/dict_0007_0091.uasset" 10548
"../../../Engine/Content/EngineMaterials/Substrate/Glints2/dict_0007_0094.uasset" 10549
"../../../Engine/Content/EngineMaterials/Substrate/Glints2/dict_0007_0074.uasset" 10550
"../../../Engine/Content/EngineMaterials/Substrate/Glints2/dict_0007_0084.uasset" 10551
"/Engine/EngineMaterials/Substrate/Glints2/dict_0007_0067" 10552
"/Engine/EngineMaterials/Substrate/Glints2/dict_0007_0066" 10553
"/Engine/EngineMaterials/Substrate/Glints2/dict_0007_0065" 10554
"/Engine/EngineMaterials/Substrate/Glints2/dict_0007_0064" 10555
"/Engine/EngineMaterials/Substrate/Glints2/dict_0007_0063" 10556
"../../../Engine/Content/EngineMaterials/Substrate/Glints2/dict_0007_0098.uasset" 10557
"../../../Engine/Content/EngineMaterials/Substrate/Glints2/dict_0007_0097.uasset" 10558
"../../../Engine/Content/EngineMaterials/Substrate/Glints2/dict_0007_0099.uasset" 10559
"/Engine/EngineMaterials/Substrate/Glints2/dict_0007_0094" 10560
"../../../Engine/Content/EngineMaterials/Substrate/Glints2/dict_0007_0100.uasset" 10561
"../../../Engine/Content/EngineMaterials/Substrate/Glints2/dict_0007_0096.uasset" 10562
"../../../Engine/Content/EngineMaterials/Substrate/Glints2/dict_0007_0095.uasset" 10563
"../../../Engine/Content/EngineMaterials/Substrate/Glints2/dict_0007_0101.uasset" 10564
"/Engine/EngineMaterials/Substrate/Glints2/dict_0007_0093" 10565
"/Engine/EngineMaterials/Substrate/Glints2/dict_0007_0092" 10566
"/Engine/EngineMaterials/Substrate/Glints2/dict_0007_0091" 10567
"/Engine/EngineMaterials/Substrate/Glints2/dict_0007_0090" 10568
"/Engine/EngineMaterials/Substrate/Glints2/dict_0007_0089" 10569
"/Engine/EngineMaterials/Substrate/Glints2/dict_0007_0088" 10570
"/Engine/EngineMaterials/Substrate/Glints2/dict_0007_0087" 10571
"/Engine/EngineMaterials/Substrate/Glints2/dict_0007_0086" 10572
"/Engine/EngineMaterials/Substrate/Glints2/dict_0007_0085" 10573
"/Engine/EngineMaterials/Substrate/Glints2/dict_0007_0084" 10574
"/Engine/EngineMaterials/Substrate/Glints2/dict_0007_0083" 10575
"/Engine/EngineMaterials/Substrate/Glints2/dict_0007_0082" 10576
"/Engine/EngineMaterials/Substrate/Glints2/dict_0007_0081" 10577
"/Engine/EngineMaterials/Substrate/Glints2/dict_0007_0080" 10578
"/Engine/EngineMaterials/Substrate/Glints2/dict_0007_0079" 10579
"/Engine/EngineMaterials/Substrate/Glints2/dict_0007_0078" 10580
"/Engine/EngineMaterials/Substrate/Glints2/dict_0007_0077" 10581
"/Engine/EngineMaterials/Substrate/Glints2/dict_0007_0076" 10582
"/Engine/EngineMaterials/Substrate/Glints2/dict_0007_0075" 10583
"/Engine/EngineMaterials/Substrate/Glints2/dict_0007_0074" 10584
"/Engine/EngineMaterials/Substrate/Glints2/dict_0007_0073" 10585
"/Engine/EngineMaterials/Substrate/Glints2/dict_0007_0072" 10586
"/Engine/EngineMaterials/Substrate/Glints2/dict_0007_0071" 10587
"/Engine/EngineMaterials/Substrate/Glints2/dict_0007_0070" 10588
"../../../Engine/Content/EngineMaterials/Substrate/Glints2/dict_0007_0105.uasset" 10589
"../../../Engine/Content/EngineMaterials/Substrate/Glints2/dict_0007_0104.uasset" 10590
"../../../Engine/Content/EngineMaterials/Substrate/Glints2/dict_0007_0108.uasset" 10591
"../../../Engine/Content/EngineMaterials/Substrate/Glints2/dict_0007_0116.uasset" 10592
"../../../Engine/Content/EngineMaterials/Substrate/Glints2/dict_0007_0109.uasset" 10593
"../../../Engine/Content/EngineMaterials/Substrate/Glints2/dict_0007_0102.uasset" 10594
"../../../Engine/Content/EngineMaterials/Substrate/Glints2/dict_0007_0119.uasset" 10595
"../../../Engine/Content/EngineMaterials/Substrate/Glints2/dict_0007_0103.uasset" 10596
"../../../Engine/Content/EngineMaterials/Substrate/Glints2/dict_0007_0118.uasset" 10597
"../../../Engine/Content/EngineMaterials/Substrate/Glints2/dict_0007_0115.uasset" 10598
"../../../Engine/Content/EngineMaterials/Substrate/Glints2/dict_0007_0107.uasset" 10599
"../../../Engine/Content/EngineMaterials/Substrate/Glints2/dict_0007_0106.uasset" 10600
"../../../Engine/Content/EngineMaterials/Substrate/Glints2/dict_0007_0113.uasset" 10601
"../../../Engine/Content/EngineMaterials/Substrate/Glints2/dict_0007_0111.uasset" 10602
"../../../Engine/Content/EngineMaterials/Substrate/Glints2/dict_0007_0117.uasset" 10603
"../../../Engine/Content/EngineMaterials/Substrate/Glints2/dict_0007_0125.uasset" 10604
"../../../Engine/Content/EngineMaterials/Substrate/Glints2/dict_0007_0114.uasset" 10605
"../../../Engine/Content/EngineMaterials/Substrate/Glints2/dict_0007_0123.uasset" 10606
"../../../Engine/Content/EngineMaterials/Substrate/Glints2/dict_0007_0122.uasset" 10607
"../../../Engine/Content/EngineMaterials/Substrate/Glints2/dict_0007_0126.uasset" 10608
"/Engine/EngineMaterials/Substrate/Glints2/dict_0007_0101" 10609
"../../../Engine/Content/EngineMaterials/Substrate/Glints2/dict_0007_0121.uasset" 10610
"../../../Engine/Content/EngineMaterials/Substrate/Glints2/dict_0007_0112.uasset" 10611
"../../../Engine/Content/EngineMaterials/Substrate/Glints2/dict_0007_0110.uasset" 10612
"../../../Engine/Content/EngineMaterials/Substrate/Glints2/dict_0007_0124.uasset" 10613
"../../../Engine/Content/EngineMaterials/Substrate/Glints2/dict_0007_0120.uasset" 10614
"/Engine/EngineMaterials/Substrate/Glints2/dict_0007_0100" 10615
"/Engine/EngineMaterials/Substrate/Glints2/dict_0007_0099" 10616
"/Engine/EngineMaterials/Substrate/Glints2/dict_0007_0098" 10617
"/Engine/EngineMaterials/Substrate/Glints2/dict_0007_0097" 10618
"/Engine/EngineMaterials/Substrate/Glints2/dict_0007_0096" 10619
"/Engine/EngineMaterials/Substrate/Glints2/dict_0007_0095" 10620
"../../../Engine/Content/EngineMaterials/Substrate/Glints2/dict_0007_0127.uasset" 10621
"../../../Engine/Content/EngineMaterials/Substrate/Glints2/dict_0007_0129.uasset" 10622
"../../../Engine/Content/EngineMaterials/Substrate/Glints2/dict_0007_0128.uasset" 10623
"../../../Engine/Content/EngineMaterials/Substrate/Glints2/dict_0007_0130.uasset" 10624
"../../../Engine/Content/EngineMaterials/Substrate/Glints2/dict_0007_0131.uasset" 10625
"/Engine/EngineMaterials/Substrate/Glints2/dict_0007_0126" 10626
"../../../Engine/Content/EngineMaterials/Substrate/Glints2/dict_0007_0133.uasset" 10627
"../../../Engine/Content/EngineMaterials/Substrate/Glints2/dict_0007_0132.uasset" 10628
"/Engine/EngineMaterials/Substrate/Glints2/dict_0007_0125" 10629
"/Engine/EngineMaterials/Substrate/Glints2/dict_0007_0124" 10630
"/Engine/EngineMaterials/Substrate/Glints2/dict_0007_0123" 10631
"/Engine/EngineMaterials/Substrate/Glints2/dict_0007_0122" 10632
"/Engine/EngineMaterials/Substrate/Glints2/dict_0007_0121" 10633
"/Engine/EngineMaterials/Substrate/Glints2/dict_0007_0120" 10634
"/Engine/EngineMaterials/Substrate/Glints2/dict_0007_0119" 10635
"/Engine/EngineMaterials/Substrate/Glints2/dict_0007_0118" 10636
"/Engine/EngineMaterials/Substrate/Glints2/dict_0007_0117" 10637
"/Engine/EngineMaterials/Substrate/Glints2/dict_0007_0116" 10638
"/Engine/EngineMaterials/Substrate/Glints2/dict_0007_0115" 10639
"/Engine/EngineMaterials/Substrate/Glints2/dict_0007_0114" 10640
"/Engine/EngineMaterials/Substrate/Glints2/dict_0007_0113" 10641
"/Engine/EngineMaterials/Substrate/Glints2/dict_0007_0112" 10642
"/Engine/EngineMaterials/Substrate/Glints2/dict_0007_0111" 10643
"/Engine/EngineMaterials/Substrate/Glints2/dict_0007_0110" 10644
"/Engine/EngineMaterials/Substrate/Glints2/dict_0007_0109" 10645
"/Engine/EngineMaterials/Substrate/Glints2/dict_0007_0108" 10646
"/Engine/EngineMaterials/Substrate/Glints2/dict_0007_0107" 10647
"/Engine/EngineMaterials/Substrate/Glints2/dict_0007_0106" 10648
"/Engine/EngineMaterials/Substrate/Glints2/dict_0007_0105" 10649
"/Engine/EngineMaterials/Substrate/Glints2/dict_0007_0104" 10650
"/Engine/EngineMaterials/Substrate/Glints2/dict_0007_0103" 10651
"/Engine/EngineMaterials/Substrate/Glints2/dict_0007_0102" 10652
"../../../Engine/Content/EngineMaterials/Substrate/Glints2/dict_0007_0135.uasset" 10653
"../../../Engine/Content/EngineMaterials/Substrate/Glints2/dict_0007_0139.uasset" 10654
"../../../Engine/Content/EngineMaterials/Substrate/Glints2/dict_0007_0147.uasset" 10655
"../../../Engine/Content/EngineMaterials/Substrate/Glints2/dict_0007_0137.uasset" 10656
"../../../Engine/Content/EngineMaterials/Substrate/Glints2/dict_0007_0144.uasset" 10657
"../../../Engine/Content/EngineMaterials/Substrate/Glints2/dict_0007_0140.uasset" 10658
"../../../Engine/Content/EngineMaterials/Substrate/Glints2/dict_0007_0150.uasset" 10659
"../../../Engine/Content/EngineMaterials/Substrate/Glints2/dict_0007_0151.uasset" 10660
"../../../Engine/Content/EngineMaterials/Substrate/Glints2/dict_0007_0148.uasset" 10661
"../../../Engine/Content/EngineMaterials/Substrate/Glints2/dict_0007_0136.uasset" 10662
"../../../Engine/Content/EngineMaterials/Substrate/Glints2/dict_0007_0153.uasset" 10663
"/Engine/EngineMaterials/Substrate/Glints2/dict_0007_0133" 10664
"../../../Engine/Content/EngineMaterials/Substrate/Glints2/dict_0007_0152.uasset" 10665
"../../../Engine/Content/EngineMaterials/Substrate/Glints2/dict_0007_0141.uasset" 10666
"../../../Engine/Content/EngineMaterials/Substrate/Glints2/dict_0007_0156.uasset" 10667
"../../../Engine/Content/EngineMaterials/Substrate/Glints2/dict_0007_0146.uasset" 10668
"../../../Engine/Content/EngineMaterials/Substrate/Glints2/dict_0007_0157.uasset" 10669
"../../../Engine/Content/EngineMaterials/Substrate/Glints2/dict_0007_0158.uasset" 10670
"../../../Engine/Content/EngineMaterials/Substrate/Glints2/dict_0007_0142.uasset" 10671
"../../../Engine/Content/EngineMaterials/Substrate/Glints2/dict_0007_0145.uasset" 10672
"../../../Engine/Content/EngineMaterials/Substrate/Glints2/dict_0007_0143.uasset" 10673
"../../../Engine/Content/EngineMaterials/Substrate/Glints2/dict_0007_0134.uasset" 10674
"../../../Engine/Content/EngineMaterials/Substrate/Glints2/dict_0007_0138.uasset" 10675
"../../../Engine/Content/EngineMaterials/Substrate/Glints2/dict_0007_0154.uasset" 10676
"../../../Engine/Content/EngineMaterials/Substrate/Glints2/dict_0007_0155.uasset" 10677
"../../../Engine/Content/EngineMaterials/Substrate/Glints2/dict_0007_0149.uasset" 10678
"/Engine/EngineMaterials/Substrate/Glints2/dict_0007_0132" 10679
"/Engine/EngineMaterials/Substrate/Glints2/dict_0007_0131" 10680
"/Engine/EngineMaterials/Substrate/Glints2/dict_0007_0130" 10681
"/Engine/EngineMaterials/Substrate/Glints2/dict_0007_0129" 10682
"/Engine/EngineMaterials/Substrate/Glints2/dict_0007_0128" 10683
"/Engine/EngineMaterials/Substrate/Glints2/dict_0007_0127" 10684
"../../../Engine/Content/EngineMaterials/Substrate/Glints2/dict_0007_0159.uasset" 10685
"../../../Engine/Content/EngineMaterials/Substrate/Glints2/dict_0007_0160.uasset" 10686
"../../../Engine/Content/EngineMaterials/Substrate/Glints2/dict_0007_0165.uasset" 10687
"../../../Engine/Content/EngineMaterials/Substrate/Glints2/dict_0007_0164.uasset" 10688
"../../../Engine/Content/EngineMaterials/Substrate/Glints2/dict_0007_0163.uasset" 10689
"/Engine/EngineMaterials/Substrate/Glints2/dict_0007_0158" 10690
"../../../Engine/Content/EngineMaterials/Substrate/Glints2/dict_0007_0162.uasset" 10691
"../../../Engine/Content/EngineMaterials/Substrate/Glints2/dict_0007_0161.uasset" 10692
"/Engine/EngineMaterials/Substrate/Glints2/dict_0007_0157" 10693
"/Engine/EngineMaterials/Substrate/Glints2/dict_0007_0156" 10694
"/Engine/EngineMaterials/Substrate/Glints2/dict_0007_0155" 10695
"/Engine/EngineMaterials/Substrate/Glints2/dict_0007_0154" 10696
"/Engine/EngineMaterials/Substrate/Glints2/dict_0007_0153" 10697
"/Engine/EngineMaterials/Substrate/Glints2/dict_0007_0152" 10698
"/Engine/EngineMaterials/Substrate/Glints2/dict_0007_0151" 10699
"/Engine/EngineMaterials/Substrate/Glints2/dict_0007_0150" 10700
"/Engine/EngineMaterials/Substrate/Glints2/dict_0007_0149" 10701
"/Engine/EngineMaterials/Substrate/Glints2/dict_0007_0148" 10702
"/Engine/EngineMaterials/Substrate/Glints2/dict_0007_0147" 10703
"/Engine/EngineMaterials/Substrate/Glints2/dict_0007_0146" 10704
"/Engine/EngineMaterials/Substrate/Glints2/dict_0007_0145" 10705
"/Engine/EngineMaterials/Substrate/Glints2/dict_0007_0144" 10706
"/Engine/EngineMaterials/Substrate/Glints2/dict_0007_0143" 10707
"/Engine/EngineMaterials/Substrate/Glints2/dict_0007_0142" 10708
"/Engine/EngineMaterials/Substrate/Glints2/dict_0007_0141" 10709
"/Engine/EngineMaterials/Substrate/Glints2/dict_0007_0140" 10710
"/Engine/EngineMaterials/Substrate/Glints2/dict_0007_0139" 10711
"/Engine/EngineMaterials/Substrate/Glints2/dict_0007_0138" 10712
"/Engine/EngineMaterials/Substrate/Glints2/dict_0007_0137" 10713
"/Engine/EngineMaterials/Substrate/Glints2/dict_0007_0136" 10714
"/Engine/EngineMaterials/Substrate/Glints2/dict_0007_0135" 10715
"/Engine/EngineMaterials/Substrate/Glints2/dict_0007_0134" 10716
"../../../Engine/Content/EngineMaterials/Substrate/Glints2/dict_0007_0166.uasset" 10717
"../../../Engine/Content/EngineMaterials/Substrate/Glints2/dict_0007_0168.uasset" 10718
"../../../Engine/Content/EngineMaterials/Substrate/Glints2/dict_0007_0167.uasset" 10719
"../../../Engine/Content/EngineMaterials/Substrate/Glints2/dict_0007_0177.uasset" 10720
"../../../Engine/Content/EngineMaterials/Substrate/Glints2/dict_0007_0176.uasset" 10721
"../../../Engine/Content/EngineMaterials/Substrate/Glints2/dict_0007_0182.uasset" 10722
"../../../Engine/Content/EngineMaterials/Substrate/Glints2/dict_0007_0174.uasset" 10723
"../../../Engine/Content/EngineMaterials/Substrate/Glints2/dict_0007_0173.uasset" 10724
"../../../Engine/Content/EngineMaterials/Substrate/Glints2/dict_0007_0169.uasset" 10725
"../../../Engine/Content/EngineMaterials/Substrate/Glints2/dict_0007_0184.uasset" 10726
"../../../Engine/Content/EngineMaterials/Substrate/Glints2/dict_0007_0180.uasset" 10727
"../../../Engine/Content/EngineMaterials/Substrate/Glints2/dict_0007_0189.uasset" 10728
"../../../Engine/Content/EngineMaterials/Substrate/Glints2/dict_0007_0188.uasset" 10729
"../../../Engine/Content/EngineMaterials/Substrate/Glints2/dict_0007_0172.uasset" 10730
"../../../Engine/Content/EngineMaterials/Substrate/Glints2/dict_0007_0187.uasset" 10731
"../../../Engine/Content/EngineMaterials/Substrate/Glints2/dict_0007_0181.uasset" 10732
"../../../Engine/Content/EngineMaterials/Substrate/Glints2/dict_0007_0171.uasset" 10733
"../../../Engine/Content/EngineMaterials/Substrate/Glints2/dict_0007_0175.uasset" 10734
"../../../Engine/Content/EngineMaterials/Substrate/Glints2/dict_0007_0190.uasset" 10735
"../../../Engine/Content/EngineMaterials/Substrate/Glints2/dict_0007_0170.uasset" 10736
"../../../Engine/Content/EngineMaterials/Substrate/Glints2/dict_0007_0183.uasset" 10737
"/Engine/EngineMaterials/Substrate/Glints2/dict_0007_0165" 10738
"../../../Engine/Content/EngineMaterials/Substrate/Glints2/dict_0007_0178.uasset" 10739
"../../../Engine/Content/EngineMaterials/Substrate/Glints2/dict_0007_0185.uasset" 10740
"../../../Engine/Content/EngineMaterials/Substrate/Glints2/dict_0007_0186.uasset" 10741
"../../../Engine/Content/EngineMaterials/Substrate/Glints2/dict_0007_0179.uasset" 10742
"/Engine/EngineMaterials/Substrate/Glints2/dict_0007_0164" 10743
"/Engine/EngineMaterials/Substrate/Glints2/dict_0007_0163" 10744
"/Engine/EngineMaterials/Substrate/Glints2/dict_0007_0162" 10745
"/Engine/EngineMaterials/Substrate/Glints2/dict_0007_0161" 10746
"/Engine/EngineMaterials/Substrate/Glints2/dict_0007_0160" 10747
"/Engine/EngineMaterials/Substrate/Glints2/dict_0007_0159" 10748
"../../../Engine/Content/EngineMaterials/Substrate/Glints2/dict_0007_0191.uasset" 10749
"../../../Engine/Content/EngineMaterials/Substrate/Glints2/dict_0007_0193.uasset" 10750
"../../../Engine/Content/EngineMaterials/Substrate/Glints2/dict_0007_0195.uasset" 10751
"../../../Engine/Content/EngineMaterials/Substrate/Glints2/dict_0007_0197.uasset" 10752
"../../../Engine/Content/EngineMaterials/Substrate/Glints2/dict_0007_0192.uasset" 10753
"../../../Engine/Content/EngineMaterials/Substrate/Glints2/dict_0007_0194.uasset" 10754
"/Engine/EngineMaterials/Substrate/Glints2/dict_0007_0190" 10755
"../../../Engine/Content/EngineMaterials/Substrate/Glints2/dict_0007_0196.uasset" 10756
"/Engine/EngineMaterials/Substrate/Glints2/dict_0007_0189" 10757
"/Engine/EngineMaterials/Substrate/Glints2/dict_0007_0188" 10758
"/Engine/EngineMaterials/Substrate/Glints2/dict_0007_0187" 10759
"/Engine/EngineMaterials/Substrate/Glints2/dict_0007_0186" 10760
"/Engine/EngineMaterials/Substrate/Glints2/dict_0007_0185" 10761
"/Engine/EngineMaterials/Substrate/Glints2/dict_0007_0184" 10762
"/Engine/EngineMaterials/Substrate/Glints2/dict_0007_0183" 10763
"/Engine/EngineMaterials/Substrate/Glints2/dict_0007_0182" 10764
"/Engine/EngineMaterials/Substrate/Glints2/dict_0007_0181" 10765
"/Engine/EngineMaterials/Substrate/Glints2/dict_0007_0180" 10766
"/Engine/EngineMaterials/Substrate/Glints2/dict_0007_0179" 10767
"/Engine/EngineMaterials/Substrate/Glints2/dict_0007_0178" 10768
"/Engine/EngineMaterials/Substrate/Glints2/dict_0007_0177" 10769
"/Engine/EngineMaterials/Substrate/Glints2/dict_0007_0176" 10770
"/Engine/EngineMaterials/Substrate/Glints2/dict_0007_0175" 10771
"/Engine/EngineMaterials/Substrate/Glints2/dict_0007_0174" 10772
"/Engine/EngineMaterials/Substrate/Glints2/dict_0007_0173" 10773
"/Engine/EngineMaterials/Substrate/Glints2/dict_0007_0172" 10774
"/Engine/EngineMaterials/Substrate/Glints2/dict_0007_0171" 10775
"/Engine/EngineMaterials/Substrate/Glints2/dict_0007_0170" 10776
"/Engine/EngineMaterials/Substrate/Glints2/dict_0007_0169" 10777
"/Engine/EngineMaterials/Substrate/Glints2/dict_0007_0168" 10778
"/Engine/EngineMaterials/Substrate/Glints2/dict_0007_0167" 10779
"/Engine/EngineMaterials/Substrate/Glints2/dict_0007_0166" 10780
"../../../Engine/Content/EngineMaterials/Substrate/Glints2/dict_0007_0205.uasset" 10781
"../../../Engine/Content/EngineMaterials/Substrate/Glints2/dict_0007_0198.uasset" 10782
"../../../Engine/Content/EngineMaterials/Substrate/Glints2/dict_0007_0212.uasset" 10783
"../../../Engine/Content/EngineMaterials/Substrate/Glints2/dict_0007_0206.uasset" 10784
"../../../Engine/Content/EngineMaterials/Substrate/Glints2/dict_0007_0200.uasset" 10785
"../../../Engine/Content/EngineMaterials/Substrate/Glints2/dict_0007_0201.uasset" 10786
"../../../Engine/Content/EngineMaterials/Substrate/Glints2/dict_0007_0208.uasset" 10787
"../../../Engine/Content/EngineMaterials/Substrate/Glints2/dict_0007_0214.uasset" 10788
"../../../Engine/Content/EngineMaterials/Substrate/Glints2/dict_0007_0215.uasset" 10789
"../../../Engine/Content/EngineMaterials/Substrate/Glints2/dict_0007_0202.uasset" 10790
"../../../Engine/Content/EngineMaterials/Substrate/Glints2/dict_0007_0211.uasset" 10791
"../../../Engine/Content/EngineMaterials/Substrate/Glints2/dict_0007_0216.uasset" 10792
"../../../Engine/Content/EngineMaterials/Substrate/Glints2/dict_0007_0218.uasset" 10793
"../../../Engine/Content/EngineMaterials/Substrate/Glints2/dict_0007_0210.uasset" 10794
"../../../Engine/Content/EngineMaterials/Substrate/Glints2/dict_0007_0217.uasset" 10795
"../../../Engine/Content/EngineMaterials/Substrate/Glints2/dict_0007_0203.uasset" 10796
"../../../Engine/Content/EngineMaterials/Substrate/Glints2/dict_0007_0221.uasset" 10797
"../../../Engine/Content/EngineMaterials/Substrate/Glints2/dict_0007_0220.uasset" 10798
"../../../Engine/Content/EngineMaterials/Substrate/Glints2/dict_0007_0204.uasset" 10799
"../../../Engine/Content/EngineMaterials/Substrate/Glints2/dict_0007_0222.uasset" 10800
"../../../Engine/Content/EngineMaterials/Substrate/Glints2/dict_0007_0207.uasset" 10801
"/Engine/EngineMaterials/Substrate/Glints2/dict_0007_0197" 10802
"../../../Engine/Content/EngineMaterials/Substrate/Glints2/dict_0007_0199.uasset" 10803
"../../../Engine/Content/EngineMaterials/Substrate/Glints2/dict_0007_0209.uasset" 10804
"../../../Engine/Content/EngineMaterials/Substrate/Glints2/dict_0007_0213.uasset" 10805
"../../../Engine/Content/EngineMaterials/Substrate/Glints2/dict_0007_0219.uasset" 10806
"/Engine/EngineMaterials/Substrate/Glints2/dict_0007_0196" 10807
"/Engine/EngineMaterials/Substrate/Glints2/dict_0007_0195" 10808
"/Engine/EngineMaterials/Substrate/Glints2/dict_0007_0194" 10809
"/Engine/EngineMaterials/Substrate/Glints2/dict_0007_0193" 10810
"/Engine/EngineMaterials/Substrate/Glints2/dict_0007_0192" 10811
"/Engine/EngineMaterials/Substrate/Glints2/dict_0007_0191" 10812
"/Engine/EngineMaterials/Substrate/Glints2/dict_0007_0222" 10813
"../../../Engine/Content/EngineMaterials/Substrate/Glints2/dict_0007_0228.uasset" 10814
"../../../Engine/Content/EngineMaterials/Substrate/Glints2/dict_0007_0225.uasset" 10815
"../../../Engine/Content/EngineMaterials/Substrate/Glints2/dict_0007_0226.uasset" 10816
"../../../Engine/Content/EngineMaterials/Substrate/Glints2/dict_0007_0227.uasset" 10817
"../../../Engine/Content/EngineMaterials/Substrate/Glints2/dict_0007_0224.uasset" 10818
"../../../Engine/Content/EngineMaterials/Substrate/Glints2/dict_0007_0223.uasset" 10819
"../../../Engine/Content/EngineMaterials/Substrate/Glints2/dict_0007_0229.uasset" 10820
"/Engine/EngineMaterials/Substrate/Glints2/dict_0007_0221" 10821
"/Engine/EngineMaterials/Substrate/Glints2/dict_0007_0220" 10822
"/Engine/EngineMaterials/Substrate/Glints2/dict_0007_0219" 10823
"/Engine/EngineMaterials/Substrate/Glints2/dict_0007_0218" 10824
"/Engine/EngineMaterials/Substrate/Glints2/dict_0007_0217" 10825
"/Engine/EngineMaterials/Substrate/Glints2/dict_0007_0216" 10826
"/Engine/EngineMaterials/Substrate/Glints2/dict_0007_0215" 10827
"/Engine/EngineMaterials/Substrate/Glints2/dict_0007_0214" 10828
"/Engine/EngineMaterials/Substrate/Glints2/dict_0007_0213" 10829
"/Engine/EngineMaterials/Substrate/Glints2/dict_0007_0212" 10830
"/Engine/EngineMaterials/Substrate/Glints2/dict_0007_0211" 10831
"/Engine/EngineMaterials/Substrate/Glints2/dict_0007_0210" 10832
"/Engine/EngineMaterials/Substrate/Glints2/dict_0007_0209" 10833
"/Engine/EngineMaterials/Substrate/Glints2/dict_0007_0208" 10834
"/Engine/EngineMaterials/Substrate/Glints2/dict_0007_0207" 10835
"/Engine/EngineMaterials/Substrate/Glints2/dict_0007_0206" 10836
"/Engine/EngineMaterials/Substrate/Glints2/dict_0007_0205" 10837
"/Engine/EngineMaterials/Substrate/Glints2/dict_0007_0204" 10838
"/Engine/EngineMaterials/Substrate/Glints2/dict_0007_0203" 10839
"/Engine/EngineMaterials/Substrate/Glints2/dict_0007_0202" 10840
"/Engine/EngineMaterials/Substrate/Glints2/dict_0007_0201" 10841
"/Engine/EngineMaterials/Substrate/Glints2/dict_0007_0200" 10842
"/Engine/EngineMaterials/Substrate/Glints2/dict_0007_0199" 10843
"/Engine/EngineMaterials/Substrate/Glints2/dict_0007_0198" 10844
"../../../Engine/Content/EngineMaterials/Substrate/Glints2/dict_0007_0232.uasset" 10845
"../../../Engine/Content/EngineMaterials/Substrate/Glints2/dict_0007_0231.uasset" 10846
"../../../Engine/Content/EngineMaterials/Substrate/Glints2/dict_0007_0240.uasset" 10847
"../../../Engine/Content/EngineMaterials/Substrate/Glints2/dict_0007_0237.uasset" 10848
"../../../Engine/Content/EngineMaterials/Substrate/Glints2/dict_0007_0236.uasset" 10849
"../../../Engine/Content/EngineMaterials/Substrate/Glints2/dict_0007_0233.uasset" 10850
"../../../Engine/Content/EngineMaterials/Substrate/Glints2/dict_0007_0235.uasset" 10851
"../../../Engine/Content/EngineMaterials/Substrate/Glints2/dict_0007_0246.uasset" 10852
"../../../Engine/Content/EngineMaterials/Substrate/Glints2/dict_0007_0245.uasset" 10853
"../../../Engine/Content/EngineMaterials/Substrate/Glints2/dict_0007_0238.uasset" 10854
"../../../Engine/Content/EngineMaterials/Substrate/Glints2/dict_0007_0249.uasset" 10855
"../../../Engine/Content/EngineMaterials/Substrate/Glints2/dict_0007_0247.uasset" 10856
"../../../Engine/Content/EngineMaterials/Substrate/Glints2/dict_0007_0234.uasset" 10857
"../../../Engine/Content/EngineMaterials/Substrate/Glints2/dict_0007_0250.uasset" 10858
"../../../Engine/Content/EngineMaterials/Substrate/Glints2/dict_0007_0241.uasset" 10859
"../../../Engine/Content/EngineMaterials/Substrate/Glints2/dict_0007_0252.uasset" 10860
"../../../Engine/Content/EngineMaterials/Substrate/Glints2/dict_0007_0253.uasset" 10861
"../../../Engine/Content/EngineMaterials/Substrate/Glints2/dict_0007_0230.uasset" 10862
"../../../Engine/Content/EngineMaterials/Substrate/Glints2/dict_0007_0254.uasset" 10863
"../../../Engine/Content/EngineMaterials/Substrate/Glints2/dict_0007_0243.uasset" 10864
"../../../Engine/Content/EngineMaterials/Substrate/Glints2/dict_0007_0239.uasset" 10865
"../../../Engine/Content/EngineMaterials/Substrate/Glints2/dict_0007_0242.uasset" 10866
"/Engine/EngineMaterials/Substrate/Glints2/dict_0007_0229" 10867
"../../../Engine/Content/EngineMaterials/Substrate/Glints2/dict_0007_0248.uasset" 10868
"../../../Engine/Content/EngineMaterials/Substrate/Glints2/dict_0007_0251.uasset" 10869
"../../../Engine/Content/EngineMaterials/Substrate/Glints2/dict_0007_0244.uasset" 10870
"/Engine/EngineMaterials/Substrate/Glints2/dict_0007_0228" 10871
"/Engine/EngineMaterials/Substrate/Glints2/dict_0007_0227" 10872
"/Engine/EngineMaterials/Substrate/Glints2/dict_0007_0226" 10873
"/Engine/EngineMaterials/Substrate/Glints2/dict_0007_0225" 10874
"/Engine/EngineMaterials/Substrate/Glints2/dict_0007_0224" 10875
"/Engine/EngineMaterials/Substrate/Glints2/dict_0007_0223" 10876
"../../../Engine/Content/EngineMaterials/Substrate/Glints2/dict_0007_0255.uasset" 10877
"../../../Engine/Content/EngineMaterials/Substrate/Glints2/AGlintTex2dArray2.uasset" 10878
"../../../Engine/Content/EngineMaterials/Substrate/Volume/SubstrateSimpleVolumeLUT3D.uasset" 10879
"../../../Engine/Content/EngineMaterials/Substrate/Volume/SubstrateSimpleVolumeLUT2D.uasset" 10880
"/Engine/EngineMaterials/Substrate/Glints2/dict_0007_0254" 10881
"../../../Engine/Content/EngineMaterials/Substrate/Volume/SubstrateSimpleVolumeEnvLUT2D.uasset" 10882
"../../../Engine/Content/EngineMaterials/Substrate/Volume/SubstrateSimpleVolumeEnvLUT3D.uasset" 10883
"../../../Engine/Content/EngineMaterials/DefaultCalibrationColor.uasset" 10884
"/Engine/EngineMaterials/Substrate/Glints2/dict_0007_0253" 10885
"/Engine/EngineMaterials/Substrate/Glints2/dict_0007_0252" 10886
"/Engine/EngineMaterials/Substrate/Glints2/dict_0007_0251" 10887
"/Engine/EngineMaterials/Substrate/Glints2/dict_0007_0250" 10888
"/Engine/EngineMaterials/Substrate/Glints2/dict_0007_0249" 10889
"/Engine/EngineMaterials/Substrate/Glints2/dict_0007_0248" 10890
"/Engine/EngineMaterials/Substrate/Glints2/dict_0007_0247" 10891
"/Engine/EngineMaterials/Substrate/Glints2/dict_0007_0246" 10892
"/Engine/EngineMaterials/Substrate/Glints2/dict_0007_0245" 10893
"/Engine/EngineMaterials/Substrate/Glints2/dict_0007_0244" 10894
"/Engine/EngineMaterials/Substrate/Glints2/dict_0007_0243" 10895
"/Engine/EngineMaterials/Substrate/Glints2/dict_0007_0242" 10896
"/Engine/EngineMaterials/Substrate/Glints2/dict_0007_0241" 10897
"/Engine/EngineMaterials/Substrate/Glints2/dict_0007_0240" 10898
"/Engine/EngineMaterials/Substrate/Glints2/dict_0007_0239" 10899
"/Engine/EngineMaterials/Substrate/Glints2/dict_0007_0238" 10900
"/Engine/EngineMaterials/Substrate/Glints2/dict_0007_0237" 10901
"/Engine/EngineMaterials/Substrate/Glints2/dict_0007_0236" 10902
"/Engine/EngineMaterials/Substrate/Glints2/dict_0007_0235" 10903
"/Engine/EngineMaterials/Substrate/Glints2/dict_0007_0234" 10904
"/Engine/EngineMaterials/Substrate/Glints2/dict_0007_0233" 10905
"/Engine/EngineMaterials/Substrate/Glints2/dict_0007_0232" 10906
"/Engine/EngineMaterials/Substrate/Glints2/dict_0007_0231" 10907
"/Engine/EngineMaterials/Substrate/Glints2/dict_0007_0230" 10908
"../../../Engine/Content/EngineMaterials/PPM_DefaultCalibrationColor.uasset" 10909
"../../../Engine/Plugins/NNE/NNEDenoiser/Content/NNEDIM_HighQuality_Alpha.uasset" 10910
"../../../Engine/Content/EngineMaterials/PPM_DefaultCalibrationGrayscale.uasset" 10911
"../../../Engine/Plugins/NNE/NNEDenoiser/Content/NNEDIM_ColorAlbedoNormal_Default.uasset" 10912
"../../../Engine/Content/Functions/Engine_MaterialFunctions03/Procedurals/HeightToNormalSmooth.uasset" 10913
"../../../Engine/Plugins/NNE/NNEDenoiser/Content/NNEDIM_HighQuality_Default.uasset" 10914
"../../../Engine/Plugins/NNE/NNEDenoiser/Content/NNEDTOM_Output_Alpha.uasset" 10915
"../../../Engine/Plugins/NNE/NNEDenoiser/Content/NNEDTIM_ColorAlbedoNormal_Alpha.uasset" 10916
"../../../Engine/Plugins/NNE/NNEDenoiser/Content/NNEDT_Oidn2-3_Balanced.uasset" 10917
"../../../Engine/Plugins/NNE/NNEDenoiser/Content/NNEDTOM_Output_Default.uasset" 10918
"../../../Engine/Plugins/NNE/NNEDenoiser/Content/NNED_Oidn2-3_Balanced.uasset" 10919
"../../../Engine/Plugins/Interchange/Assets/Content/Functions/MX_Surface.uasset" 10920
"/Engine/EngineMaterials/DefaultCalibrationColor" 10921
"../../../Engine/Plugins/NNE/NNEDenoiser/Content/NNEDIM_ColorAlbedoNormal_Alpha.uasset" 10922
"../../../Engine/Plugins/NNE/NNEDenoiser/Content/NNED_Oidn2-3_Balanced_Alpha.uasset" 10923
"../../../Engine/Plugins/NNE/NNEDenoiser/Content/NNEDTIM_ColorAlbedoNormal_Default.uasset" 10924
"../../../Engine/Plugins/NNE/NNEDenoiser/Content/NNED_Oidn2-3_Fast.uasset" 10925
"../../../Engine/Content/Functions/Engine_MaterialFunctions02/Utility/BlendAngleCorrectedNormals.uasset" 10926
"../../../Engine/Plugins/NNE/NNEDenoiser/Content/NNED_Oidn2-3_HighQuality.uasset" 10927
"../../../Engine/Plugins/NNE/NNEDenoiser/Content/NNEDOM_Output_Alpha.uasset" 10928
"../../../Engine/Plugins/NNE/NNEDenoiser/Content/NNEDT_Oidn2-3_Balanced_Alpha.uasset" 10929
"../../../Engine/Plugins/NNE/NNEDenoiser/Content/NNEDOM_Output_Default.uasset" 10930
"../../../Engine/Content/Functions/MaterialLayerFunctions/MatLayerBlend_OverrideOpacity.uasset" 10931
"../../../Engine/Plugins/NNE/NNEDenoiser/Content/NNED_Oidn2-3_Fast_Alpha.uasset" 10932
"../../../Engine/Content/EngineMaterials/DefaultCalibrationGrayscale.uasset" 10933
"../../../Engine/Plugins/Interchange/Assets/Content/Functions/MX_Displacement.uasset" 10934
"/Engine/EngineMaterials/Substrate/Volume/SubstrateSimpleVolumeEnvLUT3D" 10935
"/Engine/EngineMaterials/Substrate/Volume/SubstrateSimpleVolumeLUT3D" 10936
"/Engine/EngineMaterials/Substrate/Glints2/AGlintTex2dArray2" 10937
"/NNEDenoiser/NNEDIM_HighQuality_Alpha" 10938
"/Engine/EngineMaterials/PPM_DefaultCalibrationColor" 10939
"../../../Engine/Plugins/NNE/NNEDenoiser/Content/NNE_oidn2-3-0_rt_hdr_calb_cnrm_large__dyn__fp16_opset11_DenoiseAlpha.uasset" 10940
"../../../Engine/Plugins/NNE/NNEDenoiser/Content/NNED_Oidn2-3_HighQuality_Alpha.uasset" 10941
"/NNEDenoiser/NNED_Oidn2-3_HighQuality" 10942
"../../../Engine/Plugins/NNE/NNEDenoiser/Content/NNE_oidn2-3-0_rt_hdr_alb_nrm_small__dyn__fp16_opset11_DenoiseAlpha.uasset" 10943
"../../../Engine/Plugins/NNE/NNEDenoiser/Content/NNE_oidn2-3-0_rt_hdr_alb_nrm__dyn__fp16_opset11_DenoiseAlpha.uasset" 10944
"../../../Engine/Plugins/NNE/NNEDenoiser/Content/NNE_oidn2-3-0_rt_hdr_alb_nrm__dyn__fp16_opset11_ForwardAlpha.uasset" 10945
"../../../Engine/Plugins/NNE/NNEDenoiser/Content/NNE_oidn2-3-0_rt_hdr_alb_nrm_small__dyn__fp16_opset11_ForwardAlpha.uasset" 10946
"../../../Engine/Plugins/NNE/NNEDenoiser/Content/NNE_oidn2-3-0_rt_hdr_calb_cnrm_large__dyn__fp16_opset11_ForwardAlpha.uasset" 10947
"/NNEDenoiser/NNED_Oidn2-3_Fast_Alpha" 10948
"/NNEDenoiser/NNED_Oidn2-3_Fast" 10949
"/NNEDenoiser/NNED_Oidn2-3_Balanced_Alpha" 10950
"/NNEDenoiser/NNED_Oidn2-3_Balanced" 10951
"/NNEDenoiser/NNEDT_Oidn2-3_Balanced_Alpha" 10952
"/NNEDenoiser/NNEDT_Oidn2-3_Balanced" 10953
"/NNEDenoiser/NNEDTOM_Output_Default" 10954
"/NNEDenoiser/NNEDTOM_Output_Alpha" 10955
"/NNEDenoiser/NNEDTIM_ColorAlbedoNormal_Default" 10956
"/NNEDenoiser/NNEDTIM_ColorAlbedoNormal_Alpha" 10957
"/NNEDenoiser/NNEDOM_Output_Default" 10958
"/NNEDenoiser/NNEDOM_Output_Alpha" 10959
"/NNEDenoiser/NNEDIM_HighQuality_Default" 10960
"/NNEDenoiser/NNEDIM_ColorAlbedoNormal_Default" 10961
"/NNEDenoiser/NNEDIM_ColorAlbedoNormal_Alpha" 10962
"/InterchangeAssets/Functions/MX_Displacement" 10963
"/InterchangeAssets/Functions/MX_Surface" 10964
"/Engine/EngineMaterials/PPM_DefaultCalibrationGrayscale" 10965
"/NNEDenoiser/NNE_oidn2-3-0_rt_hdr_calb_cnrm_large__dyn__fp16_opset11_ForwardAlpha" 10966
"/NNEDenoiser/NNE_oidn2-3-0_rt_hdr_calb_cnrm_large__dyn__fp16_opset11_DenoiseAlpha" 10967
"/NNEDenoiser/NNE_oidn2-3-0_rt_hdr_alb_nrm__dyn__fp16_opset11_ForwardAlpha" 10968
"/NNEDenoiser/NNE_oidn2-3-0_rt_hdr_alb_nrm__dyn__fp16_opset11_DenoiseAlpha" 10969
"/NNEDenoiser/NNE_oidn2-3-0_rt_hdr_alb_nrm_small__dyn__fp16_opset11_ForwardAlpha" 10970
"/NNEDenoiser/NNE_oidn2-3-0_rt_hdr_alb_nrm_small__dyn__fp16_opset11_DenoiseAlpha" 10971
"/NNEDenoiser/NNED_Oidn2-3_HighQuality_Alpha" 10972
"D:/CG/UE/VFX01/Slime/Intermediate/ORTOptimizerPass_Optimized3D3E099C4A4DA46C533E9E8FA1893667.onnx" 10973
"D:/CG/UE/VFX01/Slime/Intermediate/ORTOptimizerPass_Optimized584FD95642EECAEC058795A83E552F05.onnx" 10974
"D:/CG/UE/VFX01/Slime/Intermediate/ORTOptimizerPass_OptimizedB17E541048709B79212FE98AE7F975BC.onnx" 10975
"D:/CG/UE/VFX01/Slime/Intermediate/ORTOptimizerPass_Optimized05784E344D71F70D5D7752A7A9C23D73.onnx" 10976
"D:/CG/UE/VFX01/Slime/Intermediate/ORTOptimizerPass_Optimized11844D5B414E0747BE8BB18450C0FC70.onnx" 10977
"D:/CG/UE/VFX01/Slime/Intermediate/ORTOptimizerPass_Optimized332212584AFFBB41123231941F6B0EBD.onnx" 10978
"D:/CG/UE/VFX01/Slime/Intermediate/ORTOptimizerPass_Optimized8865D7684E5D7DA112A235A78AE8A18A.onnx" 10979
"D:/CG/UE/VFX01/Slime/Intermediate/ORTOptimizerPass_Optimized35548CB5458F475981E72EB04CDE26CE.onnx" 10980
"D:/CG/UE/VFX01/Slime/Intermediate/ORTOptimizerPass_Optimized88C710FF4337CB802C6103A2722845B3.onnx" 10981
"D:/CG/UE/VFX01/Slime/Intermediate/ORTOptimizerPass_OptimizedE411DCCA45E6FBFB2C84698E85225AF3.onnx" 10982
"D:/CG/UE/VFX01/Slime/Intermediate/ORTOptimizerPass_Optimized146287B2496060032385CA9A925024F3.onnx" 10983
"D:/CG/UE/VFX01/Slime/Intermediate/ORTOptimizerPass_OptimizedF7007319425D1466E96622806B7B8AA7.onnx" 10984
"../../../Engine/Content/EditorResources/BSPVertex.uasset" 10985
"D:/CG/UE/VFX01/Slime/DerivedDataCache/VT/TEXTURE_7C16439390E24F1F9468894FB4D4BC55_VTCHUNK44B429B40BB45A070EB17C1259C28734996A2F49" 10986
"D:/CG/UE/VFX01/Slime/DerivedDataCache/VT/TEXTURE_7C16439390E24F1F9468894FB4D4BC55_VTCHUNK967C747FFC357A828288FA05D93CD5DCECDA891B" 10987
"D:/CG/UE/VFX01/Slime/DerivedDataCache/VT/TEXTURE_7C16439390E24F1F9468894FB4D4BC55_VTCHUNK2A5F9F60441DA258D18B46D59C64D5BAD50E8EE3" 10988
"D:/CG/UE/VFX01/Slime/DerivedDataCache/VT/TEXTURE_7C16439390E24F1F9468894FB4D4BC55_VTCHUNKC0393DE8C5B4673D99D1BECB92AA8C1F72FEB491" 10989
"D:/CG/UE/VFX01/Slime/DerivedDataCache/VT/TEXTURE_7C16439390E24F1F9468894FB4D4BC55_VTCHUNK02D4C3BCAD7DFA48AB32B8281FB06B8B83DB6275" 10990
"../../../Engine/Content/EngineMaterials/DefaultBloomKernel.uasset" 10991
"../../../Engine/Content/EngineResources/Development/ZenLogo_64.uasset" 10992
"../../../Engine/Content/EngineDebugMaterials/DebugEditorMaterial.uasset" 10993
"../../../Engine/Content/EngineMaterials/FastBlueNoise_scalar_128x128x64.uasset" 10994
"../../../Engine/Content/EngineSounds/Master.uasset" 10995
"../../../Engine/Content/EngineMaterials/EnergyConservation/Sheen_Energy.uasset" 10996
"../../../Engine/Content/EngineMaterials/FastBlueNoise_vec2_128x128x64.uasset" 10997
"../../../Engine/Plugins/Interchange/Runtime/Content/Pipelines/DefaultGLTFAssetsPipeline.uasset" 10998
"/Engine/EditorResources/BSPVertex" 10999
"../../../Engine/Plugins/Interchange/Runtime/Content/Pipelines/DefaultMaterialXPipeline.uasset" 11000
"../../../Engine/Plugins/Interchange/Runtime/Content/Pipelines/DefaultGLTFPipeline.uasset" 11001
"../../../Engine/Content/EngineMaterials/LTC/Sheen_LTC.uasset" 11002
"../../../Engine/Plugins/Interchange/Runtime/Content/Pipelines/DefaultSceneAssetsPipeline.uasset" 11003
"../../../Engine/Content/EngineMaterials/EnergyConservation/Diffuse_Energy.uasset" 11004
"../../../Engine/Content/EngineMaterials/FastBlueNoise_scalar_128x128x8.uasset" 11005
"../../../Engine/Plugins/Interchange/Runtime/Content/Pipelines/DefaultGLTFSceneAssetsPipeline.uasset" 11006
"../../../Engine/Plugins/Interchange/Runtime/Content/Pipelines/DefaultTexturePipeline.uasset" 11007
"../../../Engine/Plugins/Interchange/Assets/Content/Functions/MX_UsdPreviewSurface.uasset" 11008
"../../../Engine/Plugins/Interchange/Assets/Content/Functions/MX_OrenNayarBSDF.uasset" 11009
"../../../Engine/Plugins/Interchange/Assets/Content/Functions/MX_TranslucentBSDF.uasset" 11010
"../../../Engine/Plugins/Interchange/Assets/Content/Functions/MX_ConductorBSDF.uasset" 11011
"../../../Engine/Plugins/Interchange/Assets/Content/Functions/MX_DielectricBSDF.uasset" 11012
"../../../Engine/Plugins/Interchange/Runtime/Content/Pipelines/DefaultSceneLevelPipeline.uasset" 11013
"../../../Engine/Plugins/Interchange/Assets/Content/Functions/MX_SurfaceUnlit.uasset" 11014
"../../../Engine/Plugins/Interchange/Assets/Content/Functions/MX_BurleyDiffuseBSDF.uasset" 11015
"../../../Engine/Plugins/Interchange/Assets/Content/Functions/MX_SubsurfaceBSDF.uasset" 11016
"../../../Engine/Plugins/Interchange/Assets/Content/Functions/MX_GeneralizedSchlickBSDF.uasset" 11017
"../../../Engine/Plugins/Interchange/Assets/Content/Functions/MX_SheenBSDF.uasset" 11018
"../../../Engine/Content/EngineResources/FilmGrains/Marcie_Grain_v3_128_M2_000.uasset" 11019
"../../../Engine/Plugins/Interchange/Runtime/Content/Pipelines/DefaultMaterialPipeline.uasset" 11020
"../../../Engine/Plugins/Interchange/Assets/Content/Functions/MX_ThinFilmBSDF.uasset" 11021
"../../../Engine/Plugins/Interchange/Runtime/Content/Pipelines/DefaultAssetsPipeline.uasset" 11022
"../../../Engine/Plugins/Interchange/Assets/Content/Functions/MX_UniformEDF.uasset" 11023
"/InterchangeAssets/Functions/MX_SubsurfaceBSDF" 11024
"/InterchangeAssets/Functions/MX_GeneralizedSchlickBSDF" 11025
"/InterchangeAssets/Functions/MX_ConductorBSDF" 11026
"/InterchangeAssets/Functions/MX_DielectricBSDF" 11027
"/InterchangeAssets/Functions/MX_TranslucentBSDF" 11028
"/InterchangeAssets/Functions/MX_BurleyDiffuseBSDF" 11029
"/InterchangeAssets/Functions/MX_OrenNayarBSDF" 11030
"/InterchangeAssets/Functions/MX_UsdPreviewSurface" 11031
"/InterchangeAssets/Functions/MX_SurfaceUnlit" 11032
"/InterchangeAssets/Functions/MX_ThinFilmBSDF" 11033
"/InterchangeAssets/Functions/MX_SheenBSDF" 11034
"/Engine/EngineMaterials/FastBlueNoise_scalar_128x128x8" 11035
"/Engine/EngineMaterials/FastBlueNoise_scalar_128x128x64" 11036
"/Engine/EngineDebugMaterials/DebugEditorMaterial" 11037
"/Interchange/Pipelines/DefaultGLTFSceneAssetsPipeline" 11038
"/Interchange/Pipelines/DefaultSceneLevelPipeline" 11039
"/Interchange/Pipelines/DefaultSceneAssetsPipeline" 11040
"/Engine/EngineResources/Development/ZenLogo_64" 11041
"/Engine/EngineResources/FilmGrains/Marcie_Grain_v3_128_M2_000" 11042
"/Interchange/Pipelines/DefaultTexturePipeline" 11043
"/Interchange/Pipelines/DefaultMaterialPipeline" 11044
"/Engine/EngineMaterials/DefaultBloomKernel" 11045
"/Interchange/Pipelines/DefaultGLTFPipeline" 11046
"/Interchange/Pipelines/DefaultGLTFAssetsPipeline" 11047
"/Interchange/Pipelines/DefaultMaterialXPipeline" 11048
"/Interchange/Pipelines/DefaultAssetsPipeline" 11049
"/Engine/EngineSounds/Master" 11050
"/Engine/EngineMaterials/EnergyConservation/Diffuse_Energy" 11051
"/Engine/EngineMaterials/EnergyConservation/Sheen_Energy" 11052
"/Engine/EngineMaterials/LTC/Sheen_LTC" 11053
"/Engine/EngineMaterials/FastBlueNoise_vec2_128x128x64" 11054
"/InterchangeAssets/Functions/MX_UniformEDF" 11055
"../../../Engine/Plugins/Animation/ControlRig/Content/Controls/ControlRigGizmoMaterial.uasset" 11056
"../../../Engine/Plugins/Interchange/Assets/Content/Functions/MX_AbsorptionVDF.uasset" 11057
"../../../Engine/Plugins/Interchange/Assets/Content/Functions/MX_AnisotropicVDF.uasset" 11058
"../../../Engine/Plugins/Interchange/Assets/Content/Functions/MX_MeasuredEDF.uasset" 11059
"../../../Engine/Plugins/Interchange/Assets/Content/Functions/MX_ConicalEDF.uasset" 11060
"/ControlRig/Controls/ControlRigGizmoMaterial" 11061
"/InterchangeAssets/Functions/MX_AnisotropicVDF" 11062
"/InterchangeAssets/Functions/MX_AbsorptionVDF" 11063
"/InterchangeAssets/Functions/MX_MeasuredEDF" 11064
"/InterchangeAssets/Functions/MX_ConicalEDF" 11065
"D:/CG/UE/VFX01/Slime/Saved/Cooked/Windows/Slime/Metadata/CookedSettings.txt" 11066
